row_id,CV_fold
11330,0
19310,0
4087,0
21323,0
13152,0
1541,0
24881,0
29655,0
22244,0
17714,0
2126,0
18396,0
17094,0
7646,0
14732,0
14378,0
17814,0
4076,0
6476,0
20198,0
8368,0
27837,0
12698,0
24225,0
13367,0
23460,0
16993,0
4710,0
17507,0
19536,0
12040,0
16829,0
3834,0
9544,0
2532,0
4782,0
7429,0
28804,0
14617,0
3443,0
11115,0
8796,0
24804,0
9299,0
16914,0
16196,0
3305,0
10849,0
12798,0
23047,0
28178,0
19693,0
5107,0
21021,0
3769,0
3922,0
14122,0
26068,0
29033,0
3079,0
29500,0
29636,0
27377,0
12459,0
26279,0
29511,0
17826,0
17536,0
5060,0
18169,0
28036,0
11713,0
17825,0
8922,0
12080,0
7186,0
10161,0
3462,0
13834,0
7725,0
19680,0
21037,0
5312,0
21966,0
27523,0
5510,0
11870,0
16949,0
28437,0
12981,0
20330,0
5512,0
20734,0
29986,0
17678,0
11764,0
9201,0
15157,0
18065,0
23646,0
14891,0
1131,0
21223,0
5053,0
14657,0
5244,0
25223,0
11882,0
2389,0
25997,0
13269,0
4550,0
11520,0
7546,0
19230,0
24946,0
5265,0
21140,0
25758,0
24084,0
13364,0
21215,0
28391,0
22943,0
4206,0
15205,0
8507,0
3288,0
4633,0
14775,0
4881,0
2789,0
3540,0
20791,0
7367,0
20297,0
22155,0
2019,0
18395,0
10252,0
23033,0
10903,0
27279,0
15118,0
6275,0
20889,0
11987,0
12863,0
10653,0
23584,0
18070,0
26795,0
16106,0
29408,0
1736,0
16045,0
2608,0
24724,0
8336,0
18417,0
2290,0
12475,0
24673,0
1833,0
12690,0
11982,0
274,0
2058,0
27321,0
24170,0
3189,0
16942,0
17550,0
4332,0
16804,0
15808,0
14367,0
4352,0
10820,0
13710,0
10049,0
13709,0
1436,0
23479,0
9812,0
28375,0
16816,0
21582,0
14754,0
27779,0
26229,0
21844,0
9512,0
1789,0
6052,0
2,0
13268,0
6551,0
9546,0
24811,0
11667,0
11655,0
5596,0
21934,0
10288,0
17286,0
29136,0
23297,0
26857,0
2456,0
5779,0
21842,0
6615,0
28451,0
10284,0
17498,0
11073,0
12392,0
6837,0
4174,0
16318,0
23586,0
24562,0
27280,0
21953,0
14510,0
12467,0
2012,0
27899,0
14358,0
16419,0
11380,0
11020,0
10966,0
18771,0
27571,0
14806,0
4446,0
752,0
13077,0
9451,0
11949,0
18704,0
13564,0
459,0
16315,0
21026,0
18420,0
22339,0
8660,0
20218,0
5227,0
4003,0
29694,0
27551,0
16715,0
29339,0
27485,0
6688,0
11063,0
12714,0
27315,0
21236,0
15999,0
25787,0
24054,0
25833,0
15269,0
21689,0
22051,0
16728,0
25597,0
20536,0
14232,0
8041,0
27944,0
4937,0
11880,0
21141,0
19022,0
8830,0
23737,0
11751,0
13584,0
18226,0
15034,0
20045,0
13254,0
18985,0
7307,0
12278,0
29687,0
29925,0
19449,0
1646,0
21827,0
2555,0
12264,0
22384,0
18080,0
3446,0
1456,0
14322,0
2047,0
5435,0
3263,0
3182,0
13791,0
27305,0
1398,0
22727,0
6677,0
13365,0
22151,0
15071,0
6394,0
9741,0
22421,0
15758,0
24817,0
8067,0
13597,0
16206,0
14925,0
3714,0
14540,0
17723,0
24476,0
12220,0
24181,0
20124,0
23181,0
29735,0
6567,0
27119,0
28858,0
9690,0
29180,0
8050,0
9173,0
14933,0
27767,0
25272,0
8209,0
21084,0
26977,0
12116,0
11275,0
22215,0
22672,0
22870,0
8280,0
9457,0
16534,0
23204,0
23306,0
5922,0
13898,0
25320,0
17099,0
8906,0
8191,0
22146,0
2199,0
9630,0
8381,0
27408,0
5752,0
10790,0
25063,0
1026,0
12677,0
8853,0
15828,0
18126,0
3704,0
3508,0
15272,0
21413,0
2916,0
10486,0
3567,0
26914,0
19833,0
27099,0
2982,0
24504,0
17432,0
22946,0
27599,0
498,0
23860,0
12715,0
21908,0
28949,0
29930,0
15474,0
7431,0
20098,0
17491,0
19368,0
9692,0
1883,0
21497,0
10905,0
23814,0
15434,0
12509,0
4212,0
28346,0
14938,0
12689,0
7887,0
19592,0
21412,0
22891,0
13653,0
17002,0
816,0
23211,0
7435,0
24799,0
29883,0
27863,0
27940,0
16615,0
21954,0
12171,0
18714,0
12614,0
26104,0
12787,0
14002,0
15271,0
3137,0
1477,0
26322,0
6756,0
16881,0
793,0
1620,0
29643,0
23625,0
13554,0
24993,0
26230,0
28066,0
7033,0
1668,0
13951,0
16998,0
19937,0
28246,0
14166,0
23085,0
5632,0
22884,0
14268,0
13253,0
12781,0
3782,0
15625,0
28292,0
25235,0
6137,0
11587,0
21538,0
2029,0
27242,0
6768,0
13520,0
20997,0
21193,0
4315,0
19934,0
19140,0
27731,0
12825,0
28084,0
7717,0
2998,0
10374,0
7554,0
11689,0
6993,0
2000,0
2730,0
21138,0
13738,0
4721,0
4260,0
18481,0
8885,0
269,0
3820,0
21179,0
1330,0
14465,0
21376,0
3604,0
25999,0
22,0
26955,0
29809,0
26745,0
622,0
21565,0
5991,0
2181,0
12999,0
5774,0
18588,0
8074,0
23787,0
2963,0
14557,0
15231,0
17069,0
15817,0
3249,0
29908,0
4258,0
4268,0
3421,0
2224,0
14090,0
10914,0
23525,0
16438,0
25377,0
29682,0
17218,0
13448,0
17842,0
15025,0
6695,0
11546,0
7386,0
25067,0
17384,0
11686,0
10650,0
1124,0
29572,0
13921,0
24689,0
11030,0
25770,0
10981,0
18499,0
13482,0
26573,0
13640,0
17689,0
12130,0
1940,0
3215,0
16546,0
26555,0
24435,0
5448,0
3546,0
7563,0
13728,0
8644,0
1236,0
25451,0
17771,0
18913,0
7253,0
16369,0
25266,0
10392,0
13882,0
2946,0
18903,0
26926,0
15302,0
2277,0
12840,0
27587,0
3426,0
28395,0
7844,0
17905,0
20935,0
20526,0
28415,0
26385,0
20446,0
2525,0
323,0
15298,0
28830,0
3434,0
20942,0
21758,0
7789,0
26117,0
26290,0
24279,0
1968,0
9223,0
23429,0
26649,0
27653,0
19988,0
1027,0
2917,0
20021,0
12388,0
19178,0
4912,0
3139,0
9613,0
15007,0
14996,0
21274,0
11026,0
24438,0
14738,0
19431,0
15023,0
28745,0
28833,0
4294,0
6644,0
27562,0
18317,0
17368,0
11307,0
13445,0
13549,0
6950,0
12413,0
27252,0
15723,0
12747,0
12670,0
2846,0
20213,0
25195,0
1273,0
2679,0
8943,0
11355,0
7873,0
7428,0
8300,0
6868,0
3163,0
4481,0
16159,0
17150,0
5071,0
16361,0
23675,0
5791,0
27067,0
14693,0
24894,0
7442,0
8709,0
557,0
29966,0
22654,0
8832,0
6774,0
12911,0
29553,0
12856,0
18067,0
12172,0
4748,0
10807,0
22915,0
8174,0
26705,0
27128,0
23883,0
17262,0
2576,0
747,0
9352,0
13505,0
14152,0
19529,0
6637,0
22693,0
17211,0
9373,0
3222,0
19906,0
25537,0
16259,0
12635,0
1052,0
8768,0
16752,0
27211,0
18959,0
11021,0
23126,0
11384,0
1862,0
27225,0
4717,0
8937,0
4116,0
21947,0
5308,0
16078,0
22087,0
21115,0
2009,0
17537,0
16275,0
3580,0
25455,0
16640,0
9585,0
4935,0
3550,0
12662,0
22611,0
3941,0
4521,0
21761,0
23516,0
5369,0
10481,0
25050,0
26687,0
15486,0
22618,0
15152,0
486,0
10444,0
1512,0
8945,0
29326,0
3517,0
6417,0
1494,0
6310,0
8167,0
19567,0
7426,0
20638,0
20105,0
9159,0
22651,0
27457,0
18107,0
13327,0
1980,0
9407,0
15779,0
11729,0
23034,0
21913,0
9614,0
7243,0
1786,0
21003,0
979,0
5065,0
1593,0
19015,0
20152,0
14015,0
18332,0
15174,0
6581,0
28611,0
848,0
19332,0
27453,0
10296,0
11665,0
14000,0
1070,0
11054,0
23131,0
17371,0
28693,0
11392,0
374,0
26239,0
26724,0
11858,0
4656,0
29061,0
2890,0
15090,0
17882,0
8731,0
17552,0
22012,0
23595,0
8528,0
8673,0
516,0
11485,0
2269,0
25633,0
29488,0
19846,0
26204,0
5663,0
7407,0
14912,0
19591,0
17582,0
11714,0
26381,0
25084,0
29098,0
1800,0
20282,0
23059,0
27468,0
8708,0
11789,0
21579,0
21024,0
677,0
16300,0
6924,0
6828,0
23193,0
12276,0
11478,0
13328,0
4971,0
19281,0
18345,0
15325,0
12887,0
6036,0
17939,0
8330,0
15956,0
13963,0
21315,0
6800,0
28015,0
17696,0
9694,0
27773,0
24753,0
4328,0
1950,0
23194,0
6203,0
24592,0
11558,0
12857,0
10248,0
29792,0
20542,0
21425,0
16634,0
11881,0
1413,0
12050,0
2476,0
25364,0
5334,0
6019,0
17232,0
23816,0
7948,0
20512,0
7971,0
20711,0
27146,0
25428,0
25880,0
6461,0
4044,0
12379,0
25257,0
20370,0
25967,0
19264,0
14679,0
29907,0
5280,0
6421,0
17938,0
11483,0
10946,0
22802,0
518,0
29,0
8928,0
11469,0
24884,0
21865,0
28795,0
28654,0
3099,0
10451,0
8391,0
25297,0
28587,0
2677,0
29285,0
18313,0
23439,0
6960,0
19665,0
3888,0
14191,0
630,0
8995,0
6848,0
7300,0
29233,0
10405,0
10846,0
23698,0
21622,0
14952,0
16160,0
6296,0
15572,0
29288,0
18077,0
20500,0
19084,0
1308,0
9998,0
22722,0
25213,0
85,0
21117,0
19618,0
7569,0
27501,0
12945,0
2635,0
2392,0
18367,0
23535,0
3156,0
3114,0
20855,0
24496,0
15775,0
4637,0
5061,0
16396,0
12332,0
25083,0
11299,0
19179,0
24281,0
22855,0
12175,0
21371,0
26271,0
2431,0
17107,0
6199,0
3735,0
18049,0
4616,0
11950,0
16110,0
20485,0
1395,0
9056,0
16479,0
28892,0
7000,0
29088,0
24186,0
8514,0
23676,0
29438,0
690,0
11303,0
9454,0
8176,0
21749,0
3342,0
17843,0
19628,0
19813,0
4234,0
3745,0
15875,0
29528,0
16521,0
15365,0
3748,0
4944,0
11574,0
20138,0
16156,0
9618,0
3774,0
11514,0
4438,0
27156,0
13722,0
9852,0
8916,0
4753,0
9908,0
27000,0
4341,0
14852,0
4266,0
2173,0
26640,0
7532,0
24029,0
10035,0
29992,0
29416,0
20629,0
1939,0
14217,0
23838,0
5537,0
7230,0
17415,0
403,0
13197,0
1365,0
9824,0
10172,0
28425,0
12189,0
11565,0
29388,0
1849,0
8040,0
8374,0
23419,0
17455,0
5894,0
24810,0
22173,0
26733,0
11444,0
21012,0
26024,0
9185,0
6264,0
24149,0
11428,0
22707,0
5201,0
3515,0
12121,0
6535,0
21837,0
16091,0
20046,0
10553,0
27673,0
23770,0
24924,0
19868,0
26685,0
13613,0
19709,0
29878,0
2275,0
12079,0
28664,0
657,0
1922,0
15979,0
10585,0
3390,0
13686,0
20610,0
18496,0
11272,0
13108,0
21877,0
9455,0
8628,0
17364,0
23444,0
259,0
17741,0
17478,0
5267,0
27308,0
14907,0
9197,0
27355,0
28927,0
9138,0
17340,0
6903,0
9971,0
7964,0
2782,0
5031,0
12875,0
13468,0
27224,0
11890,0
10567,0
28139,0
13042,0
5904,0
1462,0
5923,0
23709,0
6765,0
3845,0
28394,0
18724,0
4547,0
23825,0
5943,0
3461,0
13139,0
26076,0
13076,0
29633,0
13127,0
18043,0
4,0
26854,0
5974,0
6240,0
9847,0
18987,0
20998,0
3070,0
15785,0
26294,0
22868,0
25696,0
724,0
17479,0
11995,0
29801,0
5134,0
22785,0
13543,0
17055,0
13527,0
27423,0
12561,0
15141,0
19804,0
3266,0
6398,0
17821,0
10178,0
21205,0
1959,0
29932,0
14750,0
9955,0
16757,0
5417,0
1576,0
19141,0
16298,0
16070,0
23252,0
3144,0
27820,0
12429,0
10788,0
19252,0
8542,0
23916,0
15221,0
15359,0
10115,0
12933,0
8068,0
11954,0
23170,0
5784,0
27480,0
5154,0
9381,0
7992,0
5598,0
19494,0
11799,0
29712,0
16157,0
29880,0
10165,0
5087,0
19251,0
22665,0
9477,0
22673,0
26589,0
19765,0
24369,0
20168,0
4716,0
18798,0
26688,0
11595,0
27379,0
16608,0
29224,0
10632,0
5751,0
5892,0
5797,0
16916,0
20172,0
11282,0
27754,0
13804,0
6519,0
3548,0
20030,0
17322,0
5399,0
3503,0
1258,0
2953,0
28658,0
23218,0
1284,0
24097,0
19822,0
16434,0
25916,0
23887,0
345,0
29025,0
14602,0
3360,0
21217,0
23795,0
4696,0
19005,0
26736,0
25110,0
27526,0
9717,0
13400,0
12184,0
17272,0
3270,0
14407,0
5535,0
3822,0
27872,0
28577,0
10958,0
2897,0
22296,0
28345,0
21668,0
9382,0
27550,0
15396,0
1604,0
15134,0
27634,0
10752,0
17466,0
17057,0
25649,0
9867,0
4545,0
23443,0
10259,0
24116,0
17108,0
25739,0
16963,0
10803,0
22009,0
7568,0
19983,0
7524,0
16719,0
24516,0
116,0
17418,0
25686,0
26166,0
3684,0
19478,0
16035,0
18708,0
16910,0
9181,0
28842,0
19291,0
3456,0
14848,0
12570,0
22732,0
16252,0
2272,0
11318,0
16015,0
20596,0
20406,0
16227,0
12029,0
8,0
11932,0
21488,0
6684,0
5918,0
29592,0
9523,0
13290,0
298,0
6772,0
20478,0
5565,0
3830,0
29949,0
2902,0
10792,0
1908,0
4429,0
648,0
7820,0
15755,0
27512,0
5191,0
26444,0
23182,0
22657,0
23924,0
15147,0
10468,0
11376,0
23076,0
11394,0
25796,0
12535,0
13684,0
4791,0
14808,0
21546,0
9764,0
6132,0
29083,0
27273,0
28348,0
17828,0
948,0
11797,0
18023,0
25849,0
9294,0
22388,0
14403,0
25448,0
11566,0
5522,0
12215,0
839,0
11424,0
26036,0
19458,0
21746,0
13665,0
17310,0
25685,0
608,0
12565,0
2861,0
8029,0
14039,0
4842,0
1857,0
15384,0
6667,0
3683,0
23798,0
16058,0
25878,0
23571,0
21064,0
28844,0
6917,0
14854,0
10750,0
732,0
898,0
19852,0
10892,0
5770,0
8353,0
25416,0
9786,0
12361,0
8017,0
9269,0
17078,0
7972,0
28060,0
16042,0
14666,0
11737,0
19725,0
190,0
7906,0
22624,0
6034,0
1739,0
17748,0
12640,0
12018,0
26356,0
27770,0
10916,0
2923,0
26446,0
19459,0
21122,0
18639,0
9414,0
4191,0
20607,0
9412,0
4166,0
12855,0
7672,0
14296,0
27988,0
15946,0
23315,0
19424,0
3921,0
5406,0
13518,0
21608,0
17961,0
28240,0
15983,0
28297,0
1963,0
2970,0
7112,0
2534,0
4875,0
3218,0
7472,0
8196,0
16428,0
29786,0
3856,0
21036,0
8192,0
13446,0
27518,0
11974,0
29798,0
23143,0
27055,0
16671,0
26099,0
25929,0
9161,0
17159,0
20023,0
11742,0
22363,0
12345,0
16358,0
29613,0
3596,0
2396,0
21126,0
22898,0
15751,0
29459,0
1590,0
12743,0
1569,0
12033,0
16512,0
7155,0
17906,0
27200,0
25827,0
20621,0
16079,0
14681,0
24910,0
20793,0
20454,0
17572,0
18604,0
19112,0
966,0
3388,0
19875,0
872,0
13910,0
10791,0
15675,0
11455,0
13544,0
18937,0
7059,0
12963,0
10937,0
17066,0
18969,0
6148,0
17022,0
8510,0
26959,0
15511,0
1694,0
3081,0
16093,0
12260,0
22992,0
29686,0
6362,0
3688,0
9750,0
15892,0
13886,0
12724,0
27875,0
4424,0
189,0
26463,0
16535,0
24747,0
12483,0
29230,0
14111,0
1610,0
1427,0
10947,0
23404,0
13143,0
8882,0
1728,0
25178,0
26592,0
7738,0
27601,0
25932,0
14181,0
2829,0
17584,0
23065,0
24216,0
7770,0
21136,0
21303,0
286,0
16492,0
6482,0
25381,0
7136,0
19038,0
23361,0
12466,0
21555,0
29109,0
23839,0
868,0
12444,0
7069,0
9680,0
4245,0
14392,0
5207,0
14112,0
25996,0
7202,0
10991,0
3130,0
2044,0
950,0
29531,0
7497,0
12132,0
5047,0
8421,0
21633,0
25303,0
18074,0
28389,0
24191,0
21491,0
12617,0
14259,0
930,0
29950,0
2693,0
24730,0
22444,0
17075,0
19548,0
7168,0
27346,0
19649,0
9780,0
9640,0
22207,0
5340,0
26545,0
13895,0
18525,0
19714,0
15406,0
2842,0
5707,0
24781,0
7274,0
27617,0
1194,0
16683,0
7963,0
8802,0
2296,0
29001,0
20139,0
6407,0
5444,0
6279,0
984,0
11772,0
22642,0
16405,0
20559,0
18769,0
26132,0
22114,0
22419,0
4851,0
1679,0
9975,0
23449,0
8645,0
19123,0
24484,0
24599,0
26954,0
7969,0
28775,0
15254,0
28881,0
8398,0
1765,0
860,0
6267,0
26777,0
8108,0
6388,0
26440,0
27630,0
6669,0
20815,0
23334,0
12694,0
8867,0
22351,0
22867,0
1346,0
19012,0
10346,0
10260,0
28377,0
25532,0
9141,0
12324,0
3772,0
28143,0
10765,0
26946,0
27110,0
14135,0
4250,0
25129,0
10005,0
4666,0
24886,0
11416,0
14600,0
13947,0
29659,0
5072,0
23452,0
7223,0
7788,0
28124,0
1197,0
17639,0
14427,0
23221,0
17330,0
6265,0
13514,0
7364,0
26398,0
28432,0
7888,0
12668,0
17406,0
18303,0
11177,0
13924,0
2745,0
15508,0
8721,0
9823,0
14505,0
621,0
11136,0
25349,0
21974,0
17265,0
15813,0
19541,0
8475,0
5493,0
14858,0
18931,0
4499,0
28616,0
16550,0
10852,0
11386,0
5578,0
24699,0
23521,0
15912,0
26913,0
8877,0
21696,0
23206,0
12452,0
5276,0
1690,0
18426,0
10492,0
13615,0
29165,0
14171,0
9830,0
12892,0
1549,0
6579,0
20068,0
24226,0
1783,0
22963,0
5478,0
23116,0
2209,0
6604,0
15004,0
9077,0
9266,0
20346,0
17910,0
3091,0
6652,0
16290,0
4131,0
27799,0
13567,0
21713,0
6846,0
25398,0
23869,0
2549,0
6483,0
3220,0
7561,0
18258,0
5297,0
3213,0
26417,0
7283,0
15540,0
8668,0
863,0
16973,0
3427,0
21049,0
8720,0
13435,0
9047,0
619,0
7669,0
16115,0
8615,0
29797,0
24403,0
5209,0
24471,0
55,0
23362,0
27487,0
8978,0
3826,0
19025,0
13658,0
12323,0
27255,0
18370,0
10356,0
15624,0
10394,0
26821,0
29626,0
17090,0
5339,0
14901,0
4119,0
27064,0
12234,0
11600,0
4452,0
28560,0
11601,0
18662,0
14871,0
17315,0
24714,0
28306,0
4980,0
18185,0
16352,0
8960,0
29017,0
27663,0
13438,0
21717,0
25304,0
17835,0
29387,0
14546,0
12941,0
23891,0
3368,0
22571,0
22397,0
21724,0
978,0
21186,0
10648,0
19167,0
12778,0
19562,0
10548,0
4431,0
25574,0
9189,0
19226,0
19750,0
27009,0
29734,0
18068,0
13971,0
8252,0
133,0
2878,0
28828,0
25749,0
27307,0
6606,0
19867,0
1648,0
12883,0
7846,0
6323,0
1735,0
13450,0
6051,0
12422,0
14360,0
5097,0
10168,0
13154,0
10950,0
20103,0
4403,0
1063,0
21083,0
4850,0
3259,0
17411,0
14142,0
21517,0
28117,0
13255,0
14095,0
24513,0
3442,0
10101,0
16639,0
8262,0
19173,0
20620,0
23522,0
12827,0
7018,0
26189,0
23533,0
21478,0
7212,0
23639,0
28071,0
13772,0
29771,0
16084,0
11623,0
7152,0
21725,0
24949,0
2768,0
7384,0
3608,0
23752,0
6919,0
7610,0
1792,0
18215,0
11857,0
16725,0
7229,0
1995,0
10174,0
7419,0
22811,0
20684,0
28120,0
2118,0
28620,0
26069,0
1955,0
16661,0
21264,0
20392,0
3972,0
10462,0
7512,0
14842,0
4247,0
14241,0
18432,0
9329,0
4456,0
22482,0
6671,0
2221,0
20200,0
23344,0
17986,0
16563,0
27010,0
12607,0
19441,0
22183,0
28252,0
3367,0
563,0
21045,0
1619,0
27326,0
8631,0
7097,0
2040,0
10659,0
14908,0
18453,0
17221,0
28295,0
18009,0
19065,0
14221,0
5405,0
3418,0
26143,0
12477,0
19508,0
18946,0
20368,0
7689,0
26824,0
16004,0
9689,0
12816,0
27491,0
16628,0
1005,0
18817,0
23880,0
11297,0
19212,0
24202,0
28378,0
11598,0
26309,0
7118,0
20341,0
12380,0
12974,0
5027,0
13870,0
7215,0
1296,0
10132,0
14079,0
29296,0
14124,0
23203,0
14483,0
17768,0
148,0
27153,0
23407,0
316,0
13557,0
22374,0
6748,0
19324,0
9410,0
24024,0
10917,0
1558,0
20813,0
2408,0
27629,0
11810,0
23751,0
16513,0
16583,0
28723,0
3086,0
12046,0
10706,0
18027,0
2823,0
22903,0
5792,0
25984,0
11749,0
21620,0
15671,0
14246,0
28905,0
19103,0
9221,0
4927,0
27107,0
16648,0
23372,0
11404,0
23991,0
8939,0
876,0
19572,0
10048,0
21878,0
20127,0
20015,0
28951,0
27746,0
12106,0
28299,0
9620,0
25761,0
28174,0
24999,0
15538,0
18076,0
26211,0
18142,0
10211,0
1000,0
6136,0
5270,0
11778,0
14767,0
21834,0
24507,0
8884,0
1607,0
3923,0
15057,0
350,0
699,0
7149,0
25391,0
11467,0
13607,0
11669,0
6141,0
21850,0
8042,0
8985,0
25503,0
2720,0
10011,0
11440,0
24351,0
29336,0
22982,0
20768,0
20207,0
24596,0
19145,0
3649,0
24577,0
21495,0
21656,0
11502,0
4142,0
3230,0
28868,0
23722,0
15175,0
20155,0
18852,0
14359,0
9565,0
2411,0
19157,0
13153,0
18036,0
1954,0
29073,0
24275,0
7262,0
3860,0
19580,0
7622,0
3239,0
23356,0
27966,0
6086,0
16003,0
1387,0
426,0
20946,0
11439,0
3457,0
11447,0
16059,0
21406,0
5640,0
7859,0
14490,0
29582,0
1699,0
23032,0
11554,0
5580,0
18755,0
25141,0
578,0
27755,0
16865,0
1751,0
17949,0
29047,0
18200,0
7135,0
28875,0
23139,0
16332,0
22280,0
13547,0
156,0
29443,0
3092,0
1058,0
19365,0
27440,0
3996,0
3402,0
26937,0
23105,0
14746,0
8352,0
24070,0
6796,0
21225,0
8250,0
17869,0
19827,0
9916,0
7839,0
13056,0
25000,0
19426,0
26245,0
16047,0
23217,0
24005,0
23711,0
21623,0
221,0
1962,0
14921,0
5489,0
25771,0
14210,0
14878,0
13799,0
16278,0
13431,0
17914,0
23216,0
6364,0
5966,0
4552,0
17682,0
21471,0
24370,0
4956,0
145,0
901,0
3414,0
9123,0
5998,0
5977,0
20291,0
4468,0
23448,0
2123,0
13363,0
4319,0
24413,0
6703,0
766,0
8427,0
20511,0
19746,0
10387,0
3340,0
9849,0
22298,0
12965,0
27969,0
390,0
2510,0
3444,0
18570,0
24564,0
6947,0
3528,0
16154,0
23398,0
11074,0
10198,0
18735,0
13315,0
2318,0
17430,0
8512,0
1881,0
13961,0
12588,0
6339,0
15685,0
14230,0
15171,0
20589,0
18743,0
20174,0
24547,0
28111,0
23619,0
12581,0
29869,0
29943,0
25186,0
420,0
13694,0
5164,0
137,0
10294,0
10627,0
19736,0
12322,0
115,0
23793,0
7889,0
29518,0
16659,0
1198,0
11518,0
16339,0
17488,0
9679,0
25693,0
18756,0
7137,0
16211,0
17796,0
14042,0
24996,0
22617,0
21553,0
4648,0
9448,0
11138,0
20264,0
8741,0
1455,0
3751,0
8106,0
6235,0
14316,0
10999,0
22906,0
24621,0
3861,0
11041,0
19979,0
5955,0
1971,0
16714,0
12558,0
14203,0
2385,0
3113,0
2716,0
23154,0
1898,0
12562,0
264,0
27930,0
23900,0
11802,0
29479,0
18828,0
25945,0
5418,0
24813,0
26956,0
29113,0
14428,0
12931,0
16112,0
28915,0
4948,0
1965,0
12064,0
22734,0
25617,0
13110,0
20835,0
19194,0
28797,0
939,0
80,0
9343,0
20971,0
21616,0
15953,0
2302,0
7380,0
13824,0
20898,0
10074,0
1195,0
10855,0
25187,0
20552,0
6600,0
15333,0
24891,0
14652,0
7456,0
24499,0
15381,0
3458,0
17493,0
4706,0
10192,0
3658,0
2567,0
6286,0
1672,0
9160,0
16588,0
19745,0
7275,0
8938,0
11581,0
2158,0
27430,0
18889,0
16043,0
29034,0
13015,0
22449,0
13439,0
4826,0
22629,0
21395,0
12498,0
3293,0
7620,0
28683,0
3178,0
15461,0
27674,0
12592,0
17533,0
12455,0
14149,0
27638,0
3731,0
23002,0
21801,0
21476,0
927,0
14143,0
16627,0
6905,0
26933,0
28805,0
19626,0
29921,0
20894,0
5736,0
11762,0
27131,0
26121,0
19825,0
20576,0
10072,0
6708,0
6248,0
28718,0
24661,0
12919,0
24748,0
15124,0
20361,0
26768,0
21895,0
11541,0
4896,0
28869,0
21358,0
7916,0
10476,0
23117,0
15307,0
937,0
12257,0
8486,0
29162,0
8210,0
25380,0
2895,0
339,0
21660,0
29225,0
24628,0
14638,0
180,0
29031,0
17907,0
10913,0
22379,0
21099,0
28233,0
29785,0
18177,0
26180,0
5012,0
8558,0
3306,0
14991,0
28380,0
28323,0
4428,0
9049,0
21320,0
11087,0
11863,0
17359,0
29063,0
28199,0
7207,0
161,0
17981,0
28624,0
993,0
7541,0
17934,0
8053,0
25556,0
6039,0
6811,0
21391,0
14664,0
22093,0
458,0
12780,0
19610,0
4074,0
9851,0
20459,0
23984,0
18567,0
21202,0
26763,0
7318,0
25417,0
3510,0
11970,0
22704,0
4118,0
18342,0
8624,0
28547,0
3924,0
8563,0
29584,0
6331,0
17373,0
18663,0
26234,0
4755,0
25707,0
12760,0
9784,0
26038,0
28977,0
18479,0
7953,0
20877,0
658,0
5483,0
29713,0
29684,0
5718,0
472,0
19954,0
19049,0
5903,0
16509,0
29746,0
18979,0
15150,0
17052,0
12718,0
29406,0
8151,0
27853,0
3489,0
6387,0
19521,0
8594,0
26325,0
26424,0
5853,0
7977,0
27469,0
27581,0
5463,0
7499,0
3429,0
9298,0
23097,0
7465,0
23275,0
9080,0
27474,0
16281,0
26635,0
13097,0
1367,0
22427,0
27363,0
27353,0
4083,0
18007,0
25030,0
26346,0
29405,0
1771,0
16932,0
18262,0
23867,0
28859,0
10204,0
10400,0
9525,0
7993,0
19555,0
17397,0
302,0
15729,0
22601,0
1947,0
24393,0
27751,0
26316,0
8797,0
13375,0
11159,0
15339,0
27955,0
7829,0
4347,0
26328,0
15746,0
27775,0
492,0
20147,0
21296,0
22565,0
579,0
20981,0
7159,0
26127,0
19131,0
6176,0
15791,0
10302,0
14067,0
5824,0
24869,0
17761,0
15259,0
21847,0
23008,0
3153,0
18888,0
3631,0
20591,0
21091,0
3761,0
3841,0
29523,0
16204,0
1380,0
29014,0
14352,0
16013,0
1539,0
2005,0
27604,0
4737,0
8413,0
8451,0
10769,0
24945,0
29397,0
17402,0
28783,0
21982,0
14091,0
3291,0
7791,0
16032,0
23330,0
23633,0
781,0
11191,0
319,0
18356,0
14229,0
6705,0
6945,0
23408,0
1987,0
1903,0
22808,0
12022,0
28427,0
4361,0
20702,0
25946,0
10561,0
29266,0
9483,0
7177,0
23585,0
1927,0
18257,0
20397,0
6253,0
16269,0
17140,0
8098,0
485,0
12611,0
7942,0
17883,0
695,0
9675,0
2511,0
5544,0
4267,0
28159,0
21757,0
251,0
4991,0
889,0
4569,0
14078,0
4004,0
19744,0
6955,0
3495,0
17651,0
12414,0
21499,0
25383,0
10770,0
23036,0
17425,0
620,0
19556,0
26478,0
8650,0
2864,0
15667,0
14239,0
12003,0
9656,0
3756,0
25864,0
18748,0
25100,0
22386,0
12655,0
14060,0
3120,0
7469,0
11425,0
25913,0
11267,0
4145,0
25332,0
3563,0
26350,0
16736,0
28472,0
26233,0
25234,0
27112,0
3380,0
20369,0
28039,0
26410,0
16148,0
1505,0
6108,0
24995,0
28150,0
29250,0
22538,0
21772,0
14101,0
20732,0
3781,0
10368,0
22491,0
17862,0
25604,0
21899,0
5798,0
19958,0
7926,0
27026,0
6676,0
10599,0
2938,0
16698,0
22814,0
12702,0
19500,0
3085,0
9842,0
12143,0
4952,0
21729,0
26912,0
13467,0
16848,0
5271,0
17267,0
16146,0
4975,0
17086,0
23555,0
11942,0
20803,0
17668,0
27359,0
6245,0
25375,0
15203,0
4205,0
1906,0
23277,0
2765,0
26119,0
18858,0
18227,0
7245,0
28680,0
16852,0
3674,0
22394,0
1158,0
14105,0
14896,0
20865,0
18705,0
5440,0
10169,0
26581,0
24820,0
2596,0
29688,0
6433,0
16860,0
28714,0
13021,0
16995,0
9162,0
16878,0
11720,0
24267,0
9978,0
1385,0
21733,0
1353,0
5776,0
17706,0
9819,0
9854,0
519,0
21930,0
14904,0
18372,0
12181,0
14937,0
12968,0
6431,0
19061,0
21006,0
29607,0
28383,0
19042,0
21699,0
7854,0
1528,0
2042,0
9771,0
5525,0
27111,0
20489,0
14425,0
26285,0
5239,0
8756,0
18851,0
15678,0
29548,0
22303,0
15091,0
4589,0
15657,0
14692,0
28518,0
15528,0
28478,0
9348,0
27857,0
21019,0
28801,0
11853,0
11120,0
14749,0
5808,0
19826,0
437,0
27022,0
27172,0
21990,0
17068,0
14614,0
17724,0
15320,0
7574,0
544,0
22039,0
15053,0
19662,0
17278,0
26112,0
12815,0
12015,0
18685,0
24340,0
21479,0
16584,0
8516,0
769,0
23146,0
22125,0
27862,0
15822,0
2184,0
8002,0
9727,0
5561,0
13141,0
7291,0
5054,0
28497,0
7065,0
4849,0
1317,0
19062,0
18951,0
138,0
26278,0
15492,0
14115,0
8229,0
9885,0
15561,0
14815,0
14299,0
7529,0
3276,0
14616,0
14521,0
15748,0
23185,0
19531,0
21932,0
2088,0
1880,0
12927,0
9340,0
132,0
9007,0
3585,0
7767,0
13759,0
12103,0
16142,0
11698,0
11019,0
134,0
144,0
21004,0
19376,0
19276,0
774,0
13703,0
21807,0
23681,0
20388,0
17937,0
6367,0
20323,0
9981,0
18146,0
26365,0
22085,0
5878,0
2629,0
9816,0
29111,0
26753,0
17984,0
2921,0
4062,0
3482,0
5438,0
22079,0
16030,0
21293,0
3157,0
25172,0
17808,0
20362,0
11459,0
16173,0
26738,0
11896,0
7835,0
21520,0
21882,0
15351,0
12088,0
11108,0
2637,0
26450,0
4834,0
1335,0
25791,0
22465,0
24877,0
19805,0
15013,0
5962,0
439,0
26064,0
11833,0
1334,0
28787,0
6948,0
5246,0
18181,0
2348,0
28263,0
28533,0
22957,0
27398,0
14092,0
25715,0
5002,0
28115,0
10771,0
12352,0
26511,0
10419,0
18881,0
15560,0
7792,0
7598,0
5849,0
9567,0
13293,0
16543,0
3999,0
57,0
3437,0
811,0
7910,0
22852,0
9787,0
5180,0
9139,0
7875,0
26081,0
795,0
10226,0
15287,0
528,0
11456,0
21917,0
15441,0
6568,0
27434,0
26957,0
4583,0
1537,0
21281,0
4046,0
17924,0
14218,0
3005,0
8093,0
1719,0
11873,0
12533,0
14448,0
8245,0
20410,0
13227,0
25136,0
26312,0
23152,0
21270,0
9711,0
12423,0
25484,0
5350,0
6673,0
23332,0
29621,0
17327,0
20560,0
19547,0
27656,0
18925,0
10856,0
16214,0
18926,0
15831,0
2332,0
1796,0
25042,0
23096,0
23963,0
12630,0
3849,0
21299,0
26619,0
19935,0
22540,0
16488,0
6931,0
15214,0
1018,0
14733,0
24018,0
23859,0
29752,0
21351,0
13093,0
4725,0
24934,0
1687,0
22717,0
11988,0
21453,0
9538,0
16188,0
24329,0
9705,0
15917,0
25096,0
29048,0
464,0
5234,0
16097,0
27975,0
8294,0
20749,0
21791,0
27844,0
29396,0
5755,0
10395,0
10906,0
2169,0
28179,0
11580,0
28147,0
28959,0
24201,0
1206,0
553,0
12166,0
18465,0
24199,0
28707,0
15701,0
16374,0
12764,0
6855,0
1202,0
22666,0
14474,0
15044,0
4235,0
4036,0
7539,0
27421,0
27034,0
24112,0
25578,0
1341,0
14120,0
7226,0
26300,0
9724,0
9019,0
6127,0
10951,0
9431,0
10840,0
20141,0
28873,0
15036,0
21408,0
12228,0
26457,0
25844,0
29243,0
22018,0
965,0
29160,0
2762,0
28761,0
29042,0
20216,0
26190,0
26626,0
14993,0
20903,0
9336,0
7276,0
17195,0
3655,0
18034,0
19801,0
10116,0
29240,0
4454,0
25165,0
27340,0
4189,0
7545,0
9777,0
2979,0
28042,0
14126,0
11352,0
24427,0
5835,0
5577,0
20899,0
9603,0
4207,0
18442,0
24710,0
19105,0
24388,0
19664,0
5272,0
13858,0
5375,0
29054,0
11596,0
18449,0
173,0
17409,0
17235,0
11621,0
26741,0
25074,0
24573,0
22728,0
12844,0
21090,0
10629,0
12398,0
10603,0
13976,0
9494,0
22896,0
22253,0
14564,0
572,0
18218,0
1748,0
4946,0
9863,0
5915,0
5932,0
7176,0
12139,0
25311,0
17481,0
10091,0
23397,0
10851,0
2450,0
29928,0
3365,0
12491,0
22033,0
24519,0
15317,0
24701,0
7336,0
13151,0
20640,0
19795,0
6302,0
28338,0
8785,0
8777,0
15824,0
24563,0
23728,0
16041,0
23314,0
14289,0
26437,0
28035,0
8056,0
18896,0
8498,0
23173,0
6939,0
14349,0
23951,0
61,0
16875,0
829,0
7451,0
14563,0
17470,0
9468,0
10231,0
7422,0
8550,0
13120,0
4220,0
2759,0
21572,0
14257,0
13820,0
6943,0
9698,0
21907,0
16171,0
6636,0
7673,0
3778,0
13558,0
22588,0
28864,0
27210,0
17863,0
24127,0
29732,0
11741,0
5133,0
28727,0
5902,0
18862,0
6120,0
14199,0
1917,0
23622,0
22435,0
14675,0
24277,0
5428,0
9714,0
19260,0
13672,0
1223,0
1116,0
2167,0
257,0
18831,0
12366,0
1444,0
438,0
6090,0
20928,0
19430,0
19535,0
3143,0
25835,0
15583,0
11548,0
5247,0
13578,0
7692,0
8600,0
29433,0
22574,0
22564,0
11462,0
24483,0
19651,0
8010,0
27909,0
9075,0
19758,0
16049,0
12421,0
9813,0
14332,0
8347,0
28605,0
12751,0
16201,0
19491,0
7821,0
16127,0
18916,0
28332,0
5187,0
16721,0
12541,0
24338,0
13442,0
16663,0
22464,0
17187,0
11371,0
22123,0
17596,0
1533,0
1119,0
9736,0
15108,0
20048,0
17293,0
7869,0
14145,0
13286,0
2675,0
399,0
12845,0
13014,0
24790,0
1127,0
4959,0
22083,0
21464,0
10013,0
5,0
27806,0
28878,0
19525,0
11968,0
18278,0
23923,0
13781,0
3829,0
7641,0
9434,0
17802,0
4651,0
24849,0
28639,0
11366,0
21377,0
5294,0
29533,0
29445,0
2767,0
22086,0
27664,0
6888,0
16232,0
18311,0
58,0
7397,0
9710,0
26855,0
27848,0
15264,0
24669,0
22063,0
8103,0
12792,0
1870,0
14700,0
8970,0
24578,0
27987,0
29719,0
19137,0
1957,0
1692,0
16265,0
28552,0
2037,0
2393,0
26123,0
15494,0
5318,0
24406,0
10605,0
2148,0
8478,0
7083,0
25011,0
185,0
29564,0
19356,0
5651,0
22459,0
19879,0
5181,0
7355,0
1507,0
4001,0
23631,0
504,0
24764,0
19614,0
20916,0
13604,0
18444,0
25777,0
15027,0
29055,0
19831,0
1241,0
25102,0
22410,0
5206,0
13871,0
17872,0
14295,0
6112,0
10148,0
19185,0
13908,0
4795,0
20650,0
22748,0
8703,0
28093,0
18681,0
6871,0
26692,0
9806,0
8435,0
1641,0
27828,0
26147,0
8325,0
15401,0
6488,0
21290,0
26928,0
10779,0
11962,0
19973,0
24200,0
22932,0
4773,0
23852,0
10667,0
9078,0
27393,0
19017,0
2799,0
2124,0
27983,0
405,0
19474,0
9052,0
19448,0
10647,0
24871,0
7457,0
11374,0
28923,0
16978,0
3835,0
21443,0
10333,0
18617,0
16320,0
21016,0
26858,0
15012,0
4652,0
7790,0
28821,0
15039,0
17296,0
22774,0
7847,0
21610,0
4369,0
6107,0
27145,0
25858,0
24008,0
1613,0
21252,0
646,0
12401,0
21808,0
5075,0
1267,0
21454,0
8739,0
18703,0
19694,0
27718,0
25189,0
2973,0
3008,0
743,0
2459,0
18264,0
12326,0
360,0
16230,0
15305,0
25150,1
6000,1
15285,1
10270,1
29650,1
9472,1
9456,1
10707,1
11228,1
805,1
19323,1
11088,1
10403,1
29658,1
2285,1
29603,1
25212,1
14383,1
3914,1
12478,1
5973,1
2616,1
17884,1
19803,1
9518,1
21178,1
7558,1
3269,1
27011,1
12684,1
2863,1
15673,1
4136,1
9153,1
25294,1
30,1
29412,1
18189,1
23128,1
1616,1
17193,1
9121,1
11085,1
1237,1
2992,1
2808,1
1031,1
25656,1
15132,1
8944,1
17819,1
8736,1
27789,1
2177,1
10233,1
17727,1
25795,1
24354,1
10924,1
29865,1
4011,1
10139,1
11399,1
7093,1
11504,1
7731,1
21070,1
12192,1
8870,1
5524,1
8941,1
24233,1
8533,1
19835,1
15947,1
10844,1
22596,1
375,1
29608,1
6518,1
10293,1
9965,1
12,1
17977,1
16216,1
21265,1
26867,1
29820,1
11242,1
25820,1
2407,1
3393,1
25735,1
17849,1
27895,1
24251,1
7475,1
8155,1
3615,1
19702,1
14430,1
2984,1
4726,1
25680,1
5254,1
18906,1
11661,1
16924,1
23875,1
20890,1
4058,1
28766,1
20574,1
29442,1
19793,1
13469,1
2643,1
27992,1
7357,1
22107,1
17428,1
6093,1
335,1
7607,1
13273,1
21248,1
24317,1
10262,1
2026,1
29747,1
18552,1
19107,1
4879,1
10729,1
11862,1
27741,1
23413,1
15753,1
22876,1
6602,1
6645,1
1520,1
3145,1
1969,1
26561,1
7260,1
19984,1
13627,1
23537,1
9025,1
942,1
15587,1
598,1
16837,1
13639,1
12047,1
23158,1
9057,1
21821,1
10230,1
2108,1
3186,1
7768,1
12876,1
12732,1
25659,1
24441,1
25887,1
4283,1
24350,1
11842,1
5639,1
25760,1
21082,1
22283,1
26032,1
19718,1
15915,1
1151,1
14066,1
20094,1
16017,1
25310,1
20456,1
3451,1
24754,1
22211,1
3376,1
14050,1
1045,1
11408,1
14086,1
26075,1
1113,1
7967,1
16527,1
16793,1
23287,1
18575,1
5828,1
2666,1
5530,1
22890,1
25508,1
2879,1
6704,1
4033,1
18532,1
25980,1
18649,1
18732,1
17104,1
13575,1
12755,1
24211,1
8504,1
6182,1
21157,1
6560,1
17367,1
11350,1
26935,1
12353,1
18635,1
25219,1
29267,1
9883,1
25300,1
14264,1
9051,1
6760,1
5685,1
22804,1
23964,1
23391,1
26146,1
865,1
28594,1
13864,1
4861,1
27452,1
7983,1
15465,1
6128,1
18018,1
3903,1
27394,1
22257,1
12348,1
10756,1
6817,1
10945,1
18807,1
6876,1
3786,1
14087,1
29257,1
19496,1
20255,1
9202,1
1405,1
2266,1
22567,1
27262,1
17798,1
18821,1
4195,1
5700,1
26951,1
15562,1
28474,1
14824,1
542,1
6680,1
15344,1
13540,1
10885,1
4223,1
25078,1
23160,1
20586,1
21535,1
23554,1
12251,1
8712,1
28735,1
20663,1
10986,1
15749,1
12649,1
13186,1
1090,1
8640,1
16673,1
11096,1
10317,1
23863,1
14493,1
1266,1
24440,1
738,1
10279,1
2541,1
2819,1
28924,1
10458,1
25640,1
16376,1
16355,1
23018,1
22794,1
5891,1
9763,1
1953,1
29825,1
23876,1
21718,1
29038,1
25605,1
22000,1
9845,1
12946,1
7036,1
3324,1
26612,1
27933,1
7637,1
14753,1
22675,1
9390,1
22725,1
20872,1
7211,1
18474,1
28734,1
6379,1
28347,1
16990,1
3513,1
4736,1
24180,1
12543,1
808,1
14402,1
9577,1
14173,1
22159,1
409,1
17775,1
27574,1
14866,1
9219,1
9397,1
20582,1
14589,1
22984,1
18091,1
3040,1
25825,1
25653,1
10359,1
5800,1
13441,1
5131,1
27456,1
13170,1
10697,1
5748,1
29504,1
5781,1
16700,1
4564,1
16862,1
6598,1
23073,1
25664,1
4926,1
28929,1
8173,1
28468,1
8459,1
7679,1
99,1
29166,1
5555,1
13819,1
16607,1
11856,1
26375,1
27256,1
12906,1
27989,1
8469,1
19542,1
11057,1
11152,1
19432,1
2774,1
27780,1
13167,1
392,1
22854,1
21530,1
232,1
531,1
17567,1
18631,1
14211,1
8972,1
24687,1
1278,1
12546,1
13746,1
3887,1
14591,1
25287,1
19030,1
16929,1
6762,1
1745,1
29229,1
20005,1
2513,1
13645,1
3698,1
11956,1
26037,1
15510,1
900,1
16000,1
7619,1
25710,1
8296,1
8415,1
29421,1
11236,1
13048,1
3127,1
24271,1
8327,1
2208,1
19975,1
25576,1
17779,1
15239,1
5129,1
23366,1
6915,1
16836,1
7860,1
29630,1
25831,1
877,1
15377,1
6322,1
29601,1
26169,1
14699,1
7077,1
14615,1
13512,1
5995,1
16122,1
3958,1
25477,1
23674,1
24298,1
8852,1
23349,1
23177,1
5599,1
11761,1
13178,1
15651,1
6434,1
24189,1
15694,1
11028,1
21980,1
11545,1
20904,1
3676,1
20706,1
22652,1
16798,1
16977,1
3357,1
1858,1
18500,1
26265,1
26103,1
26034,1
24644,1
25415,1
880,1
2993,1
334,1
24990,1
23587,1
28659,1
15081,1
27684,1
9351,1
12147,1
4410,1
18530,1
9889,1
10482,1
25345,1
14643,1
5518,1
10421,1
1255,1
19557,1
5410,1
13957,1
25261,1
21233,1
16877,1
29714,1
9520,1
713,1
938,1
7812,1
25279,1
9039,1
29152,1
4784,1
1915,1
14547,1
8476,1
27651,1
17103,1
22575,1
6786,1
27310,1
16496,1
5630,1
28732,1
20859,1
517,1
3985,1
21786,1
9930,1
29183,1
933,1
8284,1
20662,1
29550,1
4929,1
17525,1
674,1
8007,1
20479,1
18697,1
14036,1
29833,1
11231,1
26047,1
22393,1
5725,1
14986,1
22569,1
16025,1
20315,1
6578,1
7086,1
18435,1
17859,1
1075,1
11244,1
17990,1
11617,1
11186,1
17191,1
1864,1
10920,1
9833,1
20173,1
5262,1
6123,1
10994,1
20573,1
19530,1
23557,1
18230,1
17241,1
19393,1
986,1
15919,1
24517,1
8095,1
14500,1
22486,1
20744,1
15014,1
5502,1
23095,1
13309,1
18512,1
9928,1
28702,1
29205,1
21180,1
896,1
36,1
16717,1
4798,1
12573,1
19420,1
28895,1
20087,1
4693,1
17606,1
281,1
9395,1
26469,1
22422,1
3245,1
28933,1
26465,1
1856,1
20770,1
25032,1
2220,1
5128,1
25056,1
13263,1
21647,1
26780,1
18524,1
20798,1
23226,1
24845,1
19716,1
6626,1
13663,1
4867,1
4986,1
10965,1
21671,1
13569,1
15549,1
26486,1
26873,1
4938,1
17320,1
4479,1
5612,1
2904,1
17832,1
7305,1
8132,1
18528,1
11575,1
8575,1
14170,1
9337,1
13443,1
23689,1
21735,1
4663,1
27040,1
28879,1
2927,1
25662,1
28722,1
8898,1
20893,1
17880,1
5649,1
29620,1
12540,1
5490,1
19477,1
3280,1
24087,1
20905,1
5985,1
8969,1
6190,1
22766,1
6329,1
8115,1
12723,1
14343,1
2740,1
6197,1
8895,1
28604,1
21432,1
13267,1
27606,1
29554,1
5033,1
1412,1
6685,1
27881,1
27646,1
1780,1
14795,1
15754,1
15503,1
16568,1
22622,1
26025,1
25611,1
4533,1
17006,1
5317,1
7071,1
20807,1
7134,1
5083,1
18416,1
20879,1
3254,1
21603,1
14990,1
22415,1
15184,1
19711,1
685,1
13813,1
22579,1
25132,1
11438,1
18135,1
24879,1
26106,1
13854,1
22020,1
8729,1
2813,1
81,1
18221,1
5224,1
23510,1
12280,1
9682,1
9929,1
13906,1
15146,1
13244,1
13598,1
28374,1
10853,1
21384,1
29609,1
2294,1
16989,1
29729,1
26672,1
15327,1
24076,1
19027,1
16997,1
8481,1
4442,1
25290,1
12574,1
29420,1
4571,1
12337,1
18679,1
20794,1
143,1
4759,1
16239,1
16981,1
16399,1
15069,1
20680,1
28382,1
5944,1
19181,1
11865,1
13814,1
25101,1
9583,1
12368,1
15684,1
14172,1
23377,1
7949,1
16316,1
29619,1
6439,1
18725,1
15082,1
6749,1
24455,1
4190,1
3317,1
1775,1
10733,1
11511,1
8086,1
29872,1
27880,1
27366,1
9354,1
6561,1
22509,1
3977,1
20930,1
16136,1
2564,1
28679,1
20779,1
15095,1
16072,1
19788,1
7943,1
25577,1
17450,1
18623,1
3950,1
7354,1
6166,1
18292,1
28405,1
11421,1
15834,1
27786,1
5830,1
16284,1
18630,1
18534,1
27317,1
25475,1
23440,1
22282,1
8801,1
6501,1
29805,1
4822,1
21581,1
24333,1
7120,1
13491,1
1122,1
29499,1
19265,1
22184,1
23654,1
21547,1
21783,1
11717,1
17750,1
11112,1
24978,1
15105,1
27712,1
2343,1
21617,1
20331,1
26985,1
25305,1
709,1
12133,1
9919,1
26114,1
27936,1
15165,1
9879,1
24117,1
22861,1
12899,1
15410,1
2673,1
15120,1
4683,1
20625,1
8337,1
16675,1
20263,1
6779,1
26094,1
7923,1
16439,1
3717,1
8974,1
1314,1
8376,1
21745,1
24616,1
18560,1
20455,1
4466,1
9376,1
14667,1
8200,1
7507,1
16707,1
13608,1
6124,1
1652,1
15507,1
10471,1
3640,1
14075,1
10000,1
8313,1
778,1
17299,1
2117,1
1918,1
14875,1
17438,1
29460,1
14849,1
37,1
15045,1
13437,1
9712,1
18749,1
25247,1
21331,1
15832,1
12905,1
29079,1
895,1
19616,1
22004,1
16613,1
25868,1
1695,1
19271,1
11038,1
28057,1
2986,1
17497,1
26003,1
5972,1
15780,1
29161,1
976,1
1878,1
20704,1
21507,1
9167,1
3312,1
24031,1
9225,1
25404,1
8437,1
27549,1
1685,1
17458,1
3449,1
26586,1
24349,1
20434,1
6033,1
823,1
15796,1
10208,1
12049,1
4788,1
28619,1
19965,1
11823,1
4688,1
8113,1
20495,1
8285,1
6976,1
20250,1
23202,1
5321,1
20403,1
26173,1
13068,1
3272,1
14368,1
23775,1
10979,1
18644,1
18061,1
6962,1
25875,1
27763,1
28613,1
15833,1
2331,1
23290,1
471,1
3401,1
267,1
24935,1
28205,1
3959,1
11543,1
9460,1
20727,1
5765,1
21061,1
3544,1
29282,1
2645,1
7779,1
6742,1
7342,1
4812,1
15863,1
20271,1
4551,1
2887,1
26226,1
11372,1
2732,1
10418,1
929,1
6147,1
2860,1
5421,1
8487,1
17746,1
15895,1
8124,1
6015,1
15614,1
4056,1
28365,1
26339,1
23484,1
21075,1
12400,1
14366,1
20913,1
19631,1
25538,1
6690,1
16441,1
27418,1
13631,1
20265,1
4542,1
18876,1
17031,1
20668,1
14068,1
22322,1
23593,1
26012,1
24762,1
1889,1
25931,1
7106,1
10040,1
16052,1
3403,1
21400,1
17980,1
14362,1
9195,1
22010,1
24948,1
16228,1
12470,1
19196,1
8394,1
21977,1
4793,1
26208,1
1809,1
21279,1
7761,1
15031,1
27603,1
10857,1
12267,1
7337,1
16908,1
27503,1
23292,1
27517,1
586,1
26769,1
8249,1
10666,1
28954,1
1369,1
23052,1
2586,1
11263,1
28764,1
3037,1
27455,1
18412,1
28575,1
19152,1
14758,1
6139,1
4296,1
9217,1
10200,1
343,1
9989,1
18657,1
12385,1
16616,1
24059,1
24239,1
5554,1
6775,1
3691,1
27624,1
29402,1
6548,1
8293,1
7549,1
2853,1
26799,1
3075,1
19115,1
11859,1
25202,1
5665,1
23623,1
6225,1
6714,1
10554,1
18720,1
25160,1
11198,1
2412,1
330,1
15188,1
12600,1
29121,1
1423,1
16141,1
9318,1
23777,1
29056,1
11298,1
12419,1
29343,1
3464,1
17444,1
12572,1
9752,1
3750,1
19802,1
16971,1
12722,1
19900,1
16930,1
23469,1
23992,1
18796,1
49,1
15602,1
4300,1
6660,1
21044,1
13060,1
25274,1
2163,1
14266,1
25427,1
3598,1
10997,1
17238,1
2024,1
27998,1
8429,1
15843,1
13012,1
4105,1
28128,1
7595,1
20758,1
18220,1
25631,1
29219,1
12311,1
5230,1
1415,1
18217,1
12218,1
14325,1
29957,1
24278,1
21353,1
29639,1
29411,1
27552,1
28329,1
170,1
6273,1
21654,1
6223,1
24052,1
1869,1
16595,1
8530,1
29128,1
6100,1
23613,1
17708,1
11656,1
25157,1
14280,1
18572,1
18498,1
1325,1
6958,1
23343,1
14245,1
22595,1
10774,1
16547,1
6020,1
1982,1
24833,1
20148,1
5018,1
18451,1
15010,1
1169,1
28330,1
29824,1
19881,1
19992,1
2628,1
3484,1
22945,1
1130,1
16022,1
13958,1
3255,1
11897,1
11935,1
17889,1
2039,1
15054,1
2319,1
8581,1
2847,1
29475,1
29778,1
6226,1
15944,1
29525,1
23371,1
18664,1
15163,1
640,1
6954,1
23774,1
10876,1
7344,1
14950,1
4809,1
2423,1
29464,1
13993,1
11721,1
26969,1
3699,1
2020,1
14978,1
12616,1
21568,1
16340,1
6577,1
6662,1
7587,1
23090,1
25497,1
23723,1
13379,1
23655,1
217,1
8694,1
8967,1
20042,1
4522,1
3764,1
20358,1
12099,1
28490,1
28331,1
12173,1
8011,1
12408,1
29769,1
21707,1
18856,1
23620,1
15849,1
24236,1
14202,1
16329,1
27414,1
16474,1
10299,1
8355,1
15323,1
24651,1
5567,1
3277,1
12529,1
23478,1
532,1
917,1
7271,1
4377,1
9986,1
19109,1
3606,1
3634,1
5372,1
2928,1
546,1
24939,1
24102,1
284,1
5125,1
23357,1
12695,1
7843,1
21544,1
9317,1
7758,1
27268,1
6186,1
23800,1
2678,1
25883,1
1043,1
23685,1
7726,1
1577,1
6854,1
862,1
21419,1
41,1
15883,1
22409,1
12580,1
14984,1
26576,1
20616,1
5377,1
13404,1
5161,1
17894,1
28446,1
2252,1
19840,1
3110,1
12437,1
1040,1
22647,1
5373,1
23906,1
20437,1
10180,1
12666,1
24249,1
20541,1
4473,1
4945,1
902,1
373,1
23940,1
23672,1
2248,1
13156,1
4400,1
20473,1
9368,1
24528,1
24066,1
23200,1
11539,1
15707,1
25313,1
23998,1
9102,1
24634,1
903,1
12019,1
7061,1
11153,1
20187,1
4868,1
29482,1
7445,1
27558,1
3450,1
21146,1
19719,1
11360,1
2960,1
3816,1
7343,1
25895,1
26272,1
22650,1
14828,1
18473,1
29401,1
21197,1
17173,1
4422,1
20539,1
11341,1
13753,1
26600,1
17452,1
8127,1
8823,1
11989,1
29189,1
4743,1
7478,1
27697,1
3173,1
12544,1
27412,1
21986,1
22769,1
21993,1
10012,1
3906,1
24373,1
2074,1
27401,1
13488,1
4612,1
13929,1
9701,1
21501,1
7003,1
15244,1
14419,1
24981,1
23703,1
24800,1
21230,1
12023,1
10104,1
4027,1
1140,1
10525,1
28467,1
2189,1
15867,1
14184,1
5783,1
18125,1
27403,1
28304,1
4974,1
22187,1
28665,1
13142,1
21308,1
26482,1
21604,1
4588,1
20682,1
3047,1
17437,1
18364,1
2588,1
3907,1
24947,1
7989,1
19213,1
18299,1
26476,1
8030,1
15376,1
29962,1
16952,1
16114,1
20247,1
19486,1
17629,1
15456,1
20987,1
5117,1
21682,1
26546,1
19987,1
6361,1
10793,1
26710,1
24164,1
15324,1
25161,1
21164,1
26964,1
18543,1
9087,1
17281,1
29354,1
25573,1
13279,1
22392,1
4882,1
27059,1
19884,1
11106,1
17601,1
9187,1
18767,1
15600,1
18719,1
21584,1
15068,1
23615,1
15569,1
3212,1
24364,1
15726,1
16322,1
7708,1
17871,1
5705,1
15891,1
9094,1
20529,1
19223,1
21350,1
13201,1
4143,1
14477,1
13817,1
12964,1
27174,1
627,1
8473,1
1583,1
18847,1
27626,1
19498,1
8135,1
21171,1
12417,1
26584,1
11599,1
22546,1
6480,1
26665,1
22156,1
27608,1
28025,1
20383,1
17653,1
26210,1
5952,1
10869,1
26982,1
13914,1
19692,1
20287,1
26726,1
12993,1
27081,1
11953,1
4729,1
13896,1
14851,1
3134,1
19361,1
25233,1
24352,1
20117,1
4731,1
14874,1
12373,1
7886,1
22901,1
13725,1
13845,1
2603,1
12538,1
2475,1
17556,1
15626,1
7425,1
12387,1
4457,1
6325,1
475,1
5186,1
25909,1
15021,1
10812,1
10097,1
10894,1
2981,1
8786,1
27439,1
11188,1
21074,1
5357,1
20856,1
7042,1
12531,1
26721,1
25015,1
13666,1
13509,1
5799,1
20659,1
25712,1
17363,1
5709,1
5586,1
25276,1
10557,1
27182,1
19648,1
18333,1
15633,1
16826,1
21346,1
26999,1
12294,1
18809,1
951,1
26995,1
2487,1
14372,1
12884,1
22825,1
19395,1
19876,1
17650,1
25728,1
29507,1
6839,1
15345,1
5058,1
26004,1
1716,1
8677,1
27093,1
17918,1
2462,1
8201,1
29004,1
24417,1
15455,1
3382,1
9115,1
10240,1
27361,1
5179,1
19215,1
23014,1
15113,1
21094,1
12137,1
3552,1
23955,1
14654,1
25594,1
687,1
5019,1
23228,1
24114,1
5089,1
25430,1
202,1
18603,1
5790,1
12673,1
13416,1
17577,1
8344,1
8742,1
1730,1
14803,1
18942,1
23390,1
10106,1
2235,1
26910,1
11172,1
14637,1
24646,1
15927,1
20425,1
17837,1
8456,1
10061,1
14581,1
25641,1
5108,1
26637,1
27073,1
26629,1
24878,1
29096,1
9968,1
29893,1
22103,1
3592,1
28891,1
8570,1
24259,1
7335,1
9947,1
25766,1
2361,1
8953,1
8737,1
4610,1
7389,1
20074,1
22044,1
12266,1
25198,1
10109,1
13000,1
11914,1
29663,1
23912,1
29075,1
28153,1
23970,1
9539,1
5299,1
11579,1
26533,1
21515,1
22905,1
2996,1
22795,1
17670,1
13211,1
14454,1
29127,1
10897,1
820,1
27345,1
15046,1
12577,1
15896,1
10688,1
12862,1
24419,1
15802,1
15907,1
17046,1
19319,1
9939,1
18932,1
8636,1
5638,1
22489,1
25694,1
27465,1
15630,1
22076,1
12534,1
26015,1
5689,1
8909,1
25511,1
12555,1
21390,1
16844,1
18580,1
17169,1
1243,1
15949,1
3783,1
13297,1
14910,1
13372,1
12878,1
24778,1
12072,1
27293,1
22719,1
12642,1
20116,1
717,1
17181,1
18940,1
22477,1
21753,1
24584,1
25402,1
9991,1
19778,1
2105,1
8717,1
12051,1
20300,1
11654,1
21513,1
597,1
21829,1
10704,1
13205,1
8601,1
5721,1
2764,1
10456,1
11146,1
25752,1
4365,1
19977,1
22720,1
1916,1
21868,1
27529,1
6891,1
13829,1
11633,1
3056,1
15340,1
6426,1
28971,1
7066,1
8682,1
963,1
10137,1
11013,1
15509,1
11928,1
14129,1
28609,1
25145,1
22317,1
1562,1
29215,1
27085,1
15819,1
19633,1
7294,1
28800,1
1553,1
24840,1
3545,1
26280,1
3855,1
9731,1
452,1
29082,1
13847,1
1744,1
24675,1
28152,1
3326,1
23153,1
26287,1
28637,1
10306,1
21879,1
764,1
8380,1
29891,1
10041,1
11338,1
3190,1
1345,1
8202,1
13588,1
5118,1
24739,1
25041,1
22550,1
10607,1
27724,1
9719,1
22730,1
18390,1
13003,1
26819,1
4330,1
10261,1
946,1
2843,1
15845,1
8904,1
20515,1
21156,1
18563,1
9621,1
14197,1
5338,1
14844,1
18726,1
14350,1
26442,1
19353,1
25607,1
5382,1
19170,1
14136,1
12901,1
16806,1
12055,1
26110,1
2587,1
5425,1
20304,1
23049,1
27856,1
8084,1
20827,1
23730,1
28414,1
24690,1
23120,1
2223,1
29542,1
8732,1
28135,1
17951,1
28788,1
15103,1
27896,1
1191,1
8525,1
27138,1
22475,1
10460,1
2419,1
9243,1
4488,1
26579,1
17513,1
5534,1
11377,1
6696,1
15017,1
3819,1
19830,1
15668,1
29279,1
22255,1
832,1
2641,1
28362,1
18589,1
3231,1
22909,1
27951,1
6196,1
26520,1
12790,1
17188,1
3908,1
24524,1
8457,1
15634,1
1445,1
15415,1
229,1
14027,1
5386,1
19412,1
15978,1
5959,1
28983,1
19946,1
13714,1
5527,1
20445,1
1149,1
22097,1
20562,1
11891,1
16255,1
2041,1
6773,1
16011,1
5356,1
100,1
947,1
3678,1
2309,1
11604,1
21158,1
7662,1
7786,1
25518,1
19021,1
17097,1
27906,1
11270,1
16705,1
14774,1
20367,1
4000,1
8054,1
7684,1
12165,1
26098,1
10943,1
4641,1
8130,1
13650,1
4754,1
18021,1
24928,1
8045,1
19233,1
15209,1
14459,1
27390,1
20817,1
7591,1
18052,1
25535,1
17888,1
27920,1
29632,1
2926,1
24161,1
25804,1
10128,1
23417,1
19451,1
23130,1
22827,1
6202,1
9027,1
28027,1
26744,1
29311,1
19800,1
16497,1
12245,1
19563,1
19907,1
12259,1
26196,1
15289,1
3974,1
2959,1
26122,1
27670,1
3479,1
20497,1
21690,1
12896,1
20918,1
6503,1
17847,1
11480,1
2806,1
19035,1
19581,1
3224,1
23786,1
6200,1
4789,1
27921,1
13510,1
11016,1
1827,1
26153,1
12331,1
9855,1
6754,1
26452,1
21163,1
6884,1
10003,1
21355,1
7718,1
27218,1
22863,1
21142,1
2260,1
26364,1
22067,1
20588,1
15408,1
2110,1
810,1
5742,1
555,1
1552,1
7125,1
13952,1
27299,1
3660,1
14486,1
1021,1
22065,1
3527,1
14760,1
333,1
16692,1
29856,1
18689,1
1167,1
24582,1
4526,1
10598,1
13027,1
19095,1
16485,1
11677,1
4411,1
22771,1
1156,1
20077,1
5540,1
21646,1
23721,1
14314,1
15062,1
19756,1
23057,1
28223,1
5149,1
20568,1
20688,1
21438,1
9023,1
27499,1
19408,1
25466,1
16258,1
11078,1
14329,1
9817,1
23392,1
5030,1
5394,1
8649,1
11798,1
3473,1
9745,1
25526,1
21944,1
18240,1
29330,1
28456,1
15698,1
16285,1
19865,1
14311,1
3821,1
14441,1
4985,1
15485,1
28836,1
25552,1
13118,1
19783,1
19932,1
26002,1
19269,1
15696,1
386,1
27964,1
7729,1
3919,1
26460,1
2848,1
5279,1
26276,1
22142,1
18112,1
11347,1
15894,1
7047,1
4687,1
24888,1
24908,1
14044,1
314,1
12306,1
11165,1
5029,1
28996,1
19165,1
23331,1
2893,1
23807,1
22354,1
5916,1
18424,1
28562,1
79,1
20441,1
3963,1
21119,1
28048,1
28155,1
813,1
11840,1
17180,1
15532,1
28037,1
5541,1
13570,1
18692,1
3597,1
24178,1
15135,1
5003,1
4233,1
1226,1
21748,1
5992,1
26433,1
8052,1
834,1
861,1
7040,1
16538,1
19401,1
13777,1
515,1
20626,1
28827,1
13259,1
3863,1
15591,1
2131,1
28708,1
21688,1
18033,1
1099,1
20307,1
21206,1
12339,1
23530,1
1985,1
18873,1
27642,1
11430,1
5520,1
12707,1
25331,1
6412,1
7021,1
4173,1
23854,1
13513,1
10715,1
27846,1
29485,1
12569,1
20488,1
6449,1
24746,1
27970,1
26397,1
11637,1
19695,1
1812,1
14337,1
28789,1
26601,1
9114,1
20111,1
22160,1
1769,1
9946,1
22951,1
25672,1
7087,1
12303,1
10229,1
29665,1
23527,1
10898,1
7501,1
5396,1
1535,1
21597,1
10466,1
18232,1
26568,1
25738,1
554,1
14016,1
17745,1
17659,1
19434,1
15130,1
8586,1
25809,1
7493,1
20677,1
16912,1
13454,1
6550,1
22135,1
27137,1
19348,1
22933,1
7272,1
3901,1
19490,1
18515,1
22193,1
24064,1
9511,1
10274,1
11650,1
17348,1
20571,1
6925,1
21167,1
22053,1
19407,1
9428,1
7702,1
13782,1
20121,1
28975,1
19387,1
19532,1
17765,1
21482,1
26850,1
23072,1
12205,1
25591,1
9516,1
14869,1
19371,1
25644,1
13630,1
22355,1
16791,1
15941,1
12270,1
12586,1
7270,1
8964,1
11866,1
18811,1
29268,1
24035,1
16723,1
2326,1
9684,1
23803,1
17337,1
17530,1
16876,1
3931,1
761,1
4620,1
20544,1
6590,1
2930,1
2298,1
5256,1
952,1
29323,1
9485,1
14134,1
11283,1
18718,1
10182,1
17989,1
24241,1
1123,1
8639,1
17362,1
29629,1
12497,1
22658,1
1599,1
23624,1
20070,1
15803,1
11999,1
6996,1
3670,1
2342,1
27077,1
17527,1
20298,1
3211,1
2112,1
22122,1
9898,1
5298,1
7098,1
17202,1
9937,1
12623,1
25127,1
10267,1
29877,1
16082,1
15627,1
3203,1
15970,1
13422,1
3898,1
7734,1
22969,1
1509,1
15966,1
28931,1
12895,1
13116,1
23853,1
11284,1
9242,1
16960,1
12793,1
29871,1
20868,1
13308,1
21621,1
1218,1
24663,1
28322,1
21112,1
7643,1
3970,1
8815,1
27794,1
14674,1
8975,1
10201,1
15911,1
5200,1
24855,1
21612,1
26305,1
17091,1
95,1
11061,1
20785,1
20786,1
20036,1
10082,1
4670,1
4096,1
3869,1
17082,1
2557,1
6410,1
10412,1
11189,1
21925,1
5409,1
9375,1
21450,1
14070,1
17421,1
225,1
10256,1
8291,1
1504,1
466,1
10117,1
21200,1
8776,1
12801,1
8367,1
28286,1
24822,1
7722,1
13748,1
16872,1
6672,1
12602,1
495,1
19133,1
716,1
26779,1
10488,1
4998,1
19749,1
22358,1
12624,1
20286,1
26054,1
16943,1
2287,1
12979,1
13986,1
17385,1
20806,1
21562,1
8925,1
11807,1
5397,1
22739,1
25566,1
27411,1
6092,1
13325,1
13548,1
11902,1
19186,1
6277,1
15099,1
26998,1
18557,1
18289,1
8706,1
14123,1
3486,1
3062,1
20653,1
29275,1
16068,1
27477,1
574,1
22754,1
20908,1
24228,1
23618,1
22942,1
28097,1
26288,1
8078,1
17291,1
7742,1
7991,1
5496,1
1617,1
24015,1
3286,1
12831,1
18089,1
22892,1
22138,1
8620,1
6365,1
15515,1
7142,1
16901,1
968,1
23028,1
10882,1
16899,1
1221,1
4515,1
15829,1
29338,1
16197,1
4978,1
911,1
4824,1
21524,1
8160,1
10980,1
27209,1
28238,1
10494,1
8309,1
19578,1
4279,1
7281,1
9540,1
13899,1
19861,1
23389,1
1076,1
11215,1
25474,1
11769,1
26023,1
27524,1
4712,1
3235,1
26852,1
4303,1
22336,1
13529,1
8697,1
8875,1
3147,1
23578,1
6944,1
2504,1
21342,1
7170,1
3846,1
21563,1
24385,1
9016,1
8275,1
28672,1
13992,1
7116,1
15901,1
8281,1
3577,1
9113,1
4061,1
22361,1
318,1
3876,1
11567,1
14735,1
27078,1
3949,1
19129,1
5471,1
14130,1
28855,1
15737,1
1228,1
25252,1
4529,1
7941,1
692,1
3445,1
15370,1
16209,1
4981,1
5704,1
17020,1
26800,1
14577,1
28251,1
28293,1
21602,1
28678,1
17982,1
27396,1
4496,1
24048,1
16153,1
2195,1
785,1
18874,1
28717,1
3722,1
15473,1
22108,1
14233,1
2013,1
7865,1
14544,1
8933,1
24153,1
9735,1
16165,1
23030,1
9384,1
6829,1
21010,1
12433,1
24324,1
296,1
10058,1
5150,1
6580,1
15215,1
27459,1
17032,1
7055,1
17655,1
17263,1
2968,1
8318,1
17019,1
21131,1
22440,1
679,1
18497,1
28013,1
20252,1
12699,1
23263,1
18038,1
4514,1
1165,1
29125,1
22606,1
20910,1
8000,1
10251,1
5521,1
9170,1
2612,1
12603,1
26436,1
2501,1
11238,1
5881,1
21898,1
4367,1
19558,1
19243,1
5558,1
26362,1
23325,1
13532,1
364,1
18064,1
13991,1
6181,1
14501,1
478,1
9515,1
6188,1
7797,1
11001,1
6780,1
25492,1
22245,1
28699,1
26184,1
9961,1
7765,1
19045,1
3569,1
14190,1
12108,1
15874,1
24916,1
7661,1
13784,1
7810,1
18355,1
22246,1
26904,1
12406,1
24311,1
28047,1
13146,1
13708,1
10759,1
21470,1
9619,1
6338,1
1761,1
9666,1
7638,1
18608,1
27904,1
1945,1
29561,1
15337,1
24194,1
16,1
21469,1
7968,1
19947,1
1332,1
13419,1
12221,1
7774,1
4715,1
20011,1
3177,1
22836,1
24854,1
18035,1
26006,1
22278,1
19728,1
4175,1
14678,1
3654,1
9404,1
7225,1
15427,1
25767,1
16006,1
23831,1
8346,1
21875,1
733,1
17770,1
23877,1
11046,1
5919,1
3885,1
29887,1
5390,1
2185,1
16797,1
18999,1
9723,1
27068,1
28818,1
12488,1
13812,1
2577,1
12697,1
29774,1
2458,1
11691,1
481,1
14816,1
686,1
3010,1
1106,1
28837,1
5236,1
8089,1
17388,1
9980,1
24626,1
27645,1
2784,1
28856,1
29679,1
18875,1
20025,1
18526,1
12067,1
13166,1
8588,1
12894,1
22713,1
24750,1
26378,1
9491,1
11044,1
26202,1
29896,1
15003,1
21697,1
1502,1
22335,1
13757,1
362,1
3641,1
23515,1
8711,1
3384,1
12410,1
29843,1
12803,1
9893,1
20253,1
9533,1
13850,1
19601,1
17766,1
536,1
20109,1
29106,1
24904,1
29965,1
8843,1
1299,1
12912,1
7049,1
22150,1
6195,1
14689,1
1438,1
25392,1
17929,1
23935,1
5485,1
21558,1
7597,1
26922,1
423,1
2256,1
6622,1
22291,1
18636,1
5259,1
1073,1
14528,1
10175,1
9932,1
1315,1
23766,1
21512,1
21319,1
10266,1
15990,1
24011,1
10265,1
23012,1
24608,1
6675,1
19221,1
15286,1
24299,1
20394,1
19666,1
20108,1
2589,1
13107,1
5420,1
27855,1
4870,1
2320,1
29308,1
11965,1
21449,1
19409,1
12450,1
4272,1
15229,1
10741,1
29312,1
27556,1
18990,1
4101,1
21396,1
14604,1
15962,1
11706,1
26968,1
4055,1
7413,1
10501,1
9606,1
22765,1
20337,1
9617,1
3296,1
28235,1
14270,1
17595,1
14265,1
11475,1
2877,1
24683,1
12560,1
25164,1
17719,1
11224,1
12341,1
27236,1
5218,1
28072,1
20753,1
22461,1
13736,1
29126,1
10155,1
12692,1
21383,1
23400,1
12619,1
29306,1
22887,1
18006,1
9702,1
4187,1
28874,1
3518,1
21677,1
28631,1
13563,1
29344,1
11241,1
14658,1
7871,1
8016,1
28989,1
27825,1
22590,1
18029,1
18945,1
24752,1
19048,1
14572,1
6642,1
29978,1
22276,1
773,1
636,1
29529,1
21756,1
6453,1
5846,1
13948,1
11690,1
2955,1
25782,1
19729,1
15329,1
22631,1
25627,1
24152,1
1355,1
26524,1
9199,1
511,1
28566,1
17171,1
9809,1
24231,1
25379,1
2098,1
20812,1
20966,1
28326,1
15546,1
2114,1
29451,1
15356,1
10503,1
3957,1
3351,1
11766,1
56,1
15273,1
23249,1
9536,1
20047,1
741,1
7614,1
24857,1
2922,1
29569,1
14443,1
1564,1
26175,1
29751,1
23025,1
1696,1
4802,1
23077,1
25308,1
23652,1
22054,1
24043,1
6689,1
4890,1
786,1
11498,1
22315,1
10129,1
6187,1
20742,1
18170,1
11804,1
10108,1
11132,1
25881,1
4030,1
3804,1
17053,1
11821,1
12041,1
12439,1
28681,1
21739,1
23237,1
14972,1
11584,1
28016,1
21502,1
4823,1
22470,1
8890,1
10625,1
13723,1
14711,1
13904,1
22143,1
20355,1
28191,1
1163,1
14772,1
18387,1
740,1
29830,1
9506,1
21793,1
11733,1
7220,1
24920,1
15689,1
10559,1
25238,1
16244,1
23843,1
24561,1
4483,1
10515,1
12161,1
5005,1
12201,1
25215,1
18871,1
20964,1
9748,1
16840,1
1105,1
25227,1
26138,1
14025,1
11597,1
22017,1
9055,1
15125,1
22633,1
5347,1
19639,1
28904,1
14957,1
6098,1
18282,1
12591,1
13180,1
7338,1
16391,1
22989,1
2201,1
18822,1
17106,1
273,1
1722,1
24557,1
14458,1
5038,1
26183,1
26847,1
12830,1
15798,1
29799,1
28526,1
12302,1
22325,1
19314,1
19067,1
19785,1
25343,1
22980,1
3998,1
11209,1
7079,1
5146,1
22483,1
29578,1
14653,1
28673,1
2824,1
18957,1
27619,1
18800,1
2339,1
11969,1
17003,1
159,1
29461,1
13179,1
24648,1
20142,1
12273,1
17223,1
23872,1
23374,1
1083,1
5816,1
6234,1
2062,1
2483,1
5197,1
1677,1
28401,1
6441,1
21204,1
19715,1
25504,1
10700,1
11868,1
15475,1
9436,1
6932,1
2358,1
13605,1
28088,1
19922,1
27994,1
560,1
20553,1
2803,1
17686,1
19154,1
16225,1
14411,1
23980,1
2658,1
16678,1
16365,1
721,1
19057,1
21891,1
7907,1
10345,1
22646,1
1517,1
11818,1
22161,1
20232,1
9264,1
12076,1
23340,1
4778,1
28021,1
12284,1
7,1
7908,1
13579,1
13071,1
19166,1
1791,1
25342,1
29370,1
24609,1
24839,1
14905,1
16065,1
11271,1
310,1
12807,1
23763,1
29910,1
13561,1
17874,1
10644,1
24929,1
24713,1
23577,1
5820,1
27337,1
20796,1
21000,1
14798,1
21614,1
23712,1
48,1
16518,1
4322,1
19905,1
12897,1
12909,1
25525,1
2943,1
6063,1
11981,1
29594,1
16525,1
19656,1
6378,1
17854,1
20860,1
12335,1
14072,1
6213,1
7981,1
3915,1
8710,1
3815,1
6289,1
22608,1
27588,1
3410,1
12846,1
1816,1
10084,1
7878,1
482,1
14406,1
8328,1
20492,1
26597,1
20427,1
5266,1
23375,1
22643,1
23438,1
8375,1
14386,1
13216,1
5457,1
21259,1
16609,1
8182,1
15493,1
5184,1
171,1
19515,1
18246,1
14876,1
27824,1
4722,1
5487,1
27749,1
9216,1
20226,1
2210,1
20279,1
2614,1
26701,1
27568,1
26165,1
6614,1
13030,1
11590,1
4390,1
16444,1
21096,1
14081,1
15042,1
25040,1
25366,1
25925,1
28838,1
2202,1
22782,1
17347,1
12292,1
25972,1
6371,1
16182,1
26552,1
21817,1
8278,1
17048,1
26191,1
25581,1
22837,1
6152,1
27432,1
10933,1
9985,1
8276,1
14292,1
12374,1
11701,1
25958,1
659,1
4227,1
12647,1
634,1
27860,1
22511,1
1936,1
22597,1
7481,1
18840,1
20451,1
2072,1
24809,1
10710,1
15169,1
23644,1
23661,1
16178,1
24485,1
26948,1
3661,1
7239,1
12219,1
28050,1
23821,1
10009,1
29983,1
14010,1
21237,1
29477,1
12394,1
3385,1
20832,1
1573,1
10669,1
19261,1
1041,1
20818,1
21995,1
3525,1
22686,1
16158,1
13300,1
0,1
25814,1
24926,1
13214,1
7748,1
15638,1
21008,1
14420,1
15622,1
7730,1
29051,1
8406,1
19480,1
5551,1
8593,1
1638,1
11193,1
28430,1
14832,1
24526,1
18594,1
12152,1
18789,1
25197,1
1970,1
20118,1
6877,1
28947,1
21607,1
26535,1
22605,1
23500,1
18795,1
15924,1
5035,1
8918,1
23705,1
25660,1
19913,1
24101,1
42,1
15233,1
10513,1
127,1
16469,1
19206,1
21269,1
10975,1
19520,1
26925,1
2409,1
1811,1
20925,1
17343,1
11446,1
18658,1
27618,1
15420,1
22166,1
6087,1
7609,1
10223,1
26174,1
25034,1
11964,1
4389,1
21975,1
23640,1
15378,1
13742,1
1814,1
24291,1
17494,1
29539,1
13396,1
28022,1
17797,1
26005,1
5229,1
10536,1
17607,1
13341,1
13790,1
21789,1
25237,1
21487,1
8676,1
23826,1
29560,1
7724,1
14273,1
22506,1
7899,1
10973,1
9942,1
26651,1
19370,1
11423,1
11277,1
13459,1
24292,1
2715,1
24654,1
7370,1
3223,1
16548,1
10122,1
19410,1
2523,1
4263,1
2410,1
3282,1
16236,1
4597,1
24837,1
5486,1
15346,1
13981,1
17637,1
23256,1
13989,1
25225,1
9501,1
13648,1
3740,1
7694,1
27261,1
22118,1
19427,1
20191,1
6635,1
8919,1
16774,1
28588,1
12549,1
19720,1
22874,1
14830,1
13930,1
23234,1
14549,1
10212,1
15815,1
14610,1
19352,1
187,1
3814,1
20017,1
6553,1
24649,1
2906,1
25355,1
4334,1
17833,1
3242,1
17970,1
27850,1
11745,1
3207,1
1020,1
15078,1
11202,1
4336,1
19914,1
10508,1
22220,1
21629,1
9895,1
28288,1
15314,1
2111,1
17715,1
27435,1
914,1
11101,1
22141,1
26638,1
1410,1
24100,1
19780,1
9791,1
19235,1
22994,1
24576,1
12510,1
2965,1
2664,1
5801,1
2492,1
11331,1
1855,1
3993,1
2055,1
352,1
22823,1
6549,1
20759,1
17590,1
16504,1
10008,1
26943,1
6420,1
12338,1
1207,1
22190,1
27858,1
26078,1
14476,1
13380,1
14338,1
15786,1
3063,1
21234,1
25080,1
17546,1
15178,1
18321,1
5863,1
17496,1
2145,1
10574,2
20951,2
6881,2
22145,2
3884,2
15820,2
23062,2
11118,2
9798,2
6464,2
21209,2
10099,2
3478,2
23755,2
28692,2
13109,2
19513,2
4645,2
18935,2
27615,2
26628,2
19871,2
10190,2
24371,2
242,2
8323,2
17446,2
4307,2
29040,2
26947,2
1697,2
2480,2
207,2
12057,2
27284,2
21959,2
14519,2
18629,2
15766,2
6170,2
4662,2
13480,2
2886,2
24036,2
14893,2
4416,2
27276,2
28790,2
7480,2
9872,2
803,2
9532,2
8899,2
10826,2
29954,2
21884,2
27148,2
26801,2
19146,2
6823,2
6856,2
29195,2
14613,2
6904,2
13707,2
6937,2
11092,2
24143,2
5680,2
5073,2
21379,2
22469,2
14509,2
4796,2
24163,2
23837,2
13803,2
23178,2
11052,2
14215,2
22376,2
17313,2
25553,2
26980,2
20674,2
12349,2
4443,2
5351,2
25457,2
5569,2
23564,2
6048,2
43,2
26707,2
15354,2
5431,2
7175,2
28328,2
29563,2
10952,2
1015,2
21291,2
24734,2
2517,2
19624,2
5536,2
11496,2
17680,2
20675,2
13499,2
23246,2
16827,2
19249,2
12355,2
5044,2
1201,2
2657,2
14764,2
8597,2
14839,2
29058,2
19636,2
5243,2
8270,2
27525,2
17609,2
2180,2
19844,2
4237,2
11494,2
440,2
17868,2
25134,2
3905,2
8454,2
3828,2
13410,2
6224,2
20540,2
2718,2
11872,2
3400,2
13792,2
13610,2
9406,2
8247,2
29462,2
20499,2
3247,2
17394,2
11921,2
28705,2
16499,2
18145,2
29430,2
16033,2
22117,2
26984,2
12512,2
16738,2
25421,2
18137,2
7502,2
16773,2
26414,2
29492,2
27798,2
27620,2
16451,2
9339,2
7721,2
27035,2
6209,2
15937,2
28193,2
29676,2
5135,2
24727,2
12236,2
7458,2
25090,2
20258,2
11413,2
18141,2
29293,2
18425,2
10314,2
25351,2
14885,2
13352,2
16095,2
17146,2
9208,2
20687,2
664,2
20491,2
19188,2
22628,2
26108,2
27140,2
2550,2
18927,2
12813,2
24964,2
18556,2
26321,2
10871,2
22731,2
5157,2
6142,2
24405,2
1572,2
28676,2
21929,2
17225,2
23326,2
22115,2
13043,2
15487,2
5920,2
3712,2
18460,2
29964,2
25784,2
16633,2
12416,2
19345,2
24088,2
5912,2
23977,2
16920,2
18101,2
1548,2
13256,2
5758,2
3987,2
10065,2
19924,2
18190,2
21918,2
25270,2
15438,2
12966,2
22497,2
23666,2
4353,2
3087,2
675,2
9557,2
3708,2
20995,2
2505,2
2313,2
4281,2
10702,2
18349,2
22312,2
22749,2
21510,2
23874,2
13340,2
17896,2
16690,2
23364,2
18503,2
22716,2
3531,2
14917,2
17917,2
21782,2
24539,2
18721,2
15739,2
26602,2
25119,2
21305,2
9733,2
1079,2
21235,2
17234,2
14017,2
11357,2
10184,2
27271,2
2115,2
24554,2
4664,2
12158,2
14954,2
4650,2
28544,2
19806,2
1363,2
26030,2
5694,2
12893,2
6130,2
21118,2
4624,2
18531,2
13226,2
10347,2
3797,2
27436,2
4869,2
12061,2
16483,2
3609,2
3216,2
13295,2
6026,2
29062,2
12645,2
11056,2
13111,2
10586,2
3625,2
24487,2
29356,2
11678,2
25670,2
6926,2
29849,2
3981,2
4968,2
4538,2
25947,2
4228,2
23542,2
27373,2
20026,2
3944,2
23628,2
23857,2
26697,2
9997,2
26409,2
22149,2
17179,2
17345,2
15664,2
24167,2
19339,2
24792,2
28121,2
20292,2
7290,2
18307,2
16461,2
25580,2
25158,2
11015,2
23168,2
8622,2
19086,2
15182,2
10377,2
6778,2
4606,2
28073,2
10568,2
9984,2
27593,2
2349,2
8232,2
10062,2
9846,2
21339,2
17877,2
20417,2
8580,2
9350,2
23503,2
18568,2
722,2
9252,2
10027,2
19078,2
23687,2
14004,2
19982,2
3470,2
28598,2
5590,2
22314,2
16021,2
1636,2
10680,2
1187,2
5506,2
22602,2
24862,2
287,2
22174,2
21214,2
11544,2
22206,2
16164,2
5143,2
9794,2
20085,2
21760,2
2566,2
21673,2
20961,2
28254,2
6307,2
13181,2
28644,2
21892,2
24882,2
5880,2
26643,2
21872,2
5066,2
8841,2
6189,2
28130,2
15301,2
10524,2
29484,2
3799,2
4672,2
10640,2
11835,2
29731,2
12891,2
9005,2
19790,2
10220,2
22052,2
10055,2
9068,2
10660,2
129,2
29310,2
22208,2
29975,2
14201,2
3107,2
1065,2
21655,2
13073,2
6474,2
26645,2
19168,2
6027,2
9720,2
854,2
23788,2
16763,2
9543,2
12225,2
19815,2
16603,2
17194,2
29108,2
191,2
20804,2
13036,2
15734,2
12688,2
17732,2
21282,2
17101,2
15807,2
19652,2
27079,2
5151,2
13065,2
24906,2
13354,2
9661,2
884,2
101,2
13087,2
13339,2
9652,2
15958,2
29940,2
4219,2
6437,2
394,2
15866,2
11941,2
353,2
17331,2
12700,2
2011,2
16482,2
14694,2
19089,2
5657,2
6075,2
28065,2
20738,2
19292,2
22908,2
5456,2
17034,2
12612,2
9519,2
21298,2
15232,2
1823,2
10151,2
24014,2
3039,2
11672,2
26883,2
9591,2
12247,2
5040,2
11583,2
7267,2
19380,2
24676,2
28212,2
25453,2
29440,2
6462,2
10505,2
14482,2
1461,2
18443,2
20444,2
7827,2
17141,2
26613,2
14906,2
739,2
22702,2
10848,2
16151,2
23651,2
20482,2
1621,2
13353,2
27688,2
25856,2
15349,2
14586,2
10423,2
1323,2
22479,2
25708,2
3759,2
20521,2
22455,2
16174,2
6712,2
28636,2
2754,2
26129,2
21638,2
20008,2
20225,2
9553,2
6852,2
4673,2
11077,2
4874,2
228,2
28418,2
9887,2
384,2
10665,2
8966,2
21079,2
9767,2
19070,2
21071,2
29436,2
23611,2
25610,2
11915,2
12146,2
26864,2
19488,2
13343,2
21557,2
2367,2
23242,2
10698,2
29486,2
14677,2
18347,2
21267,2
20431,2
15706,2
28002,2
12291,2
4723,2
3642,2
27835,2
21251,2
29678,2
26107,2
2606,2
6770,2
17487,2
25362,2
7590,2
4887,2
26307,2
887,2
14484,2
16063,2
29394,2
16286,2
16907,2
22911,2
10156,2
9179,2
2051,2
25675,2
10325,2
4006,2
22345,2
21716,2
28137,2
28386,2
9505,2
11121,2
27591,2
12465,2
29009,2
8952,2
14275,2
4811,2
23641,2
15445,2
18266,2
26989,2
4492,2
22119,2
8491,2
24672,2
23842,2
28189,2
13458,2
14056,2
9773,2
22612,2
7037,2
14183,2
21916,2
9688,2
11718,2
5341,2
13698,2
5728,2
26958,2
3440,2
12409,2
24456,2
5241,2
10940,2
5666,2
17816,2
27886,2
27367,2
16987,2
5122,2
24569,2
27072,2
6887,2
18379,2
14248,2
18891,2
22660,2
29361,2
8804,2
20996,2
24027,2
22972,2
24638,2
20311,2
16883,2
29847,2
27508,2
4085,2
11359,2
23142,2
16885,2
16096,2
13907,2
12639,2
12480,2
12030,2
24550,2
2592,2
7922,2
29277,2
23437,2
5213,2
9628,2
27216,2
22369,2
20259,2
146,2
4738,2
1014,2
22045,2
27358,2
12880,2
12519,2
27150,2
15291,2
14804,2
16792,2
5173,2
29057,2
22850,2
23524,2
17941,2
16411,2
7543,2
17154,2
7163,2
5692,2
10708,2
2031,2
11140,2
11786,2
5488,2
6825,2
23207,2
13765,2
25647,2
8664,2
29505,2
14918,2
22222,2
27761,2
23840,2
10514,2
23990,2
7656,2
5933,2
11032,2
19099,2
2520,2
11148,2
21536,2
26358,2
21048,2
327,2
13393,2
9737,2
25010,2
5245,2
27621,2
15691,2
28001,2
28848,2
20781,2
19919,2
22201,2
20886,2
27231,2
25956,2
7651,2
18229,2
21459,2
20288,2
3407,2
10292,2
29543,2
6710,2
13198,2
11668,2
28312,2
3524,2
18620,2
7247,2
21221,2
11994,2
9571,2
24137,2
22659,2
15315,2
21341,2
17044,2
16116,2
25830,2
17054,2
25520,2
8582,2
12799,2
2900,2
29252,2
14256,2
12851,2
3679,2
15823,2
19533,2
23551,2
14533,2
4123,2
19311,2
12975,2
428,2
23064,2
6438,2
26588,2
4903,2
16770,2
26051,2
2911,2
1676,2
29347,2
20309,2
23219,2
2301,2
15647,2
11395,2
15196,2
16016,2
17786,2
565,2
20113,2
27096,2
26693,2
28957,2
11068,2
12405,2
17640,2
5655,2
22037,2
9983,2
15372,2
29210,2
24220,2
18196,2
2630,2
13011,2
16893,2
2292,2
27810,2
25190,2
199,2
19584,2
11072,2
25307,2
26571,2
2978,2
16311,2
17045,2
4757,2
25373,2
20169,2
21853,2
3733,2
6595,2
28257,2
29012,2
2140,2
8207,2
27383,2
1493,2
20949,2
4313,2
14578,2
1973,2
14255,2
14576,2
8087,2
27924,2
12109,2
22923,2
29422,2
25648,2
6049,2
10808,2
22456,2
3868,2
11398,2
27912,2
8678,2
4139,2
28,2
24696,2
19784,2
6766,2
22380,2
112,2
23833,2
18970,2
18790,2
8492,2
12213,2
1741,2
16272,2
13095,2
23662,2
25325,2
21224,2
17945,2
16962,2
7403,2
6798,2
562,2
7310,2
29804,2
29272,2
16292,2
13163,2
6079,2
14728,2
11024,2
6830,2
19497,2
27266,2
17360,2
20125,2
22504,2
17443,2
15218,2
3053,2
28372,2
4171,2
26950,2
20983,2
12913,2
10961,2
11788,2
4909,2
2787,2
27203,2
15581,2
4065,2
5695,2
7803,2
20305,2
4532,2
29806,2
282,2
676,2
10502,2
6923,2
28447,2
24227,2
842,2
28265,2
9150,2
23191,2
2264,2
21795,2
11684,2
19050,2
19051,2
10250,2
25443,2
22077,2
9304,2
9372,2
20349,2
4878,2
2357,2
22471,2
6028,2
18989,2
27559,2
27272,2
12986,2
24791,2
15865,2
18947,2
4435,2
9046,2
483,2
15762,2
28523,2
29193,2
7081,2
4928,2
25057,2
4866,2
2570,2
7905,2
5219,2
16384,2
3933,2
25064,2
9729,2
26560,2
11185,2
28737,2
23068,2
2032,2
17196,2
10954,2
24589,2
20864,2
12495,2
12757,2
9814,2
7363,2
17013,2
27458,2
22235,2
24316,2
19384,2
5702,2
21862,2
20615,2
9655,2
19517,2
3209,2
28308,2
19872,2
1598,2
9649,2
20909,2
10221,2
3051,2
11382,2
1589,2
26973,2
15770,2
18201,2
19148,2
9476,2
22799,2
21207,2
1328,2
28781,2
9859,2
110,2
17926,2
24263,2
21029,2
20887,2
18468,2
20584,2
23294,2
25724,2
1287,2
8547,2
3554,2
24422,2
5889,2
14894,2
10390,2
15219,2
14053,2
22613,2
4913,2
8526,2
9839,2
13251,2
27681,2
8314,2
8225,2
4853,2
8744,2
21370,2
13583,2
15011,2
3932,2
17509,2
14551,2
17477,2
23647,2
15536,2
9059,2
20140,2
16331,2
21257,2
19076,2
6806,2
25461,2
25076,2
27086,2
8864,2
25911,2
17433,2
8460,2
25824,2
24803,2
18351,2
17788,2
4427,2
2464,2
5156,2
22947,2
27548,2
14061,2
17305,2
17316,2
17654,2
22356,2
13249,2
1338,2
23783,2
11131,2
28776,2
2735,2
21523,2
21926,2
356,2
10134,2
331,2
6973,2
11184,2
19312,2
16074,2
17820,2
9957,2
8908,2
25346,2
27062,2
21838,2
4248,2
14382,2
11470,2
15418,2
20763,2
29463,2
14810,2
8772,2
1010,2
4615,2
20956,2
16732,2
25280,2
6143,2
3125,2
23637,2
28110,2
8847,2
16926,2
18820,2
2427,2
25754,2
19193,2
25255,2
17764,2
11301,2
27223,2
10411,2
3789,2
12824,2
18939,2
5101,2
28314,2
29325,2
15366,2
9623,2
6077,2
18641,2
3942,2
11626,2
29775,2
19565,2
28998,2
25058,2
28638,2
5829,2
5983,2
4080,2
26359,2
8396,2
7737,2
19369,2
4021,2
7621,2
17566,2
25183,2
16541,2
25330,2
18350,2
454,2
341,2
14900,2
17787,2
17050,2
15756,2
8531,2
21441,2
13889,2
18244,2
14093,2
4654,2
29787,2
29473,2
21798,2
2744,2
3043,2
6792,2
10436,2
7608,2
6794,2
21397,2
25243,2
29823,2
12939,2
16293,2
1586,2
11743,2
2974,2
28046,2
27444,2
10931,2
18601,2
400,2
17396,2
19239,2
13100,2
10002,2
17228,2
8433,2
11123,2
17356,2
18090,2
29573,2
24323,2
4949,2
16944,2
17077,2
20195,2
12457,2
24570,2
22320,2
6467,2
28379,2
22498,2
8462,2
29299,2
21952,2
22536,2
6801,2
8863,2
28158,2
9639,2
38,2
9106,2
10404,2
19351,2
20423,2
23720,2
21719,2
20676,2
15971,2
18447,2
10798,2
26746,2
10399,2
644,2
25104,2
2414,2
10383,2
17944,2
10176,2
9126,2
2196,2
12461,2
27738,2
16923,2
26308,2
1047,2
5509,2
28225,2
6623,2
17370,2
6540,2
24559,2
2957,2
2956,2
29623,2
14964,2
4285,2
27442,2
19117,2
1329,2
28976,2
1656,2
20088,2
8311,2
2488,2
20123,2
22604,2
24902,2
10787,2
13444,2
9228,2
29286,2
7008,2
22813,2
3022,2
28596,2
12317,2
6728,2
19028,2
26598,2
23797,2
2257,2
14702,2
24534,2
11801,2
14357,2
10263,2
11758,2
27319,2
26831,2
23507,2
28248,2
8410,2
11674,2
12550,2
26784,2
14958,2
15661,2
21720,2
16641,2
29177,2
4098,2
25072,2
1240,2
20027,2
28136,2
16440,2
27496,2
25283,2
23293,2
430,2
29709,2
28165,2
19020,2
11936,2
20405,2
4066,2
6619,2
22902,2
18060,2
7455,2
25502,2
28529,2
22577,2
24314,2
18072,2
16645,2
20411,2
16720,2
17617,2
8257,2
899,2
5819,2
3362,2
7474,2
15342,2
5812,2
24679,2
4211,2
20408,2
18284,2
19812,2
19120,2
29953,2
13133,2
18948,2
5832,2
6481,2
10360,2
24911,2
27260,2
25419,2
10120,2
24671,2
6111,2
14777,2
16400,2
14118,2
8927,2
17789,2
10781,2
19466,2
15310,2
22637,2
15939,2
15060,2
4099,2
29936,2
5402,2
7710,2
14857,2
8243,2
558,2
12742,2
14850,2
5735,2
12396,2
9732,2
17041,2
18015,2
10533,2
1360,2
3521,2
23594,2
19333,2
28853,2
5967,2
16887,2
17885,2
2512,2
24896,2
27405,2
4068,2
12445,2
27949,2
10202,2
27788,2
4354,2
26351,2
17599,2
20418,2
29435,2
23265,2
24103,2
7351,2
8592,2
24313,2
13191,2
11296,2
19279,2
23435,2
12992,2
8471,2
13931,2
21080,2
4581,2
23446,2
29384,2
3595,2
23338,2
9510,2
7085,2
13052,2
5217,2
16845,2
11362,2
4626,2
14931,2
20132,2
15986,2
24846,2
22977,2
1584,2
5188,2
10379,2
6001,2
28101,2
6643,2
1340,2
10247,2
22787,2
17239,2
27805,2
1321,2
13292,2
18760,2
20765,2
21330,2
9950,2
24619,2
27389,2
14778,2
16243,2
26473,2
6647,2
23474,2
11022,2
20163,2
24030,2
29258,2
14580,2
29261,2
4858,2
26758,2
18353,2
21456,2
11978,2
20883,2
2892,2
12518,2
14104,2
22762,2
6901,2
24741,2
5419,2
15107,2
18895,2
3335,2
20069,2
21213,2
16222,2
21385,2
17919,2
23671,2
18394,2
20053,2
27484,2
23458,2
17965,2
418,2
2983,2
27483,2
16203,2
19241,2
1804,2
19706,2
9927,2
7801,2
15759,2
22438,2
24109,2
15217,2
7544,2
16864,2
22519,2
19952,2
26918,2
18956,2
22099,2
4555,2
10147,2
17964,2
16540,2
21492,2
3492,2
10056,2
20900,2
7387,2
4126,2
20808,2
11723,2
8326,2
20816,2
6709,2
8647,2
25086,2
14374,2
27344,2
9828,2
4380,2
29217,2
1879,2
22299,2
13925,2
8716,2
12618,2
2841,2
3762,2
1164,2
11724,2
11396,2
19789,2
17132,2
18544,2
22411,2
15334,2
19742,2
21818,2
22460,2
14435,2
10050,2
23778,2
17543,2
8387,2
12713,2
13385,2
16402,2
10469,2
241,2
29218,2
19270,2
18378,2
19023,2
4572,2
27841,2
10339,2
16175,2
6242,2
18051,2
2244,2
17198,2
14290,2
1097,2
25121,2
6377,2
12102,2
28315,2
9586,2
10911,2
20228,2
13122,2
22433,2
28728,2
10736,2
17185,2
25245,2
10179,2
15240,2
6214,2
24610,2
29000,2
5583,2
27919,2
916,2
10111,2
5303,2
20366,2
5109,2
9482,2
6164,2
22375,2
9315,2
13838,2
15649,2
14841,2
10397,2
22676,2
28981,2
20438,2
8913,2
20897,2
8088,2
27258,2
3989,2
7392,2
19259,2
12683,2
29223,2
12369,2
19699,2
20217,2
25546,2
11287,2
6477,2
18174,2
15952,2
7328,2
24607,2
26238,2
27220,2
2472,2
17268,2
20741,2
4686,2
27816,2
29760,2
216,2
22062,2
20944,2
25494,2
13609,2
18919,2
14831,2
16566,2
17688,2
7613,2
11302,2
16117,2
23743,2
13846,2
16024,2
2446,2
20605,2
25691,2
10450,2
23780,2
12482,2
10391,2
7234,2
7238,2
13927,2
7772,2
17162,2
28188,2
27248,2
9865,2
4786,2
2788,2
9127,2
14174,2
24424,2
18551,2
3682,2
10353,2
22462,2
19642,2
15933,2
11972,2
14535,2
11768,2
1974,2
16075,2
19198,2
1975,2
22390,2
29987,2
17247,2
1337,2
8133,2
18275,2
29207,2
6472,2
9133,2
29811,2
28421,2
24094,2
2006,2
16643,2
1356,2
23199,2
10872,2
4838,2
26760,2
8321,2
23486,2
11927,2
11420,2
25289,2
19414,2
14157,2
11324,2
8015,2
19373,2
22337,2
25426,2
18693,2
5424,2
20784,2
9045,2
25401,2
26313,2
29698,2
29744,2
16472,2
22171,2
4256,2
5175,2
23167,2
21639,2
15987,2
28108,2
8428,2
17740,2
102,2
522,2
25321,2
14003,2
18908,2
23710,2
21007,2
10197,2
4047,2
10080,2
25541,2
8005,2
12314,2
10153,2
21367,2
10141,2
20242,2
4899,2
2526,2
19842,2
6666,2
9496,2
7954,2
11448,2
16985,2
27461,2
14913,2
6316,2
13863,2
13245,2
23258,2
11472,2
7741,2
17594,2
1901,2
17548,2
21799,2
23580,2
21110,2
13405,2
21580,2
29699,2
1100,2
6360,2
19511,2
1377,2
1232,2
6479,2
6440,2
21033,2
27877,2
9403,2
13374,2
11150,2
15629,2
1264,2
26327,2
1665,2
11130,2
4680,2
26430,2
13430,2
15185,2
5785,2
6095,2
19153,2
94,2
16306,2
3628,2
9697,2
29124,2
1128,2
27632,2
3123,2
2226,2
13636,2
27241,2
14461,2
11703,2
23968,2
835,2
29742,2
25551,2
3074,2
15129,2
21794,2
25542,2
27186,2
1873,2
4459,2
25841,2
17551,2
7653,2
10398,2
15918,2
24174,2
5462,2
17726,2
27553,2
3251,2
19309,2
10331,2
18827,2
13944,2
25807,2
26298,2
25679,2
7383,2
10512,2
20645,2
10068,2
21709,2
1129,2
135,2
11260,2
3573,2
26368,2
935,2
27677,2
182,2
27286,2
15467,2
20006,2
1305,2
16301,2
15938,2
21047,2
3065,2
2303,2
28846,2
28995,2
19775,2
14154,2
7158,2
8554,2
11696,2
23934,2
8363,2
2810,2
27897,2
6609,2
17033,2
22832,2
18670,2
8791,2
20670,2
28355,2
8519,2
16510,2
12849,2
15670,2
19187,2
8306,2
1594,2
3982,2
29320,2
22610,2
27560,2
27797,2
16205,2
26717,2
15126,2
17540,2
16420,2
8769,2
20527,2
24498,2
19438,2
13983,2
18179,2
18625,2
16386,2
20475,2
22348,2
24071,2
10583,2
15765,2
16161,2
4984,2
10173,2
24876,2
11793,2
25174,2
4005,2
24558,2
14479,2
8076,2
595,2
13447,2
13299,2
24295,2
9467,2
9776,2
11716,2
19000,2
27716,2
27283,2
14046,2
14380,2
8236,2
10422,2
18521,2
28399,2
12434,2
624,2
21394,2
11365,2
29481,2
16858,2
5190,2
25523,2
994,2
1473,2
6268,2
21494,2
28090,2
19032,2
8845,2
22144,2
1854,2
5898,2
14309,2
23957,2
11326,2
3913,2
6317,2
16414,2
7605,2
28580,2
27840,2
26885,2
1778,2
4298,2
8688,2
11265,2
15576,2
18228,2
5999,2
22334,2
12923,2
4349,2
200,2
4503,2
18407,2
26228,2
24883,2
12676,2
19006,2
17623,2
20409,2
27335,2
17801,2
6207,2
20063,2
28485,2
16511,2
2188,2
24245,2
14271,2
19003,2
16089,2
15543,2
6624,2
6097,2
10570,2
15800,2
3636,2
4088,2
3770,2
21732,2
29802,2
21686,2
10829,2
18466,2
1231,2
10417,2
21490,2
28449,2
4335,2
15358,2
22987,2
10794,2
25990,2
1475,2
12679,2
3948,2
2619,2
18210,2
11126,2
9864,2
7707,2
10573,2
9396,2
14073,2
2894,2
11911,2
23956,2
13383,2
16925,2
15879,2
20345,2
25006,2
14437,2
25726,2
23477,2
7616,2
6889,2
22181,2
27193,2
17325,2
9196,2
4159,2
18885,2
26565,2
106,2
25763,2
19696,2
22614,2
12125,2
5879,2
7744,2
8551,2
14527,2
18516,2
1347,2
2327,2
25799,2
17744,2
6612,2
23406,2
25533,2
14100,2
8389,2
20802,2
19413,2
29355,2
3881,2
4511,2
29067,2
11278,2
614,2
24903,2
18286,2
16190,2
10242,2
20285,2
9155,2
11627,2
10922,2
20251,2
1300,2
2640,2
27399,2
3281,2
20308,2
9635,2
16086,2
18584,2
23280,2
26871,2
28118,2
22221,2
8099,2
2416,2
12847,2
7062,2
9413,2
17014,2
24533,2
24784,2
18063,2
393,2
25333,2
12982,2
10964,2
21418,2
28513,2
23403,2
17645,2
29755,2
16215,2
14442,2
1643,2
5831,2
20104,2
25986,2
23487,2
20788,2
13641,2
21991,2
15985,2
2821,2
21194,2
14515,2
20239,2
1138,2
20510,2
5867,2
6444,2
19104,2
4108,2
10105,2
25695,2
21013,2
10780,2
27622,2
11651,2
12156,2
10800,2
26330,2
28973,2
1618,2
25422,2
1177,2
14099,2
27515,2
19282,2
11222,2
5393,2
25062,2
26207,2
28433,2
14597,2
186,2
27543,2
9665,2
24260,2
14128,2
735,2
26277,2
15612,2
27692,2
29654,2
24049,2
5137,2
18793,2
29359,2
22071,2
11819,2
9493,2
10797,2
25318,2
25522,2
19632,2
24737,2
11315,2
14516,2
12200,2
29741,2
828,2
11393,2
9973,2
25923,2
6179,2
7775,2
2554,2
12142,2
1208,2
14734,2
29660,2
14856,2
3078,2
424,2
24976,2
25894,2
29446,2
6350,2
24465,2
10276,2
22231,2
13173,2
18788,2
3455,2
20313,2
9310,2
4148,2
18523,2
6401,2
14235,2
26192,2
15725,2
15198,2
27194,2
13137,2
12542,2
24636,2
16302,2
5112,2
25534,2
23264,2
23455,2
19948,2
1295,2
10154,2
25530,2
18894,2
4617,2
573,2
9894,2
19528,2
22570,2
29853,2
24729,2
18834,2
27407,2
15504,2
27177,2
23050,2
16343,2
26074,2
18569,2
29071,2
27869,2
22212,2
2855,2
26942,2
17350,2
15989,2
17008,2
7939,2
12829,2
28521,2
11243,2
24115,2
28221,2
21754,2
13643,2
1872,2
29821,2
3020,2
457,2
17574,2
9637,2
23673,2
16911,2
436,2
4184,2
23610,2
4070,2
26869,2
25985,2
14745,2
4988,2
5805,2
3355,2
22708,2
14121,2
28882,2
5423,2
16662,2
15357,2
25053,2
16514,2
19037,2
2636,2
2883,2
8763,2
22842,2
5557,2
13455,2
1249,2
12530,2
10413,2
16347,2
12298,2
5367,2
15902,2
15965,2
3167,2
26144,2
3729,2
16060,2
23132,2
6508,2
18148,2
25965,2
17954,2
24425,2
1118,2
24614,2
29708,2
3801,2
27121,2
19174,2
14504,2
27582,2
7626,2
11490,2
16442,2
9433,2
27029,2
6991,2
18121,2
19870,2
661,2
8666,2
13175,2
1561,2
10982,2
15501,2
26525,2
22967,2
745,2
16360,2
25859,2
9999,2
29404,2
13831,2
17790,2
23961,2
27118,2
3899,2
19611,2
9615,2
28522,2
14698,2
6043,2
1909,2
13486,2
5870,2
12606,2
10867,2
10684,2
1310,2
20246,2
10440,2
20830,2
18494,2
7439,2
21509,2
16737,2
1750,2
22025,2
18162,2
10085,2
7411,2
16034,2
22133,2
26227,2
8696,2
5021,2
208,2
16304,2
11992,2
16676,2
15280,2
169,2
28334,2
11055,2
14043,2
3328,2
13795,2
12330,2
26421,2
21349,2
26837,2
5994,2
26844,2
24237,2
24720,2
13224,2
4732,2
20193,2
28674,2
27170,2
23489,2
11841,2
28103,2
3726,2
11354,2
29705,2
3420,2
19184,2
1681,2
10941,2
5773,2
13457,2
28055,2
455,2
8334,2
21059,2
14720,2
16857,2
28794,2
19599,2
2876,2
14323,2
3586,2
11003,2
11775,2
14571,2
1306,2
27771,2
17995,2
29053,2
18995,2
12002,2
18039,2
525,2
10059,2
5549,2
17457,2
7076,2
1247,2
12261,2
6428,2
28435,2
9256,2
18870,2
4898,2
24452,2
26402,2
26515,2
26531,2
18359,2
17095,2
24914,2
23904,2
28952,2
16027,2
9301,2
15495,2
280,2
20915,2
21198,2
9328,2
5723,2
17483,2
21767,2
1846,2
4063,2
29471,2
25315,2
26554,2
12432,2
13542,2
12309,2
12464,2
633,2
4839,2
4125,2
10948,2
5091,2
3083,2
783,2
22640,2
7278,2
22541,2
25987,2
26718,2
15277,2
25108,2
21518,2
28031,2
9074,2
15237,2
121,2
17484,2
9383,2
13045,2
8835,2
20545,2
15374,2
23733,2
29927,2
4885,2
19689,2
7822,2
19229,2
2881,2
4231,2
12360,2
14216,2
17464,2
6282,2
15719,2
26223,2
4439,2
15395,2
11831,2
22301,2
6949,2
24560,2
7462,2
21863,2
20364,2
26840,2
23488,2
25893,2
1605,2
22928,2
1680,2
15533,2
17245,2
24038,2
21347,2
402,2
1435,2
24307,2
9551,2
29131,2
8447,2
4383,2
10315,2
24206,2
7034,2
21356,2
2871,2
10485,2
17355,2
24021,2
15539,2
26699,2
16779,2
10886,2
16486,2
24612,2
27882,2
5332,2
1062,2
25024,2
17143,2
12020,2
7241,2
6860,2
4177,2
497,2
5730,2
17277,2
15059,2
27519,2
5618,2
13673,2
14626,2
19272,2
4888,2
15551,2
13140,2
1772,2
905,2
19128,2
14779,2
27049,2
4873,2
4421,2
15247,2
6883,2
12985,2
652,2
6490,2
7747,2
19889,2
6074,2
17902,2
12658,2
1244,2
29090,2
25861,2
4563,2
29829,2
24583,2
15575,2
16653,2
21526,2
29557,2
27222,2
837,2
7683,2
29536,2
923,2
27175,2
28007,2
1992,2
6149,2
21684,2
8408,2
14840,2
29353,2
28570,2
18868,2
25144,2
16163,2
15714,2
422,2
26527,2
22232,2
14809,2
1008,2
17442,2
24624,2
13371,2
12809,2
25797,2
7675,2
2069,2
25839,2
1839,2
18849,2
10364,2
28464,2
5398,2
11883,2
17792,2
23657,2
24289,2
2605,2
10234,2
925,2
1882,2
24302,2
29764,2
9996,2
26389,2
10371,2
20064,2
8699,2
20041,2
807,2
20858,2
20440,2
28164,2
12703,2
9041,2
23716,2
10600,2
23017,2
23048,2
320,2
10244,2
7514,2
7927,2
28922,2
7096,2
6693,2
10187,2
9465,2
19295,2
21960,2
6640,2
10086,2
12415,2
14205,2
651,2
28847,2
1134,2
29334,2
13418,2
27917,2
4523,2
8138,2
12243,2
120,2
25747,2
25358,2
13135,2
9964,2
18238,2
3743,2
25221,2
13568,2
60,2
11920,2
10722,2
12077,2
11134,2
4586,2
15250,2
1067,2
18764,2
10269,2
17628,2
20484,2
10766,2
2164,2
22288,2
24042,2
14312,2
9909,2
20099,2
21996,2
29909,2
22525,2
11093,2
4575,2
18222,2
17935,2
1782,2
11304,2
11578,2
8448,2
14960,2
3417,2
19336,2
15940,2
7095,2
26360,2
25117,2
4314,2
19918,2
9559,2
18982,2
28716,2
9954,2
21989,2
27295,2
6454,2
24865,2
7399,2
3568,2
21613,2
20468,2
21403,2
10016,2
21583,2
21687,2
19362,2
13210,2
16558,2
8102,2
26428,2
14278,2
8920,2
23726,2
21095,2
15435,2
26480,2
26823,2
9327,2
15470,2
2165,2
25690,2
3292,2
28961,2
10121,2
19892,2
1103,2
29733,2
18285,2
26070,2
11635,2
14488,2
28862,2
13590,2
8571,2
11829,2
6321,2
15295,2
27404,2
26148,2
2010,2
17283,2
1414,2
2308,2
23230,2
16077,2
11321,2
9607,2
16859,2
15656,2
15994,2
8959,2
6862,2
17920,2
11065,2
22152,2
23224,2
7720,2
13223,2
5126,2
17017,2
27530,2
11390,2
3219,2
21755,2
4711,2
28344,2
6730,2
28301,2
21133,2
18818,2
21941,2
9429,2
20602,2
9417,2
3858,2
4700,2
15261,2
8239,2
22773,2
1667,2
16986,2
25118,2
8851,2
19014,2
6727,2
26778,2
7449,2
4196,2
16709,2
27666,2
4518,2
3304,2
11201,2
25768,2
1282,2
5852,2
15605,2
1117,2
4685,2
24111,2
8630,2
1339,2
27244,2
26521,2
23253,2
16229,2
1912,2
14765,2
12745,2
23565,2
22228,2
8028,2
25169,2
3465,2
18538,2
28546,2
2415,2
15440,2
6088,2
25706,2
3620,2
24374,2
22723,2
16684,2
21928,2
3338,2
2947,2
25185,2
27061,2
2233,2
26813,2
25515,2
19553,2
427,2
1371,2
8185,2
12806,2
24944,2
1824,2
3201,2
28017,2
9128,2
11294,2
1193,2
24709,2
14014,2
14040,2
13386,2
8686,2
13490,2
8485,2
13115,2
17695,2
22260,2
29280,2
18997,2
10373,2
964,2
18488,2
29674,2
5059,2
14789,2
9346,2
1170,2
29271,2
2695,2
8348,2
26632,2
26617,2
14730,2
2379,2
22454,2
22961,2
16666,2
5080,2
11572,2
7813,2
14607,2
27013,2
27246,2
19519,2
934,2
5593,2
14194,2
13967,2
15771,2
11556,2
1466,2
7700,2
791,2
10694,2
18149,2
16067,2
22292,2
27644,2
16040,2
26209,2
23006,2
14200,2
25293,2
22742,2
9739,2
28514,2
11084,2
17136,2
26927,2
5732,2
24552,2
16751,2
29711,2
14276,2
15186,2
72,2
24242,2
23425,2
20999,2
4192,2
20618,2
25506,2
29672,2
17963,2
13955,2
20184,2
28161,2
23026,2
29452,2
22709,2
9949,2
15275,2
1190,2
10727,2
1644,2
3943,2
11167,2
25267,2
29375,2
18203,2
8039,2
26507,2
23589,2
26505,2
6255,2
10366,2
9906,2
15594,2
3566,2
19560,2
4168,2
27247,2
11524,2
23819,2
3702,2
3336,2
17298,2
27742,2
17699,2
5183,2
28730,2
26382,2
14146,2
5337,2
10691,2
20948,2
8444,2
15164,2
17568,2
26508,2
27586,2
14011,2
9441,2
26711,2
17936,2
21951,2
20350,2
28307,2
6809,2
10768,2
8242,2
11980,2
15679,2
10581,2
3430,2
14618,2
3001,2
29826,2
20547,2
16385,2
14131,2
4614,2
16701,2
1964,2
16303,2
11434,2
23394,2
19113,2
7185,2
27867,2
27838,2
29890,2
26557,2
29381,2
28771,2
16410,2
20579,2
4593,2
18178,2
8256,2
9584,2
1868,2
18504,2
27109,2
10731,2
1876,2
357,2
10348,2
14861,2
17622,2
7868,2
20735,2
28366,2
9580,2
1660,2
14594,2
24130,2
28769,2
643,2
13017,2
23933,2
14853,2
29828,2
6516,2
27395,2
21151,2
10034,2
1893,2
25751,2
3416,2
22153,2
6278,2
15741,2
26940,2
3208,2
10546,2
24602,2
5746,2
28170,2
18085,2
3196,2
17993,2
23856,2
26661,2
4777,2
14328,2
2722,2
672,2
24556,2
412,2
5572,2
18237,2
4232,2
14590,2
2065,2
17721,2
7642,2
10024,2
7986,2
18312,2
26058,2
21153,2
8271,2
26438,2
907,2
17186,2
17716,2
23905,2
10893,2
14706,2
290,2
10883,2
15961,2
21201,2
16224,2
10499,2
24357,2
826,2
19897,2
18306,2
7029,2
28411,2
6921,2
28819,2
10228,2
19122,2
12164,2
25527,2
24058,2
22692,2
14313,2
28122,2
23088,2
3558,2
2700,2
19436,2
26292,2
27861,2
10594,2
4505,2
12412,2
28843,2
5560,2
17205,2
12706,2
18646,2
6840,2
21601,2
7697,2
23235,2
3232,2
16577,2
25239,2
16235,2
18470,2
10177,2
24905,2
24515,2
26061,2
10149,2
13769,2
27382,2
25919,2
18422,2
26634,2
4071,2
24285,2
16379,2
18815,2
2506,2
15840,2
23040,2
29228,2
787,2
24120,2
2680,2
26373,2
20820,2
295,2
7787,2
13865,2
2336,2
1186,2
16755,2
16020,2
23926,2
26764,2
10145,2
15721,2
19041,2
5325,2
9288,2
12237,2
5068,2
10088,2
6970,2
21481,2
9164,2
13460,2
26694,2
18167,2
24190,2
13302,2
9312,2
26932,2
111,2
8059,2
15443,2
7603,2
15458,2
12123,2
21640,2
22096,2
22488,2
10318,2
5434,2
25339,2
24213,2
17386,2
25340,2
29595,2
4924,2
13802,2
28715,2
24951,2
13731,2
311,2
25683,2
5860,2
6256,2
18886,2
8419,2
12752,2
26341,2
8371,2
22494,2
27015,2
28941,2
17492,2
14351,2
20322,2
8637,2
28742,2
24256,2
20926,2
4746,2
21169,2
15811,2
21736,2
3504,2
2597,2
5595,2
21309,2
3028,2
7406,2
18403,2
19596,2
22180,2
13088,2
7978,2
11699,2
23996,2
11248,2
7064,2
20387,2
2817,2
22106,2
1979,2
20672,2
20693,2
18978,2
13190,2
7277,2
2436,2
4053,2
20683,2
5491,2
20222,2
26587,2
17514,2
26563,2
28371,2
26494,2
26818,2
27334,2
19327,2
6359,2
17624,2
10043,2
23161,2
27819,2
18723,2
26275,2
21256,2
13276,2
24057,2
7946,2
20850,2
19335,2
8289,2
6812,2
1532,2
8903,2
3012,2
3,2
21073,2
13057,2
13762,2
27427,2
3581,2
1884,2
20927,2
4109,2
25218,2
3690,2
20978,2
16415,2
13316,2
11694,2
21825,2
22279,2
21769,2
23910,2
13265,2
21653,2
16398,2
29818,2
17615,2
4010,2
16667,2
15910,2
20470,2
12327,2
20713,2
21278,2
20941,2
26500,2
7209,2
26606,2
10675,2
21489,2
4649,2
17611,2
27328,2
548,2
6280,2
1017,2
13616,2
7771,2
2129,2
11660,2
2696,2
6566,2
24977,2
10500,2
272,2
23761,2
13106,2
6788,2
27063,2
27565,2
2594,2
25111,2
9443,2
11625,2
27769,2
8652,2
18318,2
27339,2
17976,2
7994,2
1900,2
19754,2
17126,2
12664,2
20824,2
22073,2
3344,2
9499,2
10409,2
27187,2
20354,2
29478,2
616,2
2915,2
15662,2
152,2
21210,2
11234,2
16888,2
18386,2
17754,2
13552,2
21032,2
1798,2
1418,2
866,2
16433,2
11210,2
14543,2
9676,2
18829,2
5662,2
9644,2
19192,2
28012,2
7930,2
6105,2
10457,2
11943,2
11792,2
28283,2
5528,2
8154,2
29861,2
13587,2
19208,2
12864,2
23550,2
5346,2
6528,2
26903,2
18900,2
28960,2
13031,2
10376,2
29236,2
2797,2
5220,2
24633,2
22775,2
3438,2
25498,2
22714,2
26757,2
21192,2
1271,2
29367,2
29284,2
15347,2
24353,2
9220,2
4752,2
15524,2
6638,2
2736,2
1050,2
4772,2
27431,2
3700,2
24627,2
29730,2
14429,2
710,2
17904,2
8634,2
1612,2
13677,2
12608,2
6776,2
27371,2
20874,2
12500,2
2144,2
7160,2
7198,2
4051,2
13912,2
26374,2
8759,2
13808,2
25818,2
25478,2
24698,2
12922,2
5803,2
13501,2
11918,2
14630,2
27959,2
16517,2
29831,2
24160,2
10868,2
14741,2
3389,2
29119,2
3066,2
22194,2
7686,2
107,2
363,2
23373,2
2632,2
23813,2
28899,2
16001,2
24434,2
3409,2
25026,2
25632,2
18911,2
27852,2
276,2
1319,2
6104,2
22022,2
5857,2
7119,2
21841,2
23283,2
18288,2
29213,2
1803,2
8805,2
26683,2
859,2
25055,2
20100,2
19777,2
25386,2
26921,2
24383,2
17644,2
5664,2
26284,2
1574,2
4019,2
26212,2
9364,2
17592,2
3618,2
28227,2
3297,2
3967,2
59,2
16231,2
24852,2
23464,2
18519,2
16796,2
4273,2
27136,2
5176,2
26983,2
9686,2
6649,2
3184,2
16618,2
28465,2
17138,2
8521,2
26754,2
20212,2
5495,2
3897,2
17116,2
21102,2
25606,2
22968,2
21253,2
19093,2
16403,2
8567,2
20171,2
5815,2
6546,2
25857,2
13147,2
24360,2
2440,2
21927,2
11593,2
25509,2
27714,3
7584,3
7022,3
23409,3
11922,3
19234,3
24763,3
7151,3
1324,3
850,3
15050,3
19854,3
21295,3
10569,3
20161,3
23796,3
24530,3
13555,3
21762,3
27304,3
29716,3
13463,3
17913,3
20181,3
2582,3
21460,3
15844,3
14655,3
21093,3
18083,3
8424,3
3947,3
15556,3
1135,3
19102,3
22137,3
3273,3
28208,3
27589,3
23670,3
16475,3
10934,3
7110,3
22737,3
14530,3
7551,3
4480,3
25757,3
1126,3
21764,3
10677,3
1921,3
1288,3
25465,3
4257,3
10696,3
13312,3
7261,3
6044,3
27080,3
2689,3
962,3
3854,3
1585,3
21085,3
23541,3
1718,3
8238,3
12162,3
10737,3
4576,3
27997,3
15931,3
26870,3
9014,3
3535,3
12932,3
28373,3
28216,3
25813,3
6293,3
18964,3
26333,3
10863,3
22669,3
844,3
8131,3
9785,3
28530,3
8203,3
12208,3
10976,3
14177,3
11664,3
24635,3
4979,3
13821,3
14297,3
4308,3
3244,3
26624,3
3396,3
6641,3
857,3
20420,3
484,3
1199,3
25971,3
157,3
13452,3
25741,3
11614,3
2001,3
14404,3
22202,3
23074,3
15711,3
8234,3
767,3
6784,3
17204,3
12081,3
20266,3
8008,3
24068,3
12340,3
16476,3
15472,3
25292,3
10511,3
9017,3
29610,3
11349,3
28955,3
5469,3
13382,3
28100,3
14409,3
67,3
17489,3
3627,3
561,3
18402,3
15688,3
24325,3
1669,3
29302,3
16412,3
14503,3
18104,3
7751,3
19762,3
7339,3
15207,3
12135,3
13945,3
590,3
20939,3
18655,3
24542,3
24450,3
16427,3
20932,3
23311,3
14721,3
26648,3
2756,3
28044,3
16710,3
5533,3
9422,3
2147,3
18172,3
27105,3
3329,3
17147,3
18628,3
16330,3
25482,3
28984,3
9769,3
20360,3
29035,3
16166,3
12731,3
22865,3
27060,3
1701,3
2905,3
10006,3
3260,3
17960,3
28652,3
19127,3
27123,3
10639,3
14127,3
7666,3
12511,3
5622,3
23155,3
15484,3
22971,3
23975,3
25359,3
26109,3
29702,3
24039,3
25650,3
27392,3
22531,3
20114,3
16970,3
4756,3
29587,3
17840,3
16473,3
1013,3
13277,3
23965,3
17985,3
18582,3
12420,3
14934,3
24122,3
8834,3
11622,3
29351,3
13526,3
17560,3
27052,3
29661,3
28748,3
19863,3
21805,3
11069,3
16140,3
25756,3
13148,3
3436,3
8886,3
108,3
17317,3
3036,3
17424,3
21569,3
7035,3
23267,3
19303,3
11552,3
7082,3
6252,3
2021,3
21516,3
23882,3
10637,3
19510,3
10925,3
17380,3
3653,3
27033,3
24335,3
20273,3
23269,3
2971,3
25036,3
6053,3
9602,3
2771,3
6538,3
29863,3
14250,3
7925,3
5249,3
21363,3
20902,3
28384,3
5416,3
12397,3
7560,3
20595,3
3199,3
2985,3
6232,3
18346,3
19885,3
10690,3
1500,3
5652,3
14405,3
28615,3
16834,3
13928,3
25968,3
27162,3
1934,3
14623,3
26622,3
11007,3
17876,3
26604,3
9234,3
22545,3
26481,3
10995,3
27573,3
7348,3
7301,3
25555,3
5185,3
11526,3
8049,3
2229,3
13264,3
24873,3
29107,3
7853,3
17324,3
494,3
9261,3
19859,3
16988,3
28782,3
21137,3
27005,3
18801,3
6041,3
29398,3
22234,3
18616,3
24155,3
4151,3
4067,3
26217,3
8221,3
11610,3
15093,3
13687,3
11887,3
26260,3
26605,3
5641,3
541,3
9452,3
17946,3
5811,3
800,3
6556,3
26742,3
9820,3
19444,3
11685,3
8208,3
22305,3
5319,3
12920,3
12865,3
18173,3
27021,3
3607,3
3318,3
1688,3
16180,3
29810,3
27125,3
27967,3
29779,3
6101,3
5511,3
19452,3
1525,3
2482,3
20655,3
8655,3
11923,3
12411,3
1409,3
29537,3
7824,3
3067,3
8591,3
434,3
7796,3
28687,3
16064,3
6073,3
6702,3
24107,3
17554,3
17357,3
29209,3
27946,3
22406,3
29868,3
22344,3
637,3
15463,3
18833,3
24527,3
17122,3
4681,3
8800,3
22974,3
8077,3
6343,3
13539,3
347,3
5385,3
10902,3
8871,3
20106,3
4164,3
18545,3
22593,3
6070,3
7893,3
19464,3
13654,3
26303,3
22986,3
13546,3
29307,3
27041,3
329,3
8412,3
17449,3
4396,3
3652,3
27057,3
13075,3
25983,3
7864,3
14976,3
6418,3
14306,3
9462,3
8614,3
9778,3
17638,3
24264,3
11585,3
20480,3
16917,3
17456,3
19874,3
25020,3
6634,3
11300,3
21477,3
4140,3
7217,3
29172,3
12545,3
16356,3
19964,3
12286,3
12438,3
11387,3
19829,3
23063,3
16694,3
2795,3
370,3
22287,3
11220,3
11216,3
21632,3
166,3
8508,3
29196,3
606,3
12841,3
26345,3
20433,3
12767,3
26282,3
27333,3
6968,3
4921,3
29322,3
27074,3
6739,3
958,3
18415,3
7988,3
17581,3
21065,3
28434,3
18273,3
18400,3
11888,3
19203,3
9085,3
26149,3
12053,3
10957,3
26796,3
28085,3
4040,3
1250,3
734,3
27747,3
26355,3
22726,3
7144,3
23588,3
28099,3
13982,3
25365,3
6318,3
11564,3
18114,3
23519,3
25585,3
14523,3
2371,3
3168,3
20205,3
6080,3
4218,3
8827,3
16813,3
15932,3
2352,3
8915,3
13262,3
4854,3
6541,3
5847,3
28309,3
4178,3
27420,3
7664,3
11442,3
6168,3
29147,3
8345,3
381,3
6356,3
17378,3
11683,3
13565,3
12087,3
3686,3
6301,3
24603,3
28337,3
29559,3
26007,3
3310,3
29498,3
28503,3
14665,3
11885,3
26519,3
4478,3
4856,3
2914,3
894,3
1885,3
5796,3
7113,3
13592,3
15369,3
682,3
26759,3
6735,3
13750,3
20989,3
23346,3
4158,3
17250,3
6332,3
3011,3
11726,3
16819,3
8866,3
15580,3
24286,3
17063,3
23129,3
9765,3
581,3
24801,3
22109,3
5057,3
9902,3
7984,3
21855,3
14794,3
24858,3
3095,3
13634,3
10447,3
20633,3
16948,3
9064,3
28370,3
17855,3
2198,3
19753,3
13743,3
11641,3
25021,3
704,3
15391,3
24135,3
24423,3
6971,3
15631,3
6145,3
9391,3
26541,3
5388,3
4364,3
17358,3
22006,3
13511,3
19943,3
7712,3
24705,3
15959,3
12736,3
15873,3
924,3
3287,3
29419,3
794,3
8585,3
9440,3
3093,3
27166,3
25517,3
13919,3
16749,3
25564,3
19960,3
7204,3
26553,3
19059,3
21020,3
6629,3
4684,3
1886,3
21066,3
11731,3
8740,3
27163,3
1831,3
11095,3
13275,3
20789,3
15518,3
6686,3
18943,3
20312,3
17734,3
26900,3
8857,3
16778,3
22663,3
21241,3
11908,3
27702,3
7538,3
29039,3
24466,3
2518,3
13572,3
26001,3
16368,3
10767,3
13787,3
17912,3
7423,3
23381,3
24069,3
16413,3
1497,3
29740,3
4801,3
26664,3
15262,3
26591,3
9111,3
20643,3
376,3
20993,3
8190,3
2624,3
7783,3
12877,3
1336,3
4461,3
10552,3
21624,3
9227,3
6368,3
11540,3
13058,3
2232,3
11346,3
9700,3
3088,3
4962,3
23498,3
19047,3
8935,3
27612,3
18776,3
12744,3
24544,3
4182,3
2875,3
23080,3
7583,3
5782,3
4848,3
26067,3
16753,3
2940,3
13288,3
24579,3
14705,3
28762,3
1213,3
18401,3
15442,3
11325,3
6305,3
20530,3
3094,3
12384,3
17152,3
23579,3
27322,3
1457,3
27905,3
10320,3
29117,3
9874,3
15414,3
12821,3
3666,3
18904,3
23680,3
5400,3
3543,3
20924,3
7052,3
24834,3
25540,3
26468,3
15211,3
6435,3
23873,3
20700,3
26936,3
24953,3
23732,3
1154,3
16314,3
13768,3
16742,3
4995,3
28593,3
24743,3
29558,3
13128,3
28102,3
7644,3
13701,3
11285,3
17969,3
2362,3
2056,3
8611,3
19928,3
26802,3
29174,3
21027,3
12937,3
21388,3
10015,3
16152,3
27497,3
9363,3
6447,3
29005,3
19149,3
25002,3
3991,3
3710,3
11861,3
2328,3
19318,3
26429,3
638,3
29794,3
4054,3
23291,3
23865,3
5925,3
24819,3
23010,3
4902,3
15760,3
24254,3
5682,3
609,3
4346,3
1406,3
15029,3
22966,3
268,3
16747,3
18855,3
2046,3
18917,3
12117,3
27094,3
6004,3
8123,3
9430,3
2972,3
29409,3
165,3
789,3
5884,3
25016,3
5055,3
2057,3
14644,3
22148,3
1913,3
11010,3
2337,3
24955,3
1025,3
8795,3
20215,3
919,3
14568,3
24304,3
18686,3
9176,3
14859,3
6030,3
11219,3
288,3
24998,3
12068,3
2954,3
10701,3
16448,3
27462,3
22838,3
5481,3
5673,3
2738,3
9463,3
20980,3
11217,3
26336,3
29231,3
4100,3
26991,3
27003,3
22783,3
21554,3
13406,3
22443,3
18637,3
8704,3
1265,3
19204,3
4735,3
28176,3
22584,3
9687,3
9180,3
4933,3
25470,3
18765,3
17326,3
8538,3
8094,3
29256,3
1799,3
3363,3
19289,3
8940,3
10309,3
10007,3
27709,3
26793,3
16328,3
23508,3
29112,3
814,3
11763,3
16253,3
1318,3
17749,3
17955,3
6998,3
8440,3
28756,3
5754,3
2231,3
22548,3
17113,3
19941,3
20201,3
19278,3
23684,3
28486,3
10619,3
9394,3
6706,3
7979,3
2529,3
2262,3
8523,3
3154,3
9899,3
28186,3
26842,3
3721,3
23081,3
13314,3
3564,3
3960,3
10747,3
28942,3
27134,3
11139,3
12364,3
5548,3
1220,3
28997,3
5568,3
3891,3
11662,3
8502,3
25801,3
13159,3
25798,3
16679,3
15206,3
10427,3
5769,3
20128,3
29519,3
9321,3
12211,3
9316,3
23348,3
213,3
5570,3
27535,3
14731,3
12650,3
26978,3
13909,3
17713,3
17145,3
24677,3
18752,3
17190,3
16551,3
4292,3
16404,3
29091,3
19484,3
13506,3
20695,3
5365,3
17000,3
1781,3
28228,3
10909,3
10810,3
6526,3
18340,3
4605,3
23179,3
1481,3
6458,3
19367,3
27291,3
20348,3
24319,3
26702,3
5389,3
1818,3
172,3
8404,3
18596,3
7385,3
24444,3
20819,3
21550,3
3453,3
27478,3
22733,3
15542,3
7879,3
7417,3
5993,3
17999,3
2383,3
2929,3
26363,3
22907,3
21592,3
413,3
17027,3
26804,3
29898,3
5869,3
5756,3
25085,3
6011,3
11500,3
22856,3
9029,3
2350,3
2585,3
25635,3
29313,3
23175,3
5990,3
1595,3
10063,3
6930,3
4843,3
18973,3
26049,3
18168,3
7936,3
18053,3
720,3
9775,3
4295,3
27188,3
2912,3
8598,3
12034,3
22645,3
16590,3
1540,3
25109,3
27159,3
2455,3
7285,3
12006,3
21262,3
20882,3
9799,3
11951,3
12095,3
24943,3
8213,3
16495,3
3193,3
7056,3
567,3
4676,3
16572,3
27376,3
29990,3
28087,3
11886,3
29204,3
27372,3
29444,3
12094,3
17899,3
7409,3
7997,3
378,3
15489,3
21030,3
240,3
5759,3
26376,3
25547,3
4437,3
8665,3
6527,3
12671,3
12926,3
18565,3
9140,3
6346,3
7990,3
2832,3
21035,3
27169,3
16348,3
24588,3
27547,3
24989,3
3498,3
9597,3
7128,3
2699,3
2934,3
23659,3
4161,3
26150,3
8861,3
4381,3
4274,3
7952,3
24457,3
14102,3
29265,3
27974,3
10452,3
26652,3
28138,3
6269,3
19712,3
1030,3
18214,3
17881,3
27313,3
8545,3
28194,3
25769,3
29929,3
13519,3
21919,3
21710,3
22349,3
16213,3
15884,3
29866,3
24703,3
3061,3
9982,3
17903,3
28888,3
17602,3
23418,3
10624,3
12554,3
2050,3
18598,3
23148,3
29773,3
26817,3
22272,3
26201,3
4246,3
8199,3
24912,3
15853,3
2439,3
24208,3
21836,3
15595,3
6021,3
3741,3
5681,3
12504,3
10611,3
26247,3
12451,3
956,3
6940,3
28000,3
1176,3
3106,3
29888,3
1480,3
13232,3
28840,3
14450,3
25399,3
4905,3
6782,3
488,3
13652,3
2355,3
15092,3
22428,3
5115,3
502,3
2800,3
28296,3
13307,3
20415,3
21100,3
10915,3
5450,3
1279,3
20564,3
27012,3
9611,3
8822,3
875,3
3695,3
27889,3
23983,3
13715,3
12035,3
4549,3
2191,3
12935,3
5480,3
9513,3
17416,3
1421,3
16644,3
9072,3
10464,3
1749,3
870,3
24439,3
23184,3
24479,3
12249,3
16245,3
9058,3
26751,3
8156,3
8799,3
20548,3
28210,3
11837,3
8646,3
2217,3
1899,3
8411,3
17311,3
12526,3
8934,3
21937,3
11704,3
11591,3
9362,3
12293,3
1230,3
10547,3
27842,3
27777,3
1184,3
28023,3
6138,3
5996,3
26691,3
24595,3
28502,3
18597,3
10705,3
27725,3
27890,3
13839,3
17500,3
16212,3
7960,3
11113,3
29232,3
24261,3
5291,3
18024,3
28006,3
3964,3
3925,3
24342,3
23370,3
18832,3
882,3
22751,3
19839,3
15176,3
13271,3
2839,3
19442,3
20885,3
16023,3
23436,3
27928,3
20701,3
13373,3
20896,3
4469,3
19461,3
27347,3
16941,3
24381,3
26843,3
10312,3
25378,3
20646,3
3049,3
1703,3
14227,3
11899,3
4609,3
28082,3
22791,3
23368,3
8157,3
11730,3
17953,3
2721,3
7218,3
27795,3
16028,3
12854,3
21814,3
29143,3
25037,3
15792,3
26291,3
11043,3
8499,3
7933,3
24378,3
8282,3
24416,3
23764,3
3529,3
4309,3
26255,3
6952,3
29365,3
7743,3
15951,3
3952,3
25433,3
13515,3
6300,3
12381,3
13893,3
10928,3
19887,3
25666,3
10617,3
12253,3
26962,3
16975,3
4967,3
6890,3
21076,3
1285,3
27050,3
10593,3
4374,3
22965,3
13079,3
24003,3
6927,3
11133,3
14566,3
28324,3
18336,3
20310,3
342,3
4404,3
7031,3
10601,3
22806,3
24104,3
5710,3
28534,3
17700,3
3727,3
23982,3
8287,3
4179,3
2694,3
3694,3
1529,3
2212,3
5951,3
28921,3
5585,3
23000,3
1639,3
29701,3
23414,3
10877,3
16507,3
6330,3
15343,3
18928,3
19143,3
21942,3
5961,3
18301,3
17702,3
19609,3
12838,3
28558,3
13623,3
29274,3
8370,3
24363,3
19274,3
26488,3
19134,3
12604,3
7140,3
10716,3
21627,3
12994,3
10839,3
12904,3
10498,3
21500,3
12646,3
8596,3
12593,3
6340,3
21519,3
12428,3
5379,3
7084,3
24222,3
7394,3
16898,3
16423,3
7188,3
5715,3
11559,3
7467,3
3162,3
21440,3
17822,3
1630,3
24572,3
4577,3
13054,3
2579,3
27164,3
29185,3
23741,3
10668,3
21641,3
890,3
1229,3
4965,3
20651,3
2958,3
8702,3
27954,3
23492,3
22950,3
5198,3
20342,3
14001,3
20694,3
4097,3
22677,3
19769,3
29045,3
12907,3
8466,3
26902,3
21422,3
22523,3
28753,3
27753,3
21804,3
21943,3
27466,3
23071,3
21336,3
278,3
19177,3
11493,3
6342,3
6040,3
9008,3
3752,3
29575,3
493,3
13023,3
20162,3
19668,3
9145,3
22074,3
19724,3
28285,3
9022,3
10775,3
8752,3
10350,3
6071,3
4470,3
29759,3
14660,3
14797,3
2461,3
5982,3
3934,3
16861,3
7089,3
1686,3
6596,3
7421,3
24124,3
5897,3
23102,3
891,3
647,3
12771,3
10866,3
1280,3
9642,3
7219,3
9881,3
2433,3
23928,3
29997,3
28052,3
8690,3
13407,3
28029,3
28751,3
1826,3
20888,3
13243,3
18014,3
20599,3
6630,3
12571,3
25400,3
25678,3
29373,3
12638,3
4386,3
28454,3
12515,3
10484,3
23539,3
11356,3
26445,3
8876,3
6492,3
20871,3
3372,3
24510,3
20110,3
6416,3
5910,3
26297,3
25438,3
19419,3
9369,3
12622,3
11105,3
9033,3
20090,3
28576,3
29122,3
20267,3
11320,3
29030,3
16772,3
14645,3
19740,3
20321,3
9490,3
25904,3
15380,3
7630,3
10773,3
18223,3
21973,3
11487,3
21508,3
8993,3
11385,3
28772,3
9970,3
7647,3
20848,3
801,3
1877,3
20774,3
4039,3
3945,3
1309,3
4541,3
20061,3
9802,3
6084,3
10743,3
3116,3
27149,3
11652,3
1603,3
10157,3
17129,3
1732,3
25667,3
12980,3
8891,3
15266,3
26828,3
16218,3
4238,3
18661,3
20665,3
16471,3
3122,3
96,3
10549,3
21983,3
7208,3
14649,3
29328,3
22038,3
26761,3
26050,3
19366,3
25719,3
13360,3
12879,3
2743,3
812,3
20976,3
29884,3
16976,3
20494,3
6229,3
10758,3
15496,3
8850,3
16835,3
10921,3
7648,3
28930,3
7124,3
11332,3
17403,3
15002,3
4339,3
2547,3
21338,3
16364,3
22700,3
18042,3
27739,3
25334,3
8635,3
8407,3
9920,3
22473,3
8340,3
15106,3
2652,3
19300,3
28741,3
24179,3
8602,3
20034,3
3904,3
7256,3
5203,3
5178,3
27510,3
18062,3
2653,3
13566,3
26890,3
8399,3
24982,3
1374,3
26232,3
1203,3
8820,3
25733,3
27219,3
8105,3
1832,3
24034,3
4445,3
19796,3
5017,3
5268,3
5543,3
14059,3
10445,3
20399,3
23323,3
3170,3
27214,3
11218,3
13740,3
21922,3
27127,3
23233,3
11454,3
21860,3
17860,3
7757,3
25899,3
16026,3
432,3
20906,3
23245,3
18457,3
15783,3
1136,3
28871,3
8849,3
21473,3
836,3
29386,3
2271,3
11568,3
22267,3
9638,3
24172,3
15969,3
13465,3
15061,3
1763,3
13818,3
28385,3
9065,3
18478,3
12802,3
12629,3
15364,3
11832,3
15632,3
29722,3
8910,3
15677,3
17576,3
6218,3
11212,3
11849,3
25070,3
21375,3
20780,3
10098,3
14791,3
17667,3
28376,3
4939,3
9753,3
26574,3
16567,3
11732,3
19,3
26254,3
17441,3
12691,3
6771,3
7625,3
16450,3
3878,3
20937,3
13228,3
21843,3
1316,3
13660,3
19106,3
8034,3
26062,3
23257,3
3896,3
25166,3
17760,3
19097,3
26453,3
21359,3
13204,3
9257,3
25052,3
25943,3
998,3
17224,3
15079,3
2242,3
2734,3
29350,3
25870,3
13247,3
2394,3
16687,3
25815,3
15973,3
5214,3
19263,3
20649,3
9570,3
27802,3
8125,3
7676,3
15535,3
3311,3
2207,3
10744,3
27654,3
2016,3
15846,3
17439,3
3369,3
5032,3
2100,3
10209,3
15922,3
15058,3
23560,3
16657,3
25326,3
12853,3
398,3
27937,3
7145,3
14554,3
8984,3
20039,3
24568,3
14714,3
18522,3
22259,3
2063,3
19940,3
24013,3
26011,3
19942,3
20636,3
19205,3
10321,3
13218,3
13747,3
6144,3
11791,3
22478,3
941,3
19853,3
21586,3
25897,3
1001,3
23239,3
17852,3
2136,3
8417,3
26627,3
17593,3
14363,3
21506,3
24832,3
18325,3
8070,3
20471,3
9757,3
23119,3
17073,3
25201,3
12471,3
9904,3
2437,3
12791,3
17342,3
25043,3
14455,3
9605,3
21154,3
6698,3
3990,3
10326,3
1829,3
24897,3
8458,3
11205,3
759,3
5807,3
7528,3
11383,3
11086,3
23312,3
23791,3
28861,3
11253,3
21730,3
20873,3
21452,3
28167,3
18759,3
8577,3
16189,3
7640,3
2602,3
3246,3
12436,3
3716,3
23124,3
22638,3
4507,3
10813,3
27511,3
14729,3
17864,3
23011,3
19199,3
24549,3
21949,3
4202,3
28491,3
21401,3
7315,3
20054,3
27839,3
11477,3
14687,3
16119,3
18193,3
12252,3
12258,3
6646,3
453,3
16897,3
2899,3
11453,3
25285,3
27471,3
1269,3
3571,3
5686,3
23915,3
4014,3
26293,3
14759,3
28211,3
4582,3
3021,3
8893,3
8553,3
26301,3
14997,3
10628,3
29721,3
20395,3
22024,3
5331,3
2094,3
25008,3
20661,3
22309,3
1111,3
14663,3
10623,3
7101,3
9967,3
26608,3
27972,3
22648,3
21182,3
6056,3
3643,3
16491,3
4020,3
3763,3
7199,3
3205,3
1252,3
17627,3
26198,3
16980,3
20112,3
24411,3
4621,3
26750,3
14836,3
11659,3
9183,3
4544,3
21548,3
1342,3
7203,3
20353,3
4476,3
19402,3
28663,3
20289,3
17302,3
6081,3
16297,3
16208,3
16101,3
3809,3
24829,3
12074,3
7525,3
17285,3
22371,3
23731,3
7627,3
2620,3
10971,3
3997,3
5093,3
7013,3
22528,3
9589,3
21693,3
19301,3
18660,3
3133,3
10969,3
7303,3
18627,3
18441,3
27212,3
14269,3
3673,3
6733,3
27446,3
8587,3
12748,3
11345,3
11816,3
24258,3
683,3
27647,3
1485,3
8430,3
16855,3
4708,3
11391,3
24280,3
12861,3
11137,3
1709,3
29179,3
17200,3
1200,3
26803,3
12746,3
9915,3
27259,3
16968,3
9670,3
23367,3
24113,3
13689,3
26163,3
997,3
6613,3
18695,3
1175,3
18267,3
1397,3
1547,3
25765,3
27546,3
29358,3
5856,3
1364,3
29465,3
15274,3
5788,3
13207,3
24967,3
19534,3
2282,3
27369,3
25658,3
19054,3
27665,3
7523,3
6841,3
20550,3
14708,3
71,3
23847,3
7766,3
18225,3
4704,3
15338,3
16261,3
17062,3
22236,3
13212,3
20557,3
15065,3
6755,3
9653,3
26556,3
4857,3
26182,3
28890,3
4163,3
819,3
16965,3
25147,3
44,3
147,3
15350,3
14339,3
15281,3
2086,3
12584,3
8265,3
26029,3
26216,3
9293,3
16621,3
22952,3
21559,3
22490,3
14525,3
14935,3
12954,3
15210,3
2818,3
11976,3
16333,3
10540,3
7123,3
12589,3
9953,3
12868,3
29019,3
19325,3
20102,3
21318,3
8859,3
13322,3
23118,3
19075,3
750,3
7414,3
2373,3
24185,3
21373,3
6713,3
28650,3
2932,3
9943,3
10025,3
18826,3
29642,3
28939,3
4484,3
23997,3
16896,3
6045,3
28584,3
22805,3
19257,3
9101,3
27774,3
10332,3
1196,3
9693,3
2128,3
28774,3
29800,3
725,3
4714,3
9755,3
26261,3
7295,3
9912,3
11414,3
25889,3
4595,3
26671,3
7838,3
13758,3
3019,3
27051,3
827,3
26178,3
28970,3
15453,3
26695,3
11351,3
1600,3
13394,3
21571,3
5275,3
15577,3
21766,3
18160,3
26537,3
18271,3
18914,3
16181,3
27502,3
18607,3
20378,3
16903,3
7913,3
8651,3
10682,3
18383,3
20707,3
28883,3
8277,3
23812,3
14781,3
27534,3
14463,3
27332,3
16959,3
16979,3
12195,3
2405,3
13346,3
7841,3
15773,3
843,3
5293,3
7105,3
10693,3
19669,3
15881,3
11681,3
24204,3
3511,3
22554,3
17812,3
921,3
17407,3
22127,3
19972,3
5833,3
961,3
26295,3
6692,3
25613,3
26641,3
3481,3
26654,3
15854,3
22466,3
21796,3
21461,3
15713,3
1257,3
21593,3
18774,3
12537,3
4049,3
465,3
25200,3
3843,3
17851,3
649,3
2801,3
13397,3
21067,3
11977,3
27417,3
19953,3
20413,3
2295,3
20979,3
16847,3
16740,3
886,3
25774,3
22332,3
3315,3
5376,3
25853,3
4692,3
22034,3
9994,3
21938,3
5264,3
7495,3
17231,3
9522,3
22204,3
15871,3
7334,3
7919,3
17698,3
26909,3
10777,3
27918,3
29192,3
9524,3
9740,3
22555,3
24565,3
14988,3
26041,3
22331,3
8269,3
20066,3
23229,3
21734,3
4950,3
6194,3
29646,3
5344,3
8144,3
10526,3
9192,3
29703,3
7415,3
9508,3
10479,3
25397,3
27065,3
16867,3
29565,3
9107,3
25382,3
26262,3
19723,3
8506,3
25595,3
8303,3
12952,3
19752,3
10066,3
12449,3
3553,3
25003,3
1469,3
17817,3
26833,3
20020,3
24738,3
29329,3
18046,3
20156,3
9341,3
17813,3
3962,3
6978,3
4669,3
19700,3
23459,3
2880,3
21218,3
26920,3
1161,3
15620,3
9774,3
20363,3
23445,3
23561,3
7510,3
22919,3
2869,3
28979,3
24726,3
11756,3
13594,3
14236,3
1993,3
28420,3
26391,3
13270,3
2278,3
9438,3
195,3
29431,3
15181,3
5757,3
23427,3
328,3
23981,3
17049,3
4363,3
27001,3
25907,3
19933,3
254,3
12890,3
22857,3
15842,3
24337,3
9004,3
1861,3
27213,3
18302,3
21455,3
9695,3
13475,3
17161,3
15967,3
301,3
19739,3
15499,3
23150,3
23581,3
15430,3
26274,3
15204,3
13655,3
25092,3
6047,3
16869,3
27817,3
29624,3
10401,3
8159,3
17436,3
5899,3
5845,3
24156,3
19502,3
21649,3
20185,3
14977,3
21658,3
593,3
29476,3
24404,3
29425,3
26128,3
20211,3
1061,3
24134,3
15582,3
19081,3
27908,3
18392,3
17365,3
6764,3
24221,3
24593,3
1645,3
22829,3
4399,3
19425,3
27958,3
11135,3
22395,3
13196,3
22741,3
23914,3
20974,3
25837,3
25418,3
22295,3
29378,3
204,3
23573,3
18374,3
25374,3
16562,3
16454,3
3399,3
21599,3
7464,3
24322,3
10195,3
4117,3
10113,3
27043,3
22530,3
11555,3
4224,3
17616,3
27044,3
6509,3
14558,3
23247,3
6913,3
20880,3
16351,3
3191,3
24051,3
291,3
17227,3
25562,3
7518,3
28695,3
9279,3
19450,3
12060,3
6419,3
9877,3
21357,3
13074,3
5300,3
15982,3
11973,3
29263,3
18605,3
4864,3
7883,3
12399,3
17390,3
23760,3
4299,3
5290,3
4199,3
7057,3
8246,3
22001,3
11343,3
4806,3
8383,3
4464,3
18846,3
24828,3
22480,3
29155,3
2601,3
5855,3
13028,3
27378,3
27141,3
21967,3
17785,3
20014,3
1841,3
10591,3
4451,3
1657,3
7677,3
12693,3
13464,3
8058,3
25445,3
19191,3
17431,3
1571,3
22249,3
765,3
888,3
2157,3
18996,3
1608,3
6150,3
1362,3
7133,3
12190,3
5859,3
6664,3
4787,3
26657,3
19359,3
23621,3
12378,3
28556,3
26485,3
14529,3
22860,3
11259,3
12177,3
6506,3
26113,3
9230,3
5501,3
8307,3
3029,3
16432,3
27451,3
13103,3
12096,3
16799,3
9738,3
20841,3
1544,3
23830,3
20097,3
26941,3
21250,3
13481,3
5850,3
4441,3
24072,3
16044,3
18429,3
18430,3
2334,3
4622,3
20373,3
28835,3
13859,3
2778,3
18878,3
9237,3
26915,3
23701,3
20892,3
9931,3
12885,3
23754,3
15052,3
11484,3
17130,3
11213,3
23616,3
9239,3
1990,3
18540,3
1393,3
14712,3
1003,3
28826,3
12762,3
8036,3
21474,3
6254,3
13221,3
1518,3
16378,3
14009,3
23481,3
2500,3
9263,3
2384,3
3561,3
17071,3
14606,3
19845,3
5145,3
11553,3
126,3
680,3
26237,3
21694,3
14895,3
4750,3
5574,3
17274,3
2227,3
4907,3
13206,3
27658,3
7108,3
12914,3
7833,3
4954,3
14974,3
858,3
8109,3
13022,3
18879,3
24571,3
23781,3
14371,3
22163,3
28863,3
755,3
3171,3
19676,3
27365,3
539,3
12928,3
21415,3
14669,3
9415,3
26496,3
514,3
19305,3
307,3
24119,3
153,3
24140,3
14929,3
16383,3
7099,3
24001,3
5255,3
24290,3
19391,3
18130,3
8181,3
27961,3
25356,3
10832,3
14897,3
29269,3
29247,3
3381,3
22800,3
14249,3
14300,3
6838,3
4578,3
23946,3
1120,3
50,3
20049,3
358,3
1905,3
8377,3
15006,3
4137,3
25937,3
11815,3
17219,3
2283,3
24468,3
16741,3
9222,3
8874,3
10899,3
8578,3
24757,3
6878,3
1382,3
20462,3
480,3
9090,3
23849,3
28568,3
16480,3
19878,3
7639,3
13398,3
8426,3
12288,3
27914,3
15995,3
8784,3
18241,3
445,3
6005,3
23861,3
4041,3
3966,3
26060,3
19998,3
17549,3
9285,3
17100,3
1064,3
26868,3
26996,3
2089,3
1729,3
15383,3
22381,3
7486,3
10711,3
7302,3
10703,3
18830,3
13161,3
4375,3
14288,3
13229,3
23590,3
21605,3
9555,3
8674,3
10060,3
9756,3
18176,3
24782,3
27270,3
18647,3
11846,3
6542,3
13429,3
29922,3
529,3
25143,3
15328,3
6805,3
26458,3
24580,3
1871,3
29551,3
2580,3
8006,3
12749,3
17657,3
17139,3
14038,3
5888,3
18517,3
5817,3
15260,3
1349,3
10277,3
4625,3
8653,3
28700,3
8240,3
7139,3
25780,3
27066,3
17199,3
2434,3
7780,3
24538,3
6697,3
18461,3
22094,3
23061,3
7324,3
13985,3
19726,3
5384,3
25291,3
322,3
7508,3
15227,3
2022,3
4450,3
15830,3
18751,3
21800,3
20151,3
27931,3
26680,3
20145,3
19776,3
12789,3
14953,3
26415,3
12949,3
6283,3
23317,3
27809,3
29105,3
7366,3
14827,3
24306,3
14294,3
13756,3
22587,3
24009,3
17123,3
11619,3
26096,3
23053,3
25951,3
20391,3
20466,3
23342,3
6826,3
26730,3
5734,3
6832,3
9770,3
14334,3
21946,3
13158,3
29423,3
10158,3
22696,3
23902,3
13669,3
15409,3
22237,3
27,3
22770,3
14962,3
19589,3
5745,3
9498,3
27876,3
8384,3
9593,3
4837,3
6879,3
12227,3
24543,3
28825,3
7935,3
2356,3
26662,3
17067,3
2435,3
27234,3
12342,3
21999,3
10674,3
12532,3
1522,3
11929,3
26080,3
27569,3
27195,3
6505,3
1847,3
4472,3
12316,3
17747,3
11638,3
10217,3
4185,3
21545,3
10459,3
16754,3
1451,3
17669,3
24006,3
11958,3
18844,3
3817,3
24458,3
14829,3
10430,3
27713,3
29392,3
10031,3
349,3
9626,3
3851,3
1141,3
13659,3
25646,3
219,3
68,3
24831,3
17729,3
11771,3
3018,3
23020,3
3617,3
16223,3
12804,3
22816,3
1212,3
13646,3
7570,3
9026,3
20206,3
12149,3
10535,3
24138,3
13361,3
7760,3
28119,3
16789,3
3411,3
11712,3
23493,3
21598,3
29960,3
1984,3
14780,3
4587,3
19374,3
25554,3
7555,3
17353,3
4668,3
19388,3
5348,3
8537,3
13892,3
18028,3
11389,3
4360,3
19583,3
12069,3
17952,3
25148,3
2865,3
13032,3
28599,3
10816,3
24212,3
16305,3
1289,3
19068,3
7214,3
25295,3
6469,3
15428,3
13066,3
12566,3
19469,3
11839,3
7323,3
10123,3
7349,3
15363,3
19389,3
10304,3
1910,3
23892,3
18812,3
2364,3
1501,3
25616,3
21445,3
22920,3
5301,3
16430,3
23899,3
20274,3
14782,3
28392,3
24962,3
7320,3
24756,3
5235,3
17079,3
29948,3
22316,3
4632,3
9461,3
17468,3
17526,3
2099,3
26822,3
26540,3
21823,3
22191,3
8685,3
5780,3
3844,3
25772,3
10728,3
20654,3
26972,3
3614,3
27504,3
28145,3
7667,3
1896,3
25941,3
18124,3
23785,3
11752,3
14162,3
1150,3
24347,3
27695,3
20262,3
29874,3
12678,3
27729,3
14555,3
24760,3
17870,3
6628,3
28009,3
21645,3
24969,3
26244,3
21292,3
12967,3
3859,3
29175,3
13376,3
20667,3
4407,3
16822,3
28758,3
17578,3
15505,3
12443,3
22013,3
8142,3
13987,3
14920,3
5211,3
10381,3
1298,3
7248,3
21447,3
18952,3
18786,3
6475,3
12209,3
21835,3
6376,3
23087,3
10378,3
14335,3
20524,3
20159,3
25162,3
11082,3
20587,3
12233,3
27555,3
21950,3
22327,3
26536,3
11316,3
20776,3
28595,3
8548,3
12583,3
27648,3
16601,3
9235,3
20628,3
27715,3
7658,3
18032,3
6859,3
19244,3
20436,3
4026,3
12347,3
19004,3
18293,3
19082,3
25488,3
23608,3
12301,3
3015,3
11471,3
20846,3
2920,3
1693,3
26509,3
2293,3
5383,3
3707,3
22326,3
28779,3
28854,3
8722,3
22953,3
28354,3
2556,3
1958,3
11035,3
16711,3
5222,3
20474,3
1557,3
24345,3
28333,3
28302,3
2499,3
19606,3
18624,3
2950,3
9647,3
7286,3
7447,3
9212,3
22685,3
7027,3
26026,3
27800,3
26798,3
1054,3
20505,3
5885,3
21360,3
17246,3
2093,3
2474,3
21888,3
2250,3
24691,3
7862,3
9963,3
25328,3
6651,3
8617,3
10998,3
23818,3
18328,3
1977,3
8483,3
6042,3
1554,3
16807,3
28811,3
14283,3
26252,3
12951,3
22558,3
4474,3
992,3
24712,3
19493,3
27206,3
5821,3
26213,3
7831,3
24958,3
10631,3
9974,3
13496,3
13351,3
10687,3
14022,3
20523,3
7924,3
7980,3
27845,3
5238,3
4458,3
527,3
13508,3
8824,3
18622,3
18550,3
14262,3
23836,3
4147,3
28381,3
15070,3
11050,3
11293,3
15733,3
10461,3
19064,3
27579,3
6400,3
10307,3
23084,3
7446,3
28597,3
5873,3
22273,3
22534,3
23870,3
22178,3
11900,3
20214,3
28510,3
18493,3
25467,3
21923,3
17197,3
19052,3
6169,3
3746,3
22678,3
3637,3
2463,3
18207,3
28260,3
3765,3
5152,3
27492,3
19974,3
5579,3
4893,3
11250,3
10227,3
13303,3
22391,3
29951,3
22954,3
27694,3
21873,3
27687,3
2234,3
11803,3
13235,3
15609,3
22812,3
9951,3
28916,3
29808,3
12073,3
29314,3
2014,3
22431,3
25915,3
5273,3
25717,3
25810,3
12754,3
26814,3
13257,3
29567,3
29739,3
15643,3
2988,3
6668,3
10963,3
13318,3
10799,3
2338,3
16048,3
22916,3
29924,3
6192,3
29876,3
22607,3
28387,3
22030,3
3016,3
20773,3
19945,3
11608,3
10018,3
23420,3
21964,3
23986,3
19360,3
3375,3
8963,3
11431,3
11996,3
14718,3
14802,3
26976,3
3354,3
8948,3
512,3
9481,3
26575,3
2323,3
6965,3
17512,3
5871,3
27287,3
17038,3
681,3
19880,3
23141,3
3052,3
29372,3
3460,3
28094,3
13237,3
21514,3
1838,3
26516,3
6485,3
12779,3
5095,3
2397,3
17690,3
22026,3
10572,3
6982,3
24956,3
19763,3
19681,3
22484,3
28591,3
7519,3
2802,3
22225,3
11458,3
16937,3
14399,3
24970,3
28986,3
22869,3
583,3
15517,3
25493,3
27030,3
24805,3
6298,3
8509,3
2498,3
10437,3
13856,3
28953,3
22556,3
11441,3
1926,3
7615,3
21389,3
20847,3
5364,3
12310,3
500,3
13323,3
15230,3
15256,3
28220,3
1575,3
13775,3
2752,3
7577,3
28352,3
16138,3
8879,3
15040,3
24585,3
21848,3
15957,3
10542,3
26644,3
15234,3
1372,3
27887,3
29617,3
2120,3
9289,3
24761,3
21014,3
3159,3
26135,3
9860,3
6679,3
5712,3
21859,3
7576,3
8926,3
18780,3
12424,3
11557,3
3325,3
14253,3
975,3
3046,3
2809,3
19034,3
24358,3
21098,3
24653,3
2874,3
20821,3
19195,3
26027,3
22019,3
18954,3
11505,3
6935,3
17158,3
15565,3
29374,3
5793,3
12553,3
11510,3
27691,3
5672,3
8595,3
18192,3
8981,3
9480,3
7961,3
6083,3
10527,3
2315,3
25463,3
8724,3
20133,3
10162,3
5215,3
21527,3
2491,3
24500,3
8819,3
21463,3
7782,3
28455,3
15448,3
18045,3
8629,3
15637,3
16967,3
27637,3
25286,3
29340,3
19176,3
11901,3
3321,3
5671,3
24372,3
21776,3
4120,3
21465,3
29069,3
24390,3
545,3
8831,3
1224,3
21335,3
8082,3
12009,3
29070,3
25572,3
4498,3
22921,3
26035,3
15179,3
16614,3
5368,3
3142,3
11437,3
24165,3
11460,3
22383,3
26048,3
10258,3
16037,3
4579,3
5668,3
26474,3
24645,3
13734,3
16462,3
18000,3
28564,3
10847,3
27098,3
22756,3
833,3
19755,3
17776,3
14585,3
18209,3
20303,3
3836,3
8641,3
24895,3
1726,3
2627,3
24704,3
11828,3
19247,3
12333,3
5997,3
22736,3
8212,3
20130,3
18825,3
18001,3
1865,3
5581,3
28461,3
29220,3
28364,3
3395,3
15189,3
17742,3
18458,3
24502,3
10362,3
28256,3
8878,3
9108,3
27757,3
20743,3
6804,3
18326,3
4301,3
5930,3
12908,3
14575,3
21060,3
5092,3
24248,3
28041,3
26905,3
1080,3
29611,3
29046,3
24785,3
21348,3
11528,3
11903,3
10859,3
22476,3
6916,3
15905,3
28325,3
10823,3
2763,3
17341,3
17844,3
29897,3
11465,3
7911,3
19969,3
27448,3
18736,3
29571,3
15127,3
26949,3
5467,3
27151,3
1036,3
5240,3
21409,3
490,3
25449,3
23386,3
16098,3
27336,3
21446,3
18583,3
29991,3
14609,3
28918,3
26924,3
28438,3
14536,3
27973,3
5559,3
1245,3
14629,3
6406,3
23949,3
6983,3
6777,3
23669,3
29781,3
6701,3
6886,3
8905,3
27267,3
7127,4
13894,4
28740,4
13760,4
4129,4
24670,4
25077,4
24131,4
16724,4
14209,4
8397,4
22522,4
18514,4
21144,4
29762,4
24506,4
4713,4
21958,4
24972,4
6975,4
809,4
7957,4
5717,4
7005,4
16350,4
6620,4
29222,4
23296,4
12202,4
24965,4
14348,4
24146,4
13883,4
6616,4
19163,4
7557,4
28319,4
3880,4
21876,4
26066,4
21368,4
29758,4
13470,4
28917,4
9144,4
9053,4
23739,4
13857,4
926,4
11008,4
5818,4
35,4
4297,4
24129,4
9034,4
11080,4
22674,4
28213,4
19635,4
24268,4
18564,4
8018,4
13842,4
28477,4
7727,4
15322,4
8140,4
6396,4
23942,4
29612,4
21120,4
15172,4
20146,4
6117,4
26337,4
9677,4
9278,4
20416,4
17080,4
8268,4
17652,4
155,4
7016,4
10811,4
11481,4
11281,4
23828,4
27772,4
22740,4
2942,4
28606,4
6024,4
21665,4
2849,4
1204,4
1727,4
12704,4
17028,4
10047,4
25549,4
3334,4
27147,4
18106,4
8552,4
25249,4
25867,4
14457,4
9876,4
3257,4
12168,4
983,4
21820,4
19598,4
22809,4
17059,4
19927,4
7405,4
25689,4
6824,4
13310,4
8669,4
23004,4
17148,4
8358,4
26071,4
11634,4
9659,4
10382,4
12613,4
14267,4
16111,4
22872,4
18397,4
23180,4
27727,4
17440,4
4764,4
8610,4
15522,4
12768,4
19210,4
13681,4
12708,4
29683,4
6504,4
20843,4
21741,4
22158,4
18841,4
27578,4
29095,4
12290,4
17183,4
29637,4
20840,4
27938,4
4982,4
14867,4
11031,4
21285,4
46,4
10541,4
28876,4
13780,4
27329,4
1801,4
11117,4
6865,4
10517,4
22367,4
32,4
16889,4
29352,4
22274,4
7068,4
21976,4
26142,4
16812,4
29201,4
16677,4
5507,4
8065,4
29541,4
9896,4
18687,4
21039,4
10900,4
23430,4
21961,4
25354,4
20982,4
16849,4
2830,4
20933,4
13026,4
24243,4
28356,4
16783,4
22330,4
13936,4
13502,4
15747,4
11606,4
14208,4
8341,4
16851,4
20461,4
1057,4
8901,4
6384,4
19222,4
2571,4
14468,4
22667,4
5809,4
23794,4
3192,4
688,4
27132,4
23570,4
4059,4
27999,4
10564,4
18758,4
4270,4
7714,4
2341,4
23520,4
4394,4
26729,4
18281,4
15076,4
13633,4
18857,4
1715,4
22580,4
19909,4
13911,4
8658,4
9248,4
20973,4
14388,4
29506,4
24415,4
9359,4
16832,4
7200,4
25486,4
21072,4
26794,4
3697,4
6936,4
19944,4
2375,4
27682,4
5661,4
5445,4
12812,4
4239,4
21015,4
936,4
27191,4
5917,4
11292,4
24821,4
20157,4
23215,4
14966,4
11529,4
22924,4
11268,4
22959,4
13585,4
10118,4
16137,4
5720,4
17153,4
27038,4
11675,4
10443,4
27756,4
7347,4
14799,4
24604,4
12765,4
17308,4
2598,4
21255,4
17156,4
23187,4
2387,4
17534,4
23514,4
1498,4
16126,4
24662,4
537,4
14195,4
9807,4
26471,4
14656,4
224,4
7635,4
26633,4
16974,4
15098,4
27942,4
8976,4
26479,4
19908,4
19637,4
22425,4
25408,4
24247,4
17731,4
12910,4
22429,4
1764,4
29006,4
1999,4
29555,4
2485,4
27661,4
14186,4
19232,4
1180,4
21845,4
29835,4
18778,4
23596,4
8771,4
6057,4
14713,4
3995,4
4321,4
11551,4
13020,4
21797,4
5119,4
28008,4
27384,4
27907,4
26186,4
24656,4
1002,4
29345,4
24798,4
5335,4
19132,4
9168,4
11979,4
27813,4
24447,4
21365,4
25068,4
2670,4
21343,4
21635,4
15579,4
10166,4
26483,4
17663,4
9063,4
4113,4
5205,4
6409,4
22935,4
8848,4
25336,4
14391,4
2977,4
27859,4
28849,4
602,4
19807,4
28388,4
24218,4
26502,4
15001,4
24658,4
4385,4
12867,4
28822,4
1802,4
11715,4
22600,4
8235,4
19576,4
4720,4
12501,4
17096,4
20503,4
2289,4
7624,4
6972,4
29251,4
12988,4
9610,4
5616,4
10268,4
28877,4
389,4
19256,4
23945,4
14747,4
9664,4
7723,4
13776,4
3454,4
27265,4
16555,4
12362,4
12044,4
28255,4
2137,4
9169,4
4081,4
21726,4
25954,4
11164,4
21909,4
2449,4
15000,4
27671,4
27537,4
7599,4
19275,4
24830,4
6715,4
10712,4
18212,4
16345,4
74,4
4519,4
12957,4
28275,4
9084,4
6545,4
9178,4
12659,4
9458,4
8921,4
12028,4
20372,4
2574,4
21161,4
24093,4
17838,4
17035,4
9651,4
1068,4
5854,4
506,4
26092,4
4976,4
10216,4
2814,4
22177,4
27070,4
14627,4
21448,4
22843,4
21155,4
8194,4
1810,4
18638,4
4213,4
12995,4
5611,4
12651,4
26668,4
10281,4
6611,4
15326,4
5228,4
12587,4
28026,4
13637,4
25927,4
24224,4
8900,4
15934,4
1072,4
9129,4
3080,4
20867,4
25953,4
20101,4
10297,4
1904,4
15544,4
13378,4
4029,4
28045,4
5403,4
3387,4
25714,4
15382,4
715,4
7628,4
22341,4
20911,4
25926,4
12674,4
22247,4
14163,4
559,4
24966,4
29157,4
27318,4
25786,4
23536,4
27205,4
12575,4
26347,4
11676,4
12430,4
9258,4
3629,4
13320,4
22975,4
20862,4
17897,4
29791,4
9683,4
18120,4
16287,4
15213,4
13622,4
10415,4
21714,4
3494,4
2527,4
15162,4
103,4
16155,4
551,4
16046,4
18506,4
11290,4
21173,4
16957,4
14511,4
18737,4
9940,4
13104,4
20875,4
29447,4
19069,4
14467,4
23959,4
26728,4
2519,4
11363,4
16680,4
24244,4
9556,4
7885,4
11959,4
6270,4
21050,4
15355,4
21111,4
2753,4
5277,4
28603,4
25007,4
23058,4
20458,4
14999,4
27686,4
29819,4
5288,4
6814,4
4883,4
5886,4
4602,4
13040,4
9878,4
24083,4
12312,4
7509,4
17018,4
20566,4
9392,4
25133,4
18966,4
40,4
2773,4
16242,4
15379,4
13551,4
17783,4
25874,4
13091,4
7014,4
20498,4
18993,4
26990,4
25721,4
4504,4
5550,4
10996,4
9344,4
23888,4
12092,4
840,4
13415,4
1588,4
10410,4
10207,4
2316,4
26887,4
7736,4
7565,4
13606,4
20336,4
16455,4
22463,4
9657,4
1301,4
16919,4
6607,4
1513,4
6312,4
2708,4
2445,4
20658,4
22147,4
11780,4
14182,4
9992,4
29648,4
14028,4
11223,4
25963,4
12522,4
13388,4
25479,4
20460,4
12850,4
26231,4
7804,4
2870,4
24664,4
10597,4
4009,4
28607,4
19180,4
28555,4
26315,4
11473,4
9612,4
18762,4
18977,4
6422,4
26901,4
6534,4
16375,4
22346,4
23231,4
24736,4
4915,4
530,4
28506,4
8858,4
22437,4
21704,4
7585,4
28648,4
5874,4
18713,4
1033,4
20192,4
603,4
16951,4
18140,4
7526,4
19882,4
10183,4
17705,4
5415,4
18138,4
2028,4
69,4
18011,4
8332,4
15926,4
13891,4
22162,4
7956,4
21742,4
17453,4
11409,4
1262,4
23962,4
22446,4
29784,4
5041,4
13387,4
11257,4
29919,4
2102,4
21434,4
13682,4
5864,4
13421,4
28911,4
24478,4
29882,4
23100,4
17933,4
11640,4
21429,4
3238,4
23835,4
11018,4
24918,4
8495,4
14055,4
549,4
5724,4
3398,4
9361,4
29749,4
15097,4
28736,4
2796,4
4506,4
21575,4
11179,4
27734,4
8035,4
17255,4
19860,4
14282,4
16447,4
12486,4
14375,4
62,4
4733,4
19231,4
10784,4
20876,4
5322,4
18463,4
12404,4
10361,4
18253,4
16113,4
13484,4
29292,4
28896,4
9213,4
2994,4
19654,4
4486,4
26827,4
6295,4
9399,4
3004,4
425,4
17733,4
10845,4
5160,4
23636,4
9325,4
70,4
9747,4
16422,4
29793,4
13965,4
4160,4
18672,4
12739,4
21317,4
29241,4
9143,4
1597,4
15149,4
18279,4
26830,4
18265,4
28809,4
8625,4
5508,4
17504,4
3217,4
12924,4
25718,4
14640,4
13697,4
5602,4
13306,4
5840,4
17332,4
5688,4
22591,4
19158,4
29415,4
8369,4
15708,4
21985,4
23745,4
16731,4
19737,4
23574,4
24647,4
22744,4
14243,4
3838,4
407,4
7663,4
21864,4
2402,4
6233,4
12476,4
27976,4
21858,4
8971,4
15608,4
4077,4
28269,4
3590,4
24863,4
10236,4
5354,4
17967,4
15471,4
18700,4
5199,4
17374,4
2707,4
17743,4
7691,4
13735,4
26580,4
538,4
29032,4
9096,4
20555,4
12648,4
17144,4
9303,4
4471,4
5547,4
17718,4
28146,4
25411,4
8373,4
23600,4
15138,4
26236,4
20164,4
11488,4
7020,4
12176,4
28900,4
26137,4
8557,4
12356,4
1770,4
23083,4
2769,4
3221,4
23134,4
7293,4
9367,4
20826,4
13713,4
5645,4
5989,4
22786,4
18216,4
28063,4
22788,4
2507,4
19587,4
29614,4
11983,4
10528,4
4050,4
25023,4
5090,4
23898,4
26342,4
23401,4
5295,4
26152,4
26919,4
25589,4
4872,4
1023,4
6274,4
26775,4
25981,4
10070,4
5111,4
28963,4
27179,4
6006,4
7870,4
28719,4
2811,4
4817,4
21077,4
11666,4
10033,4
1852,4
1407,4
18747,4
27736,4
14018,4
26923,4
7898,4
18837,4
15628,4
18243,4
12145,4
7881,4
8258,4
611,4
18980,4
16382,4
2540,4
5963,4
15558,4
3472,4
24462,4
9962,4
22764,4
28431,4
16766,4
15072,4
28198,4
13657,4
8789,4
17511,4
22576,4
27207,4
11203,4
24505,4
8793,4
218,4
23804,4
28910,4
8781,4
10804,4
1114,4
28823,4
19405,4
14164,4
25357,4
17160,4
2311,4
12226,4
28492,4
10126,4
23742,4
21609,4
3237,4
615,4
29761,4
1160,4
5454,4
4095,4
16317,4
15826,4
23021,4
20772,4
6205,4
10618,4
13313,4
26820,4
9357,4
8009,4
5960,4
26222,4
17909,4
16282,4
11796,4
4537,4
3261,4
24229,4
19019,4
9204,4
5890,4
6131,4
16599,4
881,4
9633,4
1923,4
10828,4
19214,4
23677,4
7046,4
15805,4
6610,4
17614,4
15789,4
13545,4
19337,4
20825,4
12118,4
22724,4
13049,4
13816,4
26642,4
21344,4
8745,4
12936,4
8304,4
8671,4
11323,4
29003,4
944,4
15080,4
13241,4
2531,4
29816,4
456,4
19066,4
9268,4
6478,4
13855,4
13162,4
16928,4
28852,4
15993,4
17226,4
5309,4
9924,4
18860,4
24315,4
4508,4
20037,4
20685,4
1536,4
22417,4
20718,4
21591,4
15299,4
4493,4
8366,4
815,4
11256,4
5631,4
8983,4
7685,4
19985,4
17711,4
8359,4
12521,4
16251,4
15398,4
27245,4
17273,4
28294,4
1907,4
19056,4
8829,4
15246,4
12151,4
150,4
21780,4
13449,4
7998,4
22934,4
19950,4
9948,4
18413,4
8241,4
15880,4
24872,4
4412,4
21287,4
25755,4
28743,4
17445,4
26616,4
18157,4
19457,4
26510,4
12513,4
6103,4
7044,4
6288,4
3879,4
12977,4
23591,4
26405,4
7579,4
20669,4
25390,4
21681,4
17845,4
11111,4
20709,4
4695,4
3058,4
17486,4
3233,4
18427,4
27980,4
27932,4
28448,4
7550,4
15073,4
16416,4
14739,4
19791,4
25277,4
25231,4
19155,4
12011,4
16646,4
25348,4
12953,4
1820,4
13851,4
20153,4
6299,4
16191,4
18507,4
9572,4
10556,4
18428,4
19358,4
23176,4
7950,4
8693,4
19217,4
7701,4
26187,4
4225,4
21086,4
1863,4
10215,4
2987,4
9028,4
26670,4
14291,4
10,4
6885,4
20681,4
2685,4
10678,4
25565,4
13516,4
3973,4
26839,4
19873,4
19236,4
20764,4
24060,4
1891,4
11643,4
6285,4
4500,4
1570,4
26470,4
21334,4
20950,4
12456,4
3768,4
29768,4
14863,4
16506,4
22398,4
27765,4
20210,4
3909,4
4290,4
27263,4
4343,4
11938,4
25612,4
9366,4
23054,4
14489,4
1487,4
15241,4
8342,4
6238,4
7459,4
1866,4
15816,4
10818,4
13612,4
7755,4
26825,4
27101,4
1967,4
21564,4
27437,4
15738,4
29873,4
14595,4
11570,4
27215,4
22359,4
5455,4
29656,4
6208,4
23313,4
17064,4
18110,4
6399,4
29509,4
3129,4
12182,4
13562,4
151,4
5941,4
206,4
5345,4
18645,4
15736,4
29188,4
22535,4
21424,4
13242,4
24238,4
27155,4
16092,4
10588,4
4031,4
7909,4
22743,4
16619,4
27833,4
17344,4
9387,4
2230,4
3917,4
28505,4
20959,4
11081,4
10363,4
27083,4
25922,4
2077,4
5158,4
16850,4
12425,4
14520,4
12929,4
24047,4
8079,4
27990,4
11011,4
27826,4
8765,4
26970,4
8126,4
28509,4
28495,4
23441,4
6893,4
2467,4
26461,4
25561,4
3412,4
1133,4
25065,4
25808,4
4931,4
27541,4
6956,4
15154,4
10124,4
14158,4
25500,4
12921,4
12808,4
9370,4
12083,4
9471,4
25545,4
5208,4
27494,4
18405,4
18100,4
751,4
18675,4
29604,4
24287,4
9561,4
19429,4
21284,4
24847,4
2509,4
4908,4
21933,4
27926,4
28249,4
569,4
9098,4
15700,4
25514,4
19568,4
16326,4
11700,4
19262,4
20374,4
11925,4
5099,4
14710,4
13086,4
25701,4
2448,4
355,4
8393,4
16549,4
16765,4
8766,4
29692,4
11535,4
13807,4
12579,4
23086,4
25019,4
11208,4
1998,4
7573,4
2515,4
28498,4
29591,4
24125,4
2312,4
3956,4
17587,4
17105,4
13528,4
12188,4
9400,4
9788,4
18648,4
20243,4
15772,4
12775,4
18116,4
8714,4
15481,4
19321,4
28157,4
14946,4
14631,4
24807,4
17307,4
9470,4
11895,4
25,4
27700,4
17922,4
6333,4
23015,4
23691,4
7856,4
5696,4
15245,4
11411,4
23884,4
11246,4
22493,4
29782,4
24915,4
2533,4
23003,4
20689,4
23271,4
17256,4
22594,4
10939,4
697,4
20231,4
1724,4
18754,4
11547,4
23901,4
25306,4
20302,4
2218,4
6114,4
14019,4
3562,4
27375,4
28572,4
6125,4
6231,4
24523,4
19009,4
13009,4
21174,4
20220,4
5911,4
22520,4
23810,4
11319,4
21381,4
14726,4
2868,4
25350,4
3602,4
4584,4
9374,4
20556,4
2388,4
12111,4
10406,4
13875,4
28817,4
10960,4
13994,4
10053,4
23792,4
27660,4
29393,4
23715,4
16691,4
24082,4
957,4
2703,4
29021,4
26097,4
15313,4
27941,4
17643,4
22048,4
6078,4
5523,4
16596,4
2304,4
6870,4
11181,4
14449,4
28200,4
12499,4
20327,4
6807,4
24269,4
21628,4
12357,4
24321,4
2536,4
11129,4
18251,4
20223,4
17641,4
21333,4
29254,4
13370,4
12287,4
27752,4
22664,4
7769,4
9172,4
14175,4
1683,4
11183,4
28243,4
8623,4
23353,4
9988,4
11182,4
9226,4
8361,4
5901,4
11373,4
9793,4
13202,4
20870,4
29369,4
17793,4
6345,4
27911,4
16777,4
29076,4
13535,4
27758,4
16264,4
9977,4
22029,4
12017,4
29901,4
2322,4
22683,4
28614,4
25406,4
15903,4
16226,4
4847,4
3500,4
28469,4
20450,4
12299,4
3622,4
29418,4
8069,4
5436,4
24716,4
6309,4
29502,4
22883,4
8691,4
1426,4
6999,4
736,4
24361,4
2398,4
6250,4
8727,4
6674,4
3715,4
13626,4
22185,4
8564,4
19644,4
3559,4
18910,4
23966,4
2279,4
12551,4
14898,4
23299,4
15864,4
14034,4
29064,4
20260,4
14598,4
9685,4
321,4
9402,4
26124,4
14865,4
119,4
3149,4
14932,4
26088,4
23369,4
7808,4
26422,4
23450,4
21774,4
23222,4
5358,4
6967,4
18439,4
26808,4
19169,4
17109,4
19207,4
4546,4
29235,4
4600,4
479,4
6914,4
22400,4
18553,4
28010,4
23480,4
4086,4
203,4
9662,4
3870,4
16895,4
4794,4
21560,4
27426,4
26195,4
4940,4
18930,4
4852,4
29814,4
97,4
12598,4
8505,4
15123,4
1892,4
16730,4
16604,4
28726,4
5079,4
2078,4
23302,4
26286,4
2043,4
18456,4
14113,4
27699,4
23987,4
12805,4
2162,4
24193,4
1281,4
15838,4
16425,4
15437,4
8556,4
10809,4
11960,4
3724,4
24480,4
11370,4
16477,4
2130,4
24240,4
22983,4
17040,4
12507,4
4803,4
17563,4
18399,4
15672,4
17956,4
26518,4
17784,4
11905,4
4744,4
9691,4
28682,4
1488,4
13369,4
1182,4
5429,4
18533,4
19675,4
11099,4
8195,4
18044,4
29249,4
18865,4
404,4
5601,4
23979,4
2265,4
5587,4
2095,4
1650,4
93,4
27441,4
23189,4
25089,4
19512,4
22960,4
11594,4
23917,4
7874,4
1924,4
16234,4
20401,4
211,4
21283,4
11062,4
11464,4
5865,4
17206,4
17306,4
4494,4
25570,4
29653,4
28752,4
28967,4
27217,4
2153,4
12101,4
25265,4
13098,4
21777,4
11192,4
4701,4
1361,4
6650,4
4846,4
16118,4
23123,4
19417,4
17968,4
7578,4
25855,4
20778,4
23321,4
2633,4
18727,4
17523,4
27032,4
27957,4
29304,4
24232,4
429,4
6953,4
18768,4
22925,4
23482,4
14324,4
11777,4
22798,4
23511,4
18322,4
10441,4
4355,4
4121,4
19838,4
7173,4
8607,4
28005,4
5772,4
6963,4
25338,4
15094,4
25319,4
4690,4
27239,4
14148,4
22718,4
4999,4
28471,4
23113,4
16576,4
24959,4
28545,4
17201,4
17677,4
22499,4
3616,4
23682,4
10529,4
19475,4
8179,4
25167,4
7848,4
22644,4
8211,4
16955,4
11429,4
22507,4
271,4
5430,4
18096,4
28512,4
13069,4
20952,4
16133,4
14065,4
7618,4
1148,4
20375,4
6861,4
15645,4
168,4
21277,4
6510,4
2104,4
14317,4
28462,4
21532,4
17983,4
28181,4
23208,4
10539,4
19267,4
15606,4
20504,4
17958,4
27380,4
25210,4
8455,4
594,4
1661,4
3866,4
23841,4
20691,4
14941,4
24875,4
11671,4
24824,4
3796,4
744,4
1222,4
24545,4
6842,4
9125,4
9918,4
16039,4
15136,4
17974,4
22069,4
19640,4
12516,4
20509,4
6986,4
2048,4
23918,4
26366,4
5316,4
9405,4
11845,4
7632,4
14625,4
11006,4
6008,4
5110,4
16764,4
26299,4
8532,4
1032,4
21378,4
5336,4
12842,4
24105,4
16879,4
25115,4
10817,4
10474,4
24769,4
1615,4
7391,4
7553,4
26715,4
16324,4
12663,4
5942,4
1351,4
8315,4
4280,4
8619,4
7649,4
27913,4
23815,4
6980,4
9945,4
19254,4
19308,4
11107,4
3883,4
15998,4
11417,4
19092,4
26072,4
14796,4
8062,4
14242,4
15514,4
4342,4
19849,4
13614,4
3574,4
10338,4
29181,4
6032,4
17613,4
4728,4
28632,4
18766,4
8654,4
2216,4
28667,4
26620,4
3301,4
401,4
21997,4
7427,4
5278,4
16409,4
8136,4
25114,4
29707,4
8322,4
4155,4
17559,4
23241,4
24451,4
1928,4
21002,4
14023,4
4646,4
27108,4
6753,4
21462,4
7753,4
12390,4
8605,4
24921,4
236,4
28944,4
14737,4
19489,4
20728,4
22503,4
29691,4
25960,4
21321,4
15158,4
16961,4
12733,4
3785,4
15389,4
14109,4
9378,4
16696,4
22426,4
3195,4
25460,4
25337,4
4254,4
10764,4
8019,4
5498,4
7901,4
9826,4
11765,4
12524,4
6320,4
13873,4
16831,4
16828,4
4132,4
11327,4
17214,4
25370,4
19613,4
8414,4
23475,4
22289,4
26577,4
22233,4
26251,4
8308,4
21566,4
28310,4
25677,4
26886,4
10685,4
22389,4
16870,4
28851,4
24312,4
14408,4
16090,4
16956,4
15371,4
1390,4
27324,4
28245,4
6934,4
2068,4
21297,4
5401,4
9558,4
15019,4
19315,4
2127,4
8319,4
3227,4
25587,4
51,4
15564,4
22582,4
15155,4
24141,4
13937,4
27254,4
24973,4
8701,4
15190,4
26243,4
22824,4
25122,4
8892,4
20352,4
28151,4
16407,4
26826,4
1762,4
21816,4
3488,4
17661,4
17545,4
15876,4
15642,4
21903,4
521,4
6,4
19007,4
3024,4
16654,4
28177,4
3910,4
29710,4
18195,4
2725,4
6813,4
23953,4
17684,4
29335,4
1834,4
16744,4
12442,4
18722,4
5387,4
1836,4
7746,4
18835,4
20657,4
8700,4
29342,4
11843,4
64,4
1658,4
13184,4
15447,4
11860,4
10786,4
2363,4
1766,4
23809,4
21910,4
16108,4
18848,4
19063,4
16135,4
22598,4
21854,4
20221,4
16484,4
7811,4
28091,4
6758,4
23989,4
11912,4
7492,4
359,4
11158,4
13081,4
22990,4
1185,4
16299,4
2625,4
8013,4
5949,4
11103,4
7306,4
20535,4
19130,4
11145,4
6452,4
13274,4
20065,4
14052,4
11576,4
19299,4
16775,4
29270,4
7965,4
20115,4
13674,4
28360,4
19782,4
10606,4
18536,4
25317,4
1983,4
26170,4
1066,4
6555,4
19136,4
15908,4
14514,4
22978,4
7806,4
26663,4
20080,4
16408,4
19302,4
11827,4
10076,4
28074,4
22487,4
5168,4
29169,4
8134,4
27036,4
10125,4
17098,4
7674,4
21031,4
7378,4
23001,4
27069,4
5484,4
11175,4
16257,4
18787,4
17561,4
28287,4
21055,4
15293,4
24838,4
4417,4
28350,4
20954,4
17015,4
2944,4
24501,4
3185,4
16681,4
6757,4
29836,4
25910,4
17916,4
12114,4
1805,4
21189,4
2761,4
10854,4
27910,4
1563,4
16591,4
12991,4
5837,4
8025,4
28909,4
25792,4
16610,4
11048,4
14260,4
13280,4
8534,4
8038,4
27087,4
22302,4
3158,4
24157,4
6520,4
21674,4
6869,4
5004,4
15276,4
27538,4
16824,4
22581,4
4808,4
19820,4
26975,4
23422,4
5464,4
12795,4
29024,4
15943,4
1368,4
22985,4
23379,4
12283,4
7102,4
6357,4
12667,4
20739,4
26168,4
12229,4
8449,4
14771,4
14651,4
24183,4
5169,4
29854,4
14686,4
9646,4
4970,4
18941,4
299,4
19340,4
5778,4
14970,4
19809,4
369,4
17703,4
8122,4
25550,4
22970,4
3180,4
10843,4
9926,4
27814,4
18944,4
27801,4
5451,4
20332,4
22781,4
7371,4
14742,4
17839,4
29934,4
24629,4
6336,4
576,4
5494,4
27609,4
19967,4
16697,4
1238,4
19144,4
2687,4
6171,4
14560,4
177,4
5862,4
26302,4
11060,4
9959,4
10919,4
13217,4
7976,4
18609,4
27722,4
20001,4
19761,4
20740,4
22563,4
7432,4
8679,4
14833,4
18775,4
15977,4
21139,4
5195,4
6146,4
16498,4
17636,4
2862,4
6827,4
21325,4
26390,4
17756,4
3187,4
7201,4
7359,4
13285,4
17309,4
12983,4
22962,4
9270,4
13853,4
13843,4
5104,4
6115,4
4489,4
14552,4
7182,4
9542,4
14648,4
9365,4
19043,4
14206,4
17800,4
2273,4
20697,4
5353,4
24777,4
8230,4
15686,4
9500,4
29902,4
14119,4
24775,4
11571,4
8992,4
8231,4
26013,4
16094,4
27781,4
13675,4
20891,4
27570,4
14676,4
24182,4
2785,4
24301,4
14189,4
10495,4
9066,4
2428,4
14451,4
12814,4
17036,4
6661,4
7078,4
27947,4
24108,4
21751,4
3664,4
5171,4
26832,4
17887,4
631,4
10004,4
19418,4
9109,4
15388,4
16371,4
27100,4
6507,4
1682,4
21533,4
23960,4
17972,4
4797,4
6110,4
5363,4
29857,4
28936,4
23969,4
15585,4
15116,4
24957,4
344,4
23702,4
21615,4
21040,4
7381,4
4251,4
25485,4
13729,4
11739,4
20359,4
16936,4
16880,4
28500,4
25462,4
2851,4
12943,4
12834,4
29980,4
7699,4
25575,4
2648,4
17529,4
19422,4
5642,4
17928,4
28709,4
11649,4
2174,4
4138,4
26895,4
25596,4
1822,4
18611,4
23198,4
2933,4
27047,4
11445,4
28276,4
19658,4
26952,4
18236,4
26785,4
15480,4
17957,4
22578,4
3656,4
4329,4
16815,4
10615,4
25924,4
7633,4
8912,4
2815,4
584,4
9631,4
12872,4
4210,4
17070,4
21038,4
21551,4
25628,4
2964,4
28134,4
12141,4
4697,4
22620,4
105,4
24532,4
20577,4
15898,4
19671,4
21541,4
28463,4
415,4
19471,4
26102,4
12263,4
21329,4
16688,4
3135,4
25489,4
15306,4
5627,4
15715,4
7902,4
17940,4
1931,4
21625,4
11125,4
237,4
28831,4
4844,4
8560,4
2179,4
27298,4
6700,4
13384,4
13901,4
25800,4
14889,4
14447,4
11097,4
9152,4
2623,4
8955,4
29956,4
22691,4
22485,4
88,4
13830,4
13913,4
4953,4
25499,4
4092,4
23359,4
14671,4
17215,4
12644,4
27237,4
790,4
25393,4
19848,4
29496,4
13124,4
17642,4
25324,4
18249,4
14668,4
5970,4
15981,4
308,4
24410,4
10225,4
23023,4
8298,4
29870,4
11340,4
14619,4
9070,4
14573,4
17865,4
1776,4
24209,4
7147,4
4520,4
2683,4
20150,4
27847,4
23890,4
470,4
4216,4
5733,4
28946,4
8024,4
19797,4
21743,4
7224,4
14716,4
24992,4
22495,4
25044,4
26235,4
19211,4
2222,4
12199,4
15795,4
1633,4
16529,4
2376,4
7180,4
16966,4
15417,4
7567,4
3295,4
6381,4
4264,4
1428,4
28517,4
6511,4
3578,4
14790,4
16307,4
28175,4
26797,4
5067,4
3784,4
11091,4
5794,4
22186,4
2622,4
18376,4
29947,4
26085,4
10661,4
20790,4
13067,4
6391,4
7735,4
4960,4
8994,4
28335,4
8031,4
23868,4
23929,4
13102,4
9549,4
13150,4
22343,4
9171,4
14013,4
10042,4
22113,4
754,4
23994,4
3346,4
12823,4
8436,4
2980,4
27829,4
29283,4
8439,4
18075,4
21232,4
3812,4
26046,4
12672,4
28132,4
26853,4
28214,4
792,4
12605,4
27891,4
23941,4
15604,4
1731,4
9907,4
11147,4
24806,4
8297,4
28645,4
18591,4
18320,4
18680,4
6054,4
26039,4
5138,4
27429,4
7258,4
19147,4
8707,4
13531,4
23908,4
20208,4
25273,4
24475,4
27628,4
7292,4
17339,4
21642,4
11631,4
24442,4
21420,4
21768,4
16811,4
11632,4
11435,4
19911,4
1440,4
4379,4
6979,4
16894,4
16902,4
19518,4
17459,4
2027,4
12240,4
5407,4
26387,4
23650,4
6815,4
24980,4
4358,4
10280,4
15077,4
26965,4
28020,4
23718,4
21773,4
17253,4
3738,4
28353,4
9654,4
24844,4
27577,4
23638,4
19506,4
5690,4
22864,4
20281,4
9332,4
8773,4
27018,4
14244,4
5221,4
16270,4
10577,4
2553,4
8977,4
3097,4
5165,4
29738,4
20493,4
534,4
15676,4
22701,4
10029,4
29864,4
7424,4
29862,4
15571,4
29376,4
2667,4
12282,4
11311,4
25852,4
22910,4
17780,4
16310,4
13236,4
27288,4
5025,4
15404,4
3648,4
23582,4
6003,4
5460,4
11051,4
17254,4
5644,4
22365,4
26792,4
25471,4
15055,4
28080,4
24867,4
27176,4
7571,4
1055,4
10330,4
18971,4
10022,4
922,4
9564,4
20593,4
1430,4
28698,4
7763,4
22175,4
22995,4
24272,4
18335,4
29028,4
17709,4
1146,4
22695,4
9439,4
5039,4
14048,4
4284,4
20960,4
20002,4
23944,4
27575,4
20317,4
13917,4
19585,4
16389,4
26776,4
24985,4
22239,4
10067,4
12956,4
15086,4
22918,4
20532,4
2713,4
18337,4
9782,4
954,4
4758,4
13827,4
17387,4
3705,4
28127,4
17562,4
91,4
16735,4
20600,4
235,4
15658,4
6864,4
10713,4
23834,4
1039,4
16354,4
503,4
5731,4
9658,4
3811,4
1952,4
16241,4
13810,4
19125,4
25583,4
24874,4
5252,4
12026,4
6785,4
7213,4
27698,4
20275,4
19766,4
21301,4
4598,4
8524,4
14743,4
8101,4
17217,4
5529,4
15292,4
18078,4
4911,4
20712,4
16323,4
7373,4
5646,4
4183,4
24432,4
19993,4
13494,4
4198,4
4152,4
2834,4
20043,4
26639,4
19463,4
11252,4
28964,4
1842,4
11702,4
10090,4
21467,4
16781,4
9891,4
11361,4
20055,4
24868,4
6294,4
8083,4
18143,4
24215,4
13172,4
22110,4
19685,4
23376,4
3337,4
1028,4
22324,4
21184,4
29167,4
10431,4
462,4
15368,4
26713,4
10796,4
13001,4
16843,4
17178,4
14812,4
1179,4
24386,4
27463,4
656,4
13493,4
913,4
16958,4
3882,4
14755,4
12105,4
5606,4
29515,4
7817,4
7762,4
21534,4
16418,4
20520,4
29132,4
19811,4
26566,4
8810,4
6064,4
22746,4
11176,4
3000,4
13037,4
130,4
139,4
763,4
28880,4
6494,4
23101,4
1704,4
17757,4
22796,4
26859,4
20710,4
1895,4
3100,4
17001,4
13426,4
16589,4
15257,4
22835,4
28543,4
2466,4
5226,4
2066,4
22347,4
23094,4
23396,4
22735,4
16922,4
25978,4
12820,4
6066,4
17804,4
1007,4
7237,4
11070,4
7395,4
19816,4
12085,4
25156,4
28300,4
17012,4
25803,4
18166,4
21556,4
22830,4
28160,4
12625,4
1806,4
18983,4
24246,4
16668,4
18464,4
19298,4
11279,4
18975,4
27031,4
22839,4
24056,4
24067,4
28525,4
14813,4
17236,4
23099,4
3533,4
15446,4
5123,4
13916,4
2684,4
16014,4
10014,4
18205,4
19843,4
24214,4
23091,4
29366,4
17335,4
11963,4
19539,4
4534,4
6909,4
29010,4
16600,4
14553,4
22821,4
6574,4
2286,4
9744,4
16394,4
3448,4
2205,4
2783,4
9100,4
1378,4
8778,4
4638,4
26549,4
29305,4
5006,4
26939,4
11486,4
2239,4
25586,4
16397,4
22205,4
13902,4
6721,4
8692,4
14633,4
29697,4
6389,4
29937,4
10170,4
15516,4
5608,4
275,4
3792,4
14517,4
19383,4
9574,4
10071,4
18102,4
12473,4
21790,4
8680,4
9892,4
9478,4
8627,4
6558,4
2299,4
22560,4
2896,4
227,4
25027,4
2258,4
18920,4
2297,4
4634,4
16904,4
4425,4
7693,4
2935,4
16670,4
10993,4
18615,4
14620,4
20137,4
10384,4
16238,4
28107,4
22886,4
26044,4
13121,4
26100,4
20565,4
1815,4
231,4
9203,4
4601,4
14837,4
25959,4
14498,4
18158,4
13988,4
3103,4
22583,4
21458,4
11525,4
3299,4
10030,4
26349,4
8386,4
17334,4
20508,4
22917,4
26167,4
18368,4
3927,4
4293,4
19751,4
15553,4
16102,4
10283,4
14534,4
14390,4
29851,4
7221,4
14770,4
21679,4
15735,4
9925,4
21181,4
14473,4
14817,4
26771,4
11747,4
10442,4
28621,4
27014,4
9473,4
5470,4
21810,4
24986,4
256,4
29677,4
4539,4
25921,4
23696,4
6833,4
18490,4
9822,4
15137,4
365,4
15361,4
29832,4
2575,4
6134,4
4951,4
12120,4
3002,4
22271,4
5380,4
748,4
2690,4
26834,4
6002,4
18654,4
18477,4
2888,4
17346,4
9841,4
2122,4
12382,4
729,4
11534,4
18184,4
28943,4
6311,4
16722,4
18147,4
4540,4
12917,4
27027,4
25473,4
25634,4
12709,4
3165,4
24132,4
4448,4
1121,4
13890,4
12942,4
10386,4
5619,4
6987,4
21972,4
19088,4
13970,4
22973,4
22350,4
10272,4
20078,4
20525,4
9987,4
17591,4
14506,4
18694,4
18684,4
1666,4
25472,4
21573,4
24494,4
5305,4
20209,4
28342,4
7375,4
24794,4
5653,4
26897,4
3474,4
28968,4
23336,4
8012,4
10273,4
20648,4
566,4
29114,4
11939,4
12585,4
13815,4
2149,4
4122,4
29834,4
489,4
10689,4
14231,4
28999,4
5046,4
11410,4
15975,4
4221,4
29776,4
3539,4
21025,4
14939,4
12058,4
26338,4
5096,4
2748,4
25372,4
25139,4
10730,4
20236,4
27929,4
25012,4
16185,4
19704,4
1635,4
8260,4
17312,4
18097,4
5310,4
19600,4
7287,4
7582,4
15222,4
24037,4
14033,4
10724,4
29534,4
1708,4
29493,4
701,4
27707,4
11688,4
12788,4
26241,4
19524,4
21744,4
18224,4
21068,4
28303,4
223,4
6981,4
25013,4
15022,4
25480,4
4345,4
10334,4
25194,4
1408,4
20296,4
26268,4
20822,4
13773,4
18656,4
15294,4
6038,4
16946,4
12930,4
1713,4
19394,4
18665,4
16552,4
4640,4
12653,4
22136,4
28807,4
29349,4
4069,4
6156,4
1006,4
21886,4
12836,4
7331,4
23196,4
8540,4
2281,4
10944,4
8612,4
24339,4
9411,4
6009,4
3379,4
23747,4
13679,4
2857,4
15885,4
22403,4
25246,4
24166,4
16814,4
10551,4
26101,4
25790,4
21135,4
9241,4
4653,4
29974,4
26703,4
28397,4
13219,4
4491,4
14452,4
10881,4
4135,4
11680,4
12947,4
19627,4
8493,4
1698,4
22050,4
28569,4
27008,4
25669,4
1479,4
449,4
4566,4
1343,4
16561,4
27103,4
24293,4
10193,4
29906,4
2161,4
24376,4
28156,4
16288,4
4016,4
15913,4
28444,4
5838,4
13676,4
26772,4
11607,4
11663,4
24892,4
5542,4
6172,4
3572,4
14526,4
20044,4
27091,4
25368,4
1651,4
3284,4
3013,4
13451,4
2611,4
2192,4
18354,4
13474,4
771,4
9305,4
27204,4
20612,4
28657,4
7504,4
419,4
25847,4
9194,4
18127,4
21905,4
6906,4
8096,4
22011,4
6031,4
28925,4
22492,4
22573,4
6369,4
2805,4
12506,4
26646,4
18310,4
29234,4
15646,4
29178,4
9388,4
7252,4
12959,4
11924,4
22441,4
18113,4
628,4
21890,4
18329,4
20283,4
14106,4
18702,4
10093,4
18535,4
14453,4
25888,4
7809,4
21740,4
18452,4
13836,4
18716,4
230,4
3889,4
2075,4
26257,4
25361,4
12940,4
22064,4
7690,4
11854,4
25242,4
1219,4
20914,4
29380,4
15750,4
16726,4
9754,4
20204,4
6847,4
25469,4
12383,4
879,4
16579,4
20347,4
1012,4
6687,4
29638,4
13188,4
18864,4
16177,4
18513,4
28872,4
8402,4
23319,4
7564,4
18161,4
16718,4
14838,4
20569,4
9377,4
28820,4
1625,4
14032,4
3109,4
8930,4
7015,4
16587,4
27415,4
13788,4
29750,4
25918,4
19623,4
18742,4
547,4
642,4
1944,4
1268,4
25776,4
1516,4
16695,4
8237,4
27610,4
7130,4
26522,4
19121,4
9418,4
12797,4
9903,4
10755,4
20923,4
22635,4
7985,4
9275,4
8754,4
20637,4
11736,4
24650,4
26086,4
4805,4
15852,4
11071,4
28190,4
26320,4
9645,4
3274,4
5232,4
6230,4
27659,4
26160,4
12238,4
28305,4
303,4
16149,4
22526,4
9253,4
15479,4
29093,4
16248,4
3787,4
12489,4
21332,4
12295,4
20276,4
15226,4
1997,4
20799,4
1254,4
13183,4
4517,4
26497,4
26879,4
17782,4
6363,4
28169,4
7740,4
18618,4
2119,4
28731,4
22958,4
855,4
25388,4
8562,4
22418,4
25661,4
19085,4
16267,4
5497,4
13950,4
26653,4
893,4
16493,4
13409,4
607,4
5981,4
4820,4
20517,4
4876,4
14928,4
21659,4
3742,4
21472,4
21902,4
23114,4
25180,4
17400,4
19227,4
16592,4
6035,4
10576,4
3579,4
2999,4
11642,4
27950,4
21254,4
21955,4
17381,4
1756,4
11573,4
12811,4
3692,4
2898,4
9038,4
473,4
5139,4
19896,4
1256,4
26846,4
10566,4
9380,4
5584,4
14628,4
468,4
23805,4
3166,4
2569,4
23927,4
10189,4
10927,4
24706,4
6257,4
20522,4
1311,4
29332,4
17475,4
24217,4
15665,4
2729,4
20642,4
7228,4
11787,4
21468,4
6632,4
24344,4
1379,4
12869,4
10213,4
5124,4
3588,4
2106,4
8139,4
13550,4
11474,4
28703,4
13230,4
6174,4
3268,4
13,4
25329,4
28239,4
7382,4
21752,4
2649,4
25014,4
15526,4
21727,4
16573,4
23212,4
24151,4
23380,4
29078,4
11984,4
23309,4
17791,4
28359,4
19543,4
6448,4
19100,4
18843,4
19443,4
25590,4
19161,4
11255,4
9575,4
26835,4
2135,4
29044,4
21851,4
3874,4
5513,4
372,4
416,4
29942,4
12059,4
11814,4
16743,4
15797,4
1845,4
14293,4
15121,4
5223,4
25602,4
757,4
671,4
19682,4
28701,4
9804,4
8165,4
3875,4
8751,4
27832,4
22668,4
26929,4
15650,4
19955,4
20122,4
1359,4
29622,4
21364,4
12304,4
25674,4
5701,4
17973,4
906,4
6552,4
23679,4
3601,4
13537,4
6062,4
9048,4
5739,4
4816,4
23609,4
15732,4
25950,4
22847,4
