row_id,Partition
10574,fit
11330,fit
7127,fit
25150,fit
6000,fit
20951,fit
13894,fit
15285,fit
6881,fit
22145,fit
10270,fit
28740,fit
19310,fit
4087,fit
13760,fit
27714,fit
7584,fit
29650,fit
9472,fit
7022,fit
21323,fit
23409,fit
3884,fit
9456,fit
15820,fit
13152,fit
10707,fit
1541,fit
23062,fit
11118,fit
24881,fit
11228,fit
805,fit
19323,fit
9798,fit
11088,fit
29655,fit
10403,fit
4129,fit
22244,fit
29658,fit
11922,fit
2285,fit
24670,fit
17714,fit
25077,fit
29603,fit
25212,fit
2126,fit
19234,fit
18396,fit
24131,fit
24763,fit
14383,fit
7151,fit
17094,fit
3914,fit
12478,fit
16724,fit
6464,fit
1324,fit
21209,fit
14209,fit
850,fit
7646,fit
5973,fit
14732,fit
8397,fit
15050,fit
10099,fit
2616,fit
14378,fit
17884,fit
3478,fit
23755,fit
28692,fit
19803,fit
9518,fit
22522,fit
19854,fit
21178,fit
17814,fit
4076,fit
18514,fit
21144,fit
29762,fit
13109,fit
6476,fit
21295,fit
19513,fit
10569,fit
4645,fit
20161,fit
24506,fit
7558,fit
23796,fit
20198,fit
3269,fit
27011,fit
4713,fit
18935,fit
27615,fit
26628,fit
21958,fit
8368,fit
12684,fit
19871,fit
2863,fit
24530,fit
15673,fit
24972,fit
4136,fit
6975,fit
13555,fit
27837,fit
21762,fit
809,fit
12698,fit
7957,fit
27304,fit
5717,fit
24225,fit
10190,fit
7005,fit
9153,fit
13367,fit
24371,fit
29716,fit
13463,fit
242,fit
23460,fit
16350,fit
17913,fit
20181,fit
2582,fit
16993,fit
4710,fit
8323,fit
21460,fit
25294,fit
17507,fit
15844,fit
19536,fit
12040,fit
30,fit
6620,fit
29222,fit
16829,fit
23296,fit
14655,fit
21093,fit
12202,fit
24965,fit
29412,fit
3834,fit
18083,fit
18189,fit
14348,fit
9544,fit
17446,fit
24146,fit
2532,fit
4782,fit
7429,fit
4307,fit
8424,fit
29040,fit
13883,fit
6616,fit
19163,fit
7557,fit
23128,fit
28319,fit
3880,fit
1616,fit
26947,fit
1697,fit
28804,fit
14617,fit
3947,fit
15556,fit
2480,fit
3443,fit
1135,fit
17193,fit
11115,fit
19102,fit
21876,fit
9121,fit
11085,fit
8796,fit
26066,fit
22137,fit
3273,fit
1237,fit
28208,fit
24804,fit
207,fit
21368,fit
12057,fit
29758,fit
9299,fit
27284,fit
2992,fit
27589,fit
13470,fit
2808,fit
16914,fit
16196,fit
1031,fit
23670,fit
21959,fit
14519,fit
3305,fit
16475,fit
18629,fit
28917,fit
25656,fit
10934,fit
15132,fit
7110,fit
10849,fit
22737,fit
9144,fit
8944,fit
9053,fit
15766,fit
12798,fit
6170,fit
14530,fit
7551,fit
4662,fit
13480,fit
4480,fit
23739,fit
17819,fit
8736,fit
27789,fit
23047,fit
2177,fit
2886,fit
13857,fit
10233,fit
25757,fit
17727,fit
1126,fit
21764,fit
926,fit
10677,fit
25795,fit
1921,fit
24354,fit
1288,fit
25465,fit
28178,fit
24036,fit
10924,fit
4257,fit
10696,fit
29865,fit
4011,fit
10139,fit
19693,fit
13312,fit
7261,fit
6044,fit
27080,fit
2689,fit
962,fit
11008,fit
5818,fit
14893,fit
4416,fit
11399,fit
5107,fit
27276,fit
3854,fit
1585,fit
7093,fit
21085,fit
11504,fit
23541,fit
35,fit
28790,fit
4297,fit
7480,fit
9872,fit
7731,fit
1718,fit
21021,fit
3769,fit
803,fit
9532,fit
8238,fit
21070,fit
3922,fit
12192,fit
12162,fit
24129,fit
8899,fit
9034,fit
10826,fit
8870,fit
29954,fit
10737,fit
5524,fit
21884,fit
11080,fit
27148,fit
14122,fit
26068,fit
26801,fit
8941,fit
19146,fit
29033,fit
4576,fit
27997,fit
3079,fit
15931,fit
22674,fit
24233,fit
8533,fit
26870,fit
9014,fit
29500,fit
3535,fit
12932,fit
19835,fit
28373,fit
6823,fit
28216,fit
28213,fit
15947,fit
19635,fit
10844,fit
6856,fit
29636,fit
22596,fit
27377,fit
29195,fit
25813,fit
24268,fit
6293,fit
375,fit
14613,fit
29608,fit
6518,fit
6904,fit
18564,fit
10293,fit
18964,fit
13707,fit
12459,fit
6937,fit
11092,fit
24143,fit
26279,fit
29511,fit
5680,fit
17826,fit
26333,fit
9965,fit
17536,fit
5073,fit
12,fit
10863,fit
5060,fit
21379,fit
22469,fit
22669,fit
14509,fit
18169,fit
28036,fit
11713,fit
8018,fit
13842,fit
17977,fit
844,fit
4796,fit
16216,fit
8131,fit
17825,fit
24163,fit
8922,fit
21265,fit
26867,fit
12080,fit
7186,fit
28477,fit
7727,fit
15322,fit
23837,fit
8140,fit
10161,fit
13803,fit
3462,fit
6396,fit
23178,fit
11052,fit
13834,fit
9785,fit
29820,fit
14215,fit
7725,fit
11242,fit
25820,fit
22376,fit
23942,fit
2407,fit
17313,fit
19680,fit
3393,fit
25553,fit
25735,fit
29612,fit
21037,fit
26980,fit
28530,fit
8203,fit
20674,fit
17849,fit
12208,fit
27895,fit
24251,fit
7475,fit
8155,fit
10976,fit
5312,fit
14177,fit
21120,fit
3615,fit
15172,fit
21966,fit
27523,fit
11664,fit
20146,fit
12349,fit
5510,fit
6117,fit
26337,fit
24635,fit
4443,fit
9677,fit
19702,fit
14430,fit
11870,fit
2984,fit
4726,fit
5351,fit
16949,fit
9278,fit
20416,fit
25680,fit
25457,fit
28437,fit
17080,fit
4979,fit
13821,fit
12981,fit
14297,fit
8268,fit
4308,fit
3244,fit
17652,fit
5569,fit
26624,fit
3396,fit
6641,fit
155,fit
7016,fit
20330,fit
10811,fit
5254,fit
857,fit
18906,fit
20420,fit
5512,fit
11481,fit
11281,fit
23564,fit
23828,fit
11661,fit
484,fit
16924,fit
6048,fit
1199,fit
25971,fit
23875,fit
20890,fit
20734,fit
157,fit
4058,fit
28766,fit
13452,fit
25741,fit
27772,fit
43,fit
11614,fit
26707,fit
29986,fit
15354,fit
2001,fit
14404,fit
20574,fit
5431,fit
22740,fit
2942,fit
29442,fit
22202,fit
28606,fit
17678,fit
11764,fit
19793,fit
23074,fit
6024,fit
9201,fit
7175,fit
13469,fit
21665,fit
2849,fit
15711,fit
15157,fit
8234,fit
2643,fit
18065,fit
1204,fit
27992,fit
1727,fit
767,fit
23646,fit
12704,fit
6784,fit
28328,fit
29563,fit
14891,fit
17028,fit
1131,fit
17204,fit
12081,fit
10952,fit
20266,fit
21223,fit
5053,fit
10047,fit
7357,fit
22107,fit
14657,fit
1015,fit
5244,fit
17428,fit
8008,fit
24068,fit
6093,fit
12340,fit
21291,fit
16476,fit
25223,fit
15472,fit
25292,fit
25549,fit
10511,fit
3334,fit
335,fit
24734,fit
2517,fit
19624,fit
27147,fit
7607,fit
13273,fit
18106,fit
5536,fit
11496,fit
8552,fit
25249,fit
17680,fit
21248,fit
24317,fit
10262,fit
11882,fit
9017,fit
2026,fit
2389,fit
25997,fit
13269,fit
25867,fit
14457,fit
4550,fit
20675,fit
29747,fit
29610,fit
11520,fit
11349,fit
7546,fit
13499,fit
28955,fit
5469,fit
13382,fit
23246,fit
28100,fit
14409,fit
16827,fit
67,fit
19249,fit
17489,fit
12355,fit
9876,fit
19230,fit
3627,fit
18552,fit
561,fit
24946,fit
18402,fit
5044,fit
3257,fit
19107,fit
1201,fit
12168,fit
983,fit
21820,fit
15688,fit
5265,fit
4879,fit
2657,fit
24325,fit
1669,fit
21140,fit
25758,fit
10729,fit
11862,fit
14764,fit
8597,fit
24084,fit
29302,fit
16412,fit
27741,fit
14839,fit
19598,fit
29058,fit
23413,fit
13364,fit
22809,fit
21215,fit
28391,fit
15753,fit
22876,fit
14503,fit
22943,fit
4206,fit
18104,fit
15205,fit
6602,fit
6645,fit
7751,fit
19762,fit
7339,fit
1520,fit
3145,fit
15207,fit
17059,fit
19927,fit
8507,fit
19636,fit
7405,fit
3288,fit
5243,fit
1969,fit
12135,fit
26561,fit
13945,fit
8270,fit
4633,fit
590,fit
27525,fit
7260,fit
14775,fit
17609,fit
25689,fit
6824,fit
19984,fit
4881,fit
2789,fit
2180,fit
3540,fit
13627,fit
20791,fit
23537,fit
7367,fit
13310,fit
19844,fit
4237,fit
8669,fit
23004,fit
17148,fit
9025,fit
20297,fit
11494,fit
440,fit
17868,fit
8358,fit
26071,fit
22155,fit
20939,fit
25134,fit
2019,fit
11634,fit
18395,fit
18655,fit
3905,fit
942,fit
9659,fit
15587,fit
10252,fit
10382,fit
598,fit
24542,fit
16837,fit
24450,fit
23033,fit
8454,fit
10903,fit
16427,fit
3828,fit
13639,fit
20932,fit
23311,fit
27279,fit
14721,fit
26648,fit
15118,fit
12613,fit
13410,fit
6275,fit
12047,fit
6224,fit
2756,fit
14267,fit
23158,fit
28044,fit
16111,fit
20889,fit
22872,fit
16710,fit
9057,fit
11987,fit
21821,fit
10230,fit
12863,fit
2108,fit
18397,fit
5533,fit
23180,fit
9422,fit
2147,fit
27727,fit
17440,fit
4764,fit
3186,fit
10653,fit
18172,fit
27105,fit
7768,fit
3329,fit
23584,fit
20540,fit
8610,fit
2718,fit
15522,fit
18070,fit
26795,fit
12768,fit
17147,fit
11872,fit
18628,fit
12876,fit
19210,fit
16106,fit
13681,fit
12732,fit
16330,fit
25659,fit
12708,fit
3400,fit
24441,fit
13792,fit
13610,fit
25482,fit
29408,fit
29683,fit
1736,fit
9406,fit
16045,fit
25887,fit
4283,fit
6504,fit
8247,fit
24350,fit
20843,fit
11842,fit
28984,fit
9769,fit
21741,fit
20360,fit
29462,fit
29035,fit
16166,fit
5639,fit
12731,fit
22865,fit
22158,fit
27060,fit
1701,fit
25760,fit
2608,fit
24724,fit
2905,fit
21082,fit
18841,fit
10006,fit
3260,fit
17960,fit
27578,fit
28652,fit
29095,fit
20499,fit
12290,fit
19127,fit
8336,fit
17183,fit
18417,fit
27123,fit
2290,fit
12475,fit
10639,fit
3247,fit
22283,fit
24673,fit
17394,fit
1833,fit
12690,fit
26032,fit
19718,fit
11921,fit
14127,fit
7666,fit
29637,fit
11982,fit
28705,fit
15915,fit
16499,fit
12511,fit
18145,fit
1151,fit
29430,fit
5622,fit
14066,fit
274,fit
23155,fit
15484,fit
16033,fit
22117,fit
2058,fit
20840,fit
20094,fit
22971,fit
27321,fit
26984,fit
16017,fit
24170,fit
27938,fit
25310,fit
23975,fit
3189,fit
16942,fit
20456,fit
3451,fit
4982,fit
25359,fit
17550,fit
24754,fit
4332,fit
12512,fit
22211,fit
14867,fit
16804,fit
11031,fit
16738,fit
26109,fit
29702,fit
21285,fit
24039,fit
3376,fit
25650,fit
14050,fit
1045,fit
25421,fit
46,fit
27392,fit
10541,fit
11408,fit
15808,fit
22531,fit
18137,fit
28876,fit
14367,fit
20114,fit
16970,fit
14086,fit
26075,fit
4756,fit
4352,fit
7502,fit
16773,fit
29587,fit
26414,fit
13780,fit
10820,fit
29492,fit
1113,fit
27798,fit
27329,fit
17840,fit
1801,fit
16473,fit
11117,fit
7967,fit
6865,fit
10517,fit
1013,fit
16527,fit
27620,fit
22367,fit
16793,fit
16451,fit
13277,fit
9339,fit
7721,fit
13710,fit
23287,fit
23965,fit
27035,fit
18575,fit
5828,fit
2666,fit
6209,fit
15937,fit
10049,fit
32,fit
17985,fit
13709,fit
18582,fit
12420,fit
5530,fit
16889,fit
14934,fit
28193,fit
22890,fit
1436,fit
29676,fit
24122,fit
25508,fit
23479,fit
5135,fit
29352,fit
24727,fit
22274,fit
8834,fit
7068,fit
2879,fit
9812,fit
12236,fit
6704,fit
11622,fit
7458,fit
28375,fit
21976,fit
16816,fit
25090,fit
21582,fit
4033,fit
26142,fit
16812,fit
20258,fit
18532,fit
11413,fit
25980,fit
18141,fit
29351,fit
14754,fit
18649,fit
29293,fit
29201,fit
18732,fit
13526,fit
27779,fit
18425,fit
17104,fit
13575,fit
12755,fit
16677,fit
24211,fit
17560,fit
26229,fit
10314,fit
25351,fit
14885,fit
27052,fit
29661,fit
8504,fit
28748,fit
21844,fit
9512,fit
13352,fit
6182,fit
1789,fit
16095,fit
21157,fit
19863,fit
5507,fit
21805,fit
8065,fit
29541,fit
6052,fit
11069,fit
6560,fit
9896,fit
16140,fit
25756,fit
13148,fit
18687,fit
17146,fit
2,fit
3436,fit
9208,fit
13268,fit
20687,fit
664,fit
8886,fit
6551,fit
17367,fit
20491,fit
21039,fit
108,fit
19188,fit
22628,fit
10900,fit
9546,fit
17317,fit
3036,fit
26108,fit
24811,fit
17424,fit
27140,fit
23430,fit
11667,fit
11655,fit
11350,fit
26935,fit
5596,fit
12353,fit
21934,fit
18635,fit
10288,fit
21961,fit
25219,fit
21569,fit
2550,fit
7035,fit
29267,fit
18927,fit
23267,fit
17286,fit
25354,fit
12813,fit
9883,fit
25300,fit
14264,fit
29136,fit
20982,fit
19303,fit
24964,fit
16849,fit
23297,fit
11552,fit
7082,fit
26857,fit
9051,fit
18556,fit
6252,fit
2021,fit
2830,fit
26321,fit
6760,fit
2456,fit
21516,fit
23882,fit
20933,fit
10871,fit
5779,fit
5685,fit
21842,fit
22804,fit
23964,fit
22731,fit
6615,fit
10637,fit
19510,fit
23391,fit
13026,fit
5157,fit
10925,fit
28451,fit
17380,fit
3653,fit
10284,fit
17498,fit
27033,fit
24335,fit
6142,fit
26146,fit
24405,fit
24243,fit
1572,fit
865,fit
28676,fit
11073,fit
21929,fit
28356,fit
28594,fit
20273,fit
17225,fit
23326,fit
22115,fit
13043,fit
23269,fit
12392,fit
2971,fit
13864,fit
6837,fit
4174,fit
4861,fit
16783,fit
15487,fit
16318,fit
23586,fit
25036,fit
22330,fit
27452,fit
5920,fit
7983,fit
24562,fit
13936,fit
15465,fit
3712,fit
13502,fit
27280,fit
21953,fit
18460,fit
6053,fit
6128,fit
29964,fit
15747,fit
11606,fit
14208,fit
18018,fit
3903,fit
14510,fit
9602,fit
25784,fit
12467,fit
2012,fit
27394,fit
27899,fit
22257,fit
16633,fit
8341,fit
12416,fit
2771,fit
6538,fit
16851,fit
19345,fit
20461,fit
29863,fit
14250,fit
24088,fit
1057,fit
8901,fit
6384,fit
12348,fit
10756,fit
5912,fit
19222,fit
23977,fit
7925,fit
5249,fit
16920,fit
18101,fit
6817,fit
1548,fit
14358,fit
13256,fit
2571,fit
16419,fit
21363,fit
14468,fit
10945,fit
5758,fit
11380,fit
22667,fit
18807,fit
20902,fit
3987,fit
5809,fit
23794,fit
3192,fit
28384,fit
6876,fit
10065,fit
5416,fit
12397,fit
19924,fit
7560,fit
3786,fit
14087,fit
20595,fit
3199,fit
11020,fit
2985,fit
18190,fit
10966,fit
18771,fit
688,fit
27571,fit
6232,fit
14806,fit
27132,fit
4446,fit
18346,fit
23570,fit
4059,fit
19885,fit
10690,fit
27999,fit
10564,fit
752,fit
21918,fit
29257,fit
18758,fit
13077,fit
19496,fit
20255,fit
1500,fit
9451,fit
11949,fit
4270,fit
5652,fit
18704,fit
7714,fit
2341,fit
25270,fit
13564,fit
9202,fit
459,fit
1405,fit
14405,fit
15438,fit
2266,fit
22567,fit
28615,fit
16834,fit
27262,fit
17798,fit
16315,fit
18821,fit
4195,fit
21026,fit
23520,fit
13928,fit
12966,fit
4394,fit
22497,fit
23666,fit
4353,fit
3087,fit
26729,fit
18281,fit
15076,fit
5700,fit
18420,fit
26951,fit
13633,fit
675,fit
18857,fit
15562,fit
25968,fit
28474,fit
22339,fit
1715,fit
14824,fit
9557,fit
8660,fit
542,fit
22580,fit
3708,fit
19909,fit
20995,fit
6680,fit
20218,fit
15344,fit
13540,fit
13911,fit
10885,fit
2505,fit
4223,fit
25078,fit
5227,fit
4003,fit
2313,fit
23160,fit
8658,fit
20586,fit
4281,fit
9248,fit
21535,fit
23554,fit
29694,fit
10702,fit
27551,fit
20973,fit
14388,fit
16715,fit
18349,fit
22312,fit
22749,fit
29506,fit
29339,fit
12251,fit
27162,fit
27485,fit
8712,fit
28735,fit
24415,fit
1934,fit
20663,fit
21510,fit
10986,fit
14623,fit
26622,fit
23874,fit
6688,fit
15749,fit
13340,fit
17896,fit
12649,fit
9359,fit
13186,fit
16832,fit
16690,fit
1090,fit
8640,fit
23364,fit
11063,fit
16673,fit
11096,fit
10317,fit
12714,fit
11007,fit
7200,fit
27315,fit
18503,fit
25486,fit
22716,fit
23863,fit
17876,fit
21236,fit
21072,fit
14493,fit
15999,fit
3531,fit
26604,fit
26794,fit
3697,fit
25787,fit
14917,fit
17917,fit
1266,fit
9234,fit
24054,fit
24440,fit
22545,fit
21782,fit
738,fit
24539,fit
25833,fit
15269,fit
18721,fit
10279,fit
26481,fit
15739,fit
10995,fit
21689,fit
6936,fit
22051,fit
26602,fit
19944,fit
2541,fit
2375,fit
2819,fit
25119,fit
27573,fit
21305,fit
16728,fit
9733,fit
1079,fit
27682,fit
21235,fit
28924,fit
25597,fit
7348,fit
10458,fit
5661,fit
7301,fit
20536,fit
14232,fit
25640,fit
8041,fit
27944,fit
17234,fit
4937,fit
5445,fit
12812,fit
25555,fit
5185,fit
14017,fit
11357,fit
11526,fit
4239,fit
11880,fit
21015,fit
8049,fit
2229,fit
16376,fit
10184,fit
936,fit
27191,fit
21141,fit
27271,fit
2115,fit
13264,fit
19022,fit
16355,fit
8830,fit
5917,fit
11292,fit
24873,fit
23018,fit
23737,fit
24821,fit
29107,fit
11751,fit
24554,fit
13584,fit
4664,fit
7853,fit
12158,fit
14954,fit
17324,fit
18226,fit
4650,fit
20157,fit
28544,fit
15034,fit
23215,fit
14966,fit
19806,fit
22794,fit
494,fit
1363,fit
11529,fit
5891,fit
22924,fit
11268,fit
22959,fit
9261,fit
20045,fit
13585,fit
13254,fit
18985,fit
7307,fit
12278,fit
9763,fit
1953,fit
29687,fit
29825,fit
29925,fit
23876,fit
19449,fit
10118,fit
19859,fit
16137,fit
1646,fit
5720,fit
21827,fit
17153,fit
27038,fit
11675,fit
26030,fit
21718,fit
10443,fit
2555,fit
16988,fit
29038,fit
25605,fit
28782,fit
22000,fit
5694,fit
9845,fit
12946,fit
12893,fit
7036,fit
3324,fit
6130,fit
21118,fit
26612,fit
27756,fit
21137,fit
4624,fit
18531,fit
27933,fit
12264,fit
7347,fit
22384,fit
7637,fit
18080,fit
3446,fit
13226,fit
14799,fit
1456,fit
14753,fit
24604,fit
27005,fit
18801,fit
14322,fit
12765,fit
2047,fit
6041,fit
29398,fit
10347,fit
22234,fit
17308,fit
18616,fit
5435,fit
22675,fit
9390,fit
3797,fit
3263,fit
3182,fit
2598,fit
27436,fit
22725,fit
13791,fit
20872,fit
21255,fit
24155,fit
7211,fit
27305,fit
17156,fit
23187,fit
4869,fit
4151,fit
1398,fit
18474,fit
2387,fit
4067,fit
17534,fit
28734,fit
6379,fit
22727,fit
6677,fit
12061,fit
26217,fit
13365,fit
28347,fit
23514,fit
1498,fit
8221,fit
16126,fit
16483,fit
3609,fit
22151,fit
24662,fit
11610,fit
15071,fit
15093,fit
3216,fit
13295,fit
16990,fit
6026,fit
6394,fit
3513,fit
13687,fit
29062,fit
9741,fit
537,fit
4736,fit
22421,fit
24180,fit
15758,fit
12543,fit
12645,fit
14195,fit
11887,fit
24817,fit
8067,fit
11056,fit
9807,fit
13111,fit
26471,fit
13597,fit
10586,fit
3625,fit
24487,fit
808,fit
16206,fit
14925,fit
29356,fit
14402,fit
14656,fit
9577,fit
14173,fit
22159,fit
224,fit
7635,fit
409,fit
11678,fit
25670,fit
26260,fit
26605,fit
26633,fit
16974,fit
6926,fit
3714,fit
15098,fit
14540,fit
17775,fit
27942,fit
5641,fit
29849,fit
541,fit
8976,fit
17723,fit
26479,fit
3981,fit
19908,fit
24476,fit
12220,fit
4968,fit
9452,fit
4538,fit
19637,fit
17946,fit
27574,fit
5811,fit
14866,fit
25947,fit
4228,fit
22425,fit
800,fit
25408,fit
6556,fit
26742,fit
23542,fit
24181,fit
20124,fit
27373,fit
9219,fit
9820,fit
23181,fit
20026,fit
19444,fit
29735,fit
9397,fit
20582,fit
14589,fit
22984,fit
18091,fit
6567,fit
3040,fit
3944,fit
24247,fit
25825,fit
11685,fit
27119,fit
28858,fit
9690,fit
23628,fit
8208,fit
22305,fit
5319,fit
17731,fit
25653,fit
12910,fit
10359,fit
29180,fit
23857,fit
26697,fit
8050,fit
5800,fit
9173,fit
13441,fit
14933,fit
5131,fit
22429,fit
9997,fit
26409,fit
22149,fit
12920,fit
12865,fit
17179,fit
1764,fit
18173,fit
29006,fit
1999,fit
29555,fit
27456,fit
27767,fit
17345,fit
27021,fit
25272,fit
15664,fit
13170,fit
2485,fit
27661,fit
24167,fit
14186,fit
3607,fit
19232,fit
19339,fit
8209,fit
21084,fit
24792,fit
26977,fit
3318,fit
12116,fit
1180,fit
28121,fit
10697,fit
21845,fit
5748,fit
29504,fit
20292,fit
1688,fit
7290,fit
18307,fit
16461,fit
16180,fit
29810,fit
5781,fit
25580,fit
29835,fit
25158,fit
16700,fit
4564,fit
16862,fit
18778,fit
27125,fit
11015,fit
23596,fit
6598,fit
27967,fit
23168,fit
8771,fit
29779,fit
8622,fit
11275,fit
22215,fit
23073,fit
6057,fit
25664,fit
4926,fit
22672,fit
14713,fit
19086,fit
22870,fit
28929,fit
3995,fit
6101,fit
8280,fit
15182,fit
4321,fit
9457,fit
16534,fit
23204,fit
11551,fit
23306,fit
8173,fit
5511,fit
19452,fit
13020,fit
28468,fit
5922,fit
10377,fit
21797,fit
6778,fit
4606,fit
5119,fit
8459,fit
13898,fit
25320,fit
28008,fit
7679,fit
99,fit
28073,fit
27384,fit
29166,fit
1525,fit
10568,fit
5555,fit
27907,fit
26186,fit
9984,fit
27593,fit
2482,fit
17099,fit
20655,fit
24656,fit
8655,fit
13819,fit
1002,fit
2349,fit
16607,fit
11856,fit
8906,fit
26375,fit
8191,fit
29345,fit
8232,fit
22146,fit
10062,fit
24798,fit
9846,fit
11923,fit
12411,fit
1409,fit
5335,fit
27256,fit
29537,fit
7824,fit
19132,fit
2199,fit
9168,fit
11979,fit
12906,fit
27813,fit
21339,fit
9630,fit
24447,fit
27989,fit
8469,fit
21365,fit
8381,fit
25068,fit
17877,fit
2670,fit
21343,fit
3067,fit
8591,fit
20417,fit
434,fit
7796,fit
28687,fit
27408,fit
19542,fit
16064,fit
21635,fit
6073,fit
11057,fit
8580,fit
6702,fit
5752,fit
24107,fit
9350,fit
10790,fit
11152,fit
17554,fit
17357,fit
25063,fit
15579,fit
29209,fit
1026,fit
12677,fit
8853,fit
23503,fit
27946,fit
10166,fit
22406,fit
15828,fit
18568,fit
18126,fit
722,fit
19432,fit
26483,fit
29868,fit
2774,fit
27780,fit
13167,fit
9252,fit
17663,fit
3704,fit
22344,fit
9063,fit
10027,fit
19078,fit
637,fit
3508,fit
4113,fit
15463,fit
5205,fit
15272,fit
392,fit
21413,fit
23687,fit
2916,fit
14004,fit
10486,fit
22854,fit
18833,fit
6409,fit
24527,fit
19982,fit
21530,fit
3567,fit
26914,fit
17122,fit
19833,fit
3470,fit
4681,fit
22935,fit
27099,fit
2982,fit
8848,fit
28598,fit
8800,fit
5590,fit
232,fit
531,fit
24504,fit
17567,fit
22974,fit
17432,fit
22946,fit
25336,fit
22314,fit
8077,fit
27599,fit
498,fit
18631,fit
16021,fit
23860,fit
1636,fit
10680,fit
14211,fit
6343,fit
13539,fit
14391,fit
8972,fit
347,fit
5385,fit
10902,fit
24687,fit
12715,fit
2977,fit
1278,fit
27859,fit
8871,fit
21908,fit
28949,fit
1187,fit
5506,fit
29930,fit
12546,fit
22602,fit
24862,fit
20106,fit
4164,fit
287,fit
22174,fit
13746,fit
18545,fit
22593,fit
28849,fit
15474,fit
7431,fit
602,fit
6070,fit
7893,fit
3887,fit
19807,fit
20098,fit
14591,fit
25287,fit
19464,fit
19030,fit
13654,fit
26303,fit
17491,fit
22986,fit
28388,fit
19368,fit
9692,fit
24218,fit
21214,fit
16929,fit
6762,fit
26502,fit
11544,fit
1745,fit
13546,fit
22206,fit
29307,fit
1883,fit
15001,fit
29229,fit
21497,fit
10905,fit
16164,fit
24658,fit
5143,fit
20005,fit
23814,fit
4385,fit
12867,fit
9794,fit
20085,fit
21760,fit
27041,fit
2513,fit
329,fit
13645,fit
8412,fit
15434,fit
17449,fit
12509,fit
28822,fit
2566,fit
3698,fit
4212,fit
1802,fit
21673,fit
4396,fit
11956,fit
20961,fit
3652,fit
27057,fit
26037,fit
13075,fit
28346,fit
28254,fit
6307,fit
15510,fit
13181,fit
11715,fit
14938,fit
25983,fit
900,fit
12689,fit
7864,fit
7887,fit
22600,fit
14976,fit
6418,fit
19592,fit
14306,fit
16000,fit
9462,fit
8235,fit
19576,fit
4720,fit
21412,fit
12501,fit
8614,fit
22891,fit
28644,fit
21892,fit
9778,fit
17096,fit
24882,fit
20503,fit
7619,fit
25710,fit
8296,fit
13653,fit
8415,fit
29421,fit
2289,fit
17638,fit
11236,fit
5880,fit
7624,fit
24264,fit
11585,fit
17002,fit
13048,fit
816,fit
6972,fit
20480,fit
26643,fit
21872,fit
5066,fit
3127,fit
23211,fit
8841,fit
6189,fit
16917,fit
7435,fit
29251,fit
24271,fit
17456,fit
12988,fit
24799,fit
8327,fit
9610,fit
5616,fit
29883,fit
10268,fit
27863,fit
19874,fit
27940,fit
2208,fit
25020,fit
19975,fit
6634,fit
28877,fit
28130,fit
25576,fit
15301,fit
11300,fit
17779,fit
21477,fit
16615,fit
10524,fit
29484,fit
4140,fit
15239,fit
389,fit
5129,fit
19256,fit
7217,fit
23366,fit
23945,fit
3799,fit
6915,fit
29172,fit
4672,fit
14747,fit
9664,fit
21954,fit
7723,fit
12545,fit
13776,fit
16836,fit
7860,fit
29630,fit
12171,fit
10640,fit
16356,fit
3454,fit
18714,fit
19964,fit
12614,fit
12286,fit
25831,fit
27265,fit
877,fit
26104,fit
16555,fit
12787,fit
15377,fit
11835,fit
29731,fit
12438,fit
6322,fit
11387,fit
19829,fit
29601,fit
23063,fit
26169,fit
12891,fit
14699,fit
9005,fit
19790,fit
12362,fit
16694,fit
12044,fit
2795,fit
370,fit
7077,fit
14615,fit
22287,fit
28255,fit
14002,fit
2137,fit
10220,fit
11220,fit
22052,fit
10055,fit
15271,fit
11216,fit
13512,fit
5995,fit
9068,fit
10660,fit
3137,fit
1477,fit
26322,fit
129,fit
21632,fit
16122,fit
6756,fit
3958,fit
16881,fit
793,fit
25477,fit
29310,fit
22208,fit
166,fit
8508,fit
23674,fit
29975,fit
24298,fit
9169,fit
14201,fit
4081,fit
3107,fit
21726,fit
1065,fit
8852,fit
1620,fit
29196,fit
25954,fit
21655,fit
11164,fit
21909,fit
13073,fit
6474,fit
23349,fit
23177,fit
2449,fit
26645,fit
606,fit
5599,fit
12841,fit
15000,fit
29643,fit
27671,fit
26345,fit
19168,fit
27537,fit
23625,fit
6027,fit
20433,fit
11761,fit
9720,fit
13554,fit
854,fit
23788,fit
24993,fit
12767,fit
7599,fit
13178,fit
15651,fit
16763,fit
26230,fit
6434,fit
26282,fit
27333,fit
24189,fit
19275,fit
28066,fit
6968,fit
9543,fit
15694,fit
7033,fit
11028,fit
24830,fit
12225,fit
4921,fit
21980,fit
6715,fit
11545,fit
1668,fit
19815,fit
16603,fit
13951,fit
29322,fit
27074,fit
16998,fit
10712,fit
17194,fit
19937,fit
20904,fit
28246,fit
14166,fit
6739,fit
958,fit
18212,fit
16345,fit
23085,fit
74,fit
4519,fit
3676,fit
18415,fit
5632,fit
20706,fit
12957,fit
7988,fit
29108,fit
191,fit
20804,fit
13036,fit
22652,fit
28275,fit
16798,fit
16977,fit
3357,fit
9084,fit
22884,fit
17581,fit
14268,fit
1858,fit
18500,fit
26265,fit
26103,fit
13253,fit
21065,fit
26034,fit
24644,fit
12781,fit
15734,fit
12688,fit
28434,fit
25415,fit
880,fit
6545,fit
9178,fit
12659,fit
18273,fit
2993,fit
3782,fit
334,fit
9458,fit
18400,fit
17732,fit
15625,fit
8921,fit
24990,fit
23587,fit
28292,fit
25235,fit
12028,fit
11888,fit
6137,fit
11587,fit
21282,fit
21538,fit
2029,fit
28659,fit
19203,fit
20372,fit
2574,fit
27242,fit
6768,fit
13520,fit
20997,fit
15081,fit
27684,fit
9351,fit
17101,fit
15807,fit
12147,fit
21193,fit
21161,fit
9085,fit
4315,fit
19934,fit
19140,fit
27731,fit
12825,fit
24093,fit
4410,fit
17838,fit
28084,fit
7717,fit
19652,fit
18530,fit
9889,fit
10482,fit
2998,fit
17035,fit
25345,fit
27079,fit
10374,fit
26149,fit
5151,fit
9651,fit
14643,fit
7554,fit
12053,fit
1068,fit
13065,fit
24906,fit
5518,fit
10421,fit
1255,fit
10957,fit
11689,fit
5854,fit
6993,fit
19557,fit
26796,fit
28085,fit
5410,fit
13957,fit
4040,fit
1250,fit
25261,fit
13354,fit
2000,fit
21233,fit
2730,fit
21138,fit
734,fit
9661,fit
13738,fit
884,fit
4721,fit
27747,fit
506,fit
16877,fit
101,fit
26355,fit
29714,fit
13087,fit
22726,fit
13339,fit
9652,fit
7144,fit
15958,fit
9520,fit
4260,fit
18481,fit
29940,fit
23588,fit
8885,fit
26092,fit
713,fit
4219,fit
269,fit
28099,fit
3820,fit
13982,fit
6437,fit
21179,fit
938,fit
25365,fit
394,fit
15866,fit
11941,fit
1330,fit
353,fit
7812,fit
17331,fit
14465,fit
12700,fit
25279,fit
4976,fit
9039,fit
6318,fit
10216,fit
11564,fit
2011,fit
21376,fit
18114,fit
3604,fit
29152,fit
2814,fit
23519,fit
22177,fit
27070,fit
25999,fit
25585,fit
16482,fit
14523,fit
14694,fit
22,fit
2371,fit
19089,fit
14627,fit
21448,fit
26955,fit
5657,fit
6075,fit
22843,fit
28065,fit
3168,fit
4784,fit
29809,fit
21155,fit
20205,fit
20738,fit
19292,fit
1915,fit
14547,fit
26745,fit
6080,fit
8476,fit
622,fit
22908,fit
8194,fit
27651,fit
17103,fit
22575,fit
6786,fit
21565,fit
4218,fit
1810,fit
5456,fit
17034,fit
18638,fit
8827,fit
5991,fit
12612,fit
16813,fit
2181,fit
12999,fit
15932,fit
2352,fit
4213,fit
27310,fit
8915,fit
9519,fit
13262,fit
16496,fit
4854,fit
5774,fit
6541,fit
18588,fit
5630,fit
21298,fit
12995,fit
5847,fit
8074,fit
28309,fit
23787,fit
5611,fit
4178,fit
12651,fit
15232,fit
26668,fit
2963,fit
28732,fit
14557,fit
10281,fit
15231,fit
6611,fit
20859,fit
15326,fit
5228,fit
17069,fit
1823,fit
10151,fit
15817,fit
517,fit
3249,fit
29908,fit
24014,fit
27420,fit
3039,fit
4258,fit
12587,fit
4268,fit
3985,fit
28026,fit
11672,fit
7664,fit
3421,fit
13637,fit
26883,fit
9591,fit
21786,fit
12247,fit
9930,fit
5040,fit
11442,fit
25927,fit
29183,fit
2224,fit
14090,fit
6168,fit
29147,fit
933,fit
11583,fit
8284,fit
8345,fit
381,fit
6356,fit
20662,fit
10914,fit
23525,fit
17378,fit
16438,fit
7267,fit
29550,fit
4929,fit
24224,fit
25377,fit
29682,fit
17218,fit
13448,fit
17842,fit
8900,fit
15025,fit
17525,fit
6695,fit
19380,fit
674,fit
11546,fit
15934,fit
24676,fit
7386,fit
28212,fit
25067,fit
8007,fit
20479,fit
17384,fit
1072,fit
11683,fit
9129,fit
11686,fit
3080,fit
18697,fit
25453,fit
20867,fit
29440,fit
14036,fit
10650,fit
29833,fit
11231,fit
26047,fit
25953,fit
20101,fit
1124,fit
13565,fit
6462,fit
22393,fit
10505,fit
5725,fit
29572,fit
13921,fit
10297,fit
14482,fit
24689,fit
1904,fit
14986,fit
12087,fit
3686,fit
15544,fit
6301,fit
22569,fit
1461,fit
16025,fit
13378,fit
18443,fit
11030,fit
4029,fit
20315,fit
25770,fit
20444,fit
28045,fit
24603,fit
6578,fit
28337,fit
5403,fit
29559,fit
10981,fit
7086,fit
3387,fit
18499,fit
26007,fit
25714,fit
18435,fit
13482,fit
3310,fit
29498,fit
26573,fit
13640,fit
17689,fit
12130,fit
7827,fit
28503,fit
15382,fit
14665,fit
17141,fit
11885,fit
26519,fit
715,fit
4478,fit
7628,fit
17859,fit
26613,fit
14906,fit
22341,fit
739,fit
1075,fit
22702,fit
10848,fit
1940,fit
11244,fit
4856,fit
20911,fit
17990,fit
11617,fit
25926,fit
12674,fit
11186,fit
3215,fit
16546,fit
2914,fit
894,fit
22247,fit
26555,fit
14163,fit
1885,fit
17191,fit
16151,fit
559,fit
24435,fit
5448,fit
5796,fit
23651,fit
20482,fit
1621,fit
13353,fit
3546,fit
7113,fit
13592,fit
27688,fit
7563,fit
25856,fit
1864,fit
15349,fit
24966,fit
13728,fit
14586,fit
10423,fit
29157,fit
15369,fit
10920,fit
682,fit
26759,fit
1323,fit
6735,fit
22479,fit
13750,fit
8644,fit
9833,fit
25708,fit
20173,fit
1236,fit
27318,fit
25451,fit
20989,fit
3759,fit
20521,fit
22455,fit
16174,fit
17771,fit
25786,fit
5262,fit
23346,fit
6123,fit
4158,fit
18913,fit
7253,fit
10994,fit
16369,fit
23536,fit
6712,fit
25266,fit
27205,fit
10392,fit
20573,fit
19530,fit
13882,fit
17250,fit
2946,fit
23557,fit
28636,fit
6332,fit
18230,fit
12575,fit
2754,fit
18903,fit
26129,fit
26926,fit
21638,fit
26347,fit
3011,fit
15302,fit
11676,fit
12430,fit
11726,fit
9258,fit
16819,fit
8866,fit
17241,fit
20008,fit
2277,fit
15580,fit
12840,fit
20225,fit
24286,fit
17063,fit
19393,fit
986,fit
9553,fit
23129,fit
27587,fit
6852,fit
3426,fit
3629,fit
28395,fit
9765,fit
15919,fit
4673,fit
11077,fit
581,fit
24517,fit
4874,fit
7844,fit
24801,fit
228,fit
22109,fit
13320,fit
22975,fit
5057,fit
9902,fit
8095,fit
14500,fit
22486,fit
20744,fit
7984,fit
21855,fit
15014,fit
14794,fit
5502,fit
24858,fit
28418,fit
20862,fit
9887,fit
384,fit
17897,fit
3095,fit
23095,fit
17905,fit
20935,fit
20526,fit
10665,fit
13634,fit
13309,fit
18512,fit
8966,fit
29791,fit
28415,fit
21079,fit
9928,fit
10447,fit
26385,fit
9683,fit
20633,fit
9767,fit
28702,fit
16948,fit
29205,fit
20446,fit
21180,fit
18120,fit
9064,fit
28370,fit
19070,fit
16287,fit
21071,fit
2525,fit
15213,fit
17855,fit
323,fit
29436,fit
13622,fit
15298,fit
2198,fit
19753,fit
13743,fit
11641,fit
28830,fit
896,fit
23611,fit
10415,fit
21714,fit
3434,fit
25021,fit
25610,fit
20942,fit
11915,fit
21758,fit
3494,fit
12146,fit
704,fit
36,fit
7789,fit
2527,fit
16717,fit
15162,fit
4798,fit
26117,fit
26290,fit
103,fit
15391,fit
24135,fit
26864,fit
24279,fit
24423,fit
19488,fit
12573,fit
13343,fit
1968,fit
6971,fit
9223,fit
15631,fit
16155,fit
551,fit
19420,fit
6145,fit
21557,fit
28895,fit
23429,fit
26649,fit
16046,fit
27653,fit
18506,fit
19988,fit
9391,fit
20087,fit
1027,fit
2917,fit
4693,fit
17606,fit
26541,fit
11290,fit
5388,fit
4364,fit
21173,fit
20021,fit
281,fit
12388,fit
2367,fit
19178,fit
9395,fit
26469,fit
23242,fit
10698,fit
17358,fit
16957,fit
29486,fit
14511,fit
4912,fit
3139,fit
14677,fit
22006,fit
13511,fit
9613,fit
15007,fit
22422,fit
18737,fit
3245,fit
14996,fit
9940,fit
13104,fit
19943,fit
28933,fit
21274,fit
20875,fit
26465,fit
29447,fit
7712,fit
18347,fit
24705,fit
19069,fit
15959,fit
14467,fit
11026,fit
24438,fit
1856,fit
23959,fit
14738,fit
21267,fit
20431,fit
20770,fit
15706,fit
19431,fit
25032,fit
12736,fit
28002,fit
15873,fit
12291,fit
15023,fit
2220,fit
4723,fit
3642,fit
26728,fit
27835,fit
5128,fit
25056,fit
28745,fit
2519,fit
21251,fit
28833,fit
11363,fit
16680,fit
4294,fit
24244,fit
924,fit
9556,fit
3287,fit
29678,fit
26107,fit
2606,fit
6644,fit
6770,fit
17487,fit
27562,fit
25362,fit
13263,fit
7885,fit
7590,fit
11959,fit
6270,fit
4887,fit
21050,fit
29419,fit
794,fit
21647,fit
8585,fit
15355,fit
18317,fit
26307,fit
17368,fit
9440,fit
21111,fit
887,fit
14484,fit
11307,fit
16063,fit
29394,fit
16286,fit
3093,fit
26780,fit
27166,fit
25517,fit
2753,fit
13919,fit
5277,fit
13445,fit
13549,fit
16907,fit
16749,fit
6950,fit
12413,fit
27252,fit
25564,fit
19960,fit
28603,fit
25007,fit
18524,fit
22911,fit
15723,fit
12747,fit
20798,fit
23058,fit
23226,fit
7204,fit
26553,fit
24845,fit
19059,fit
10156,fit
9179,fit
20458,fit
12670,fit
14999,fit
2846,fit
20213,fit
2051,fit
25675,fit
21020,fit
19716,fit
25195,fit
6626,fit
13663,fit
1273,fit
4867,fit
27686,fit
29819,fit
6629,fit
4684,fit
5288,fit
4986,fit
2679,fit
1886,fit
8943,fit
21066,fit
10965,fit
11355,fit
10325,fit
21671,fit
7873,fit
11731,fit
7428,fit
8740,fit
8300,fit
6814,fit
27163,fit
4883,fit
5886,fit
6868,fit
13569,fit
4006,fit
1831,fit
4602,fit
22345,fit
15549,fit
11095,fit
21716,fit
28137,fit
26486,fit
26873,fit
13275,fit
3163,fit
28386,fit
9505,fit
20789,fit
4481,fit
16159,fit
4938,fit
17150,fit
17320,fit
15518,fit
5071,fit
11121,fit
27591,fit
6686,fit
18943,fit
12465,fit
20312,fit
16361,fit
23675,fit
13040,fit
4479,fit
29009,fit
9878,fit
5791,fit
27067,fit
24083,fit
12312,fit
14693,fit
7509,fit
5612,fit
24894,fit
17734,fit
2904,fit
7442,fit
26900,fit
8952,fit
8709,fit
17832,fit
7305,fit
14275,fit
8132,fit
557,fit
17018,fit
8857,fit
18528,fit
11575,fit
16778,fit
4811,fit
8575,fit
20566,fit
9392,fit
22663,fit
25133,fit
21241,fit
14170,fit
23641,fit
11908,fit
27702,fit
29966,fit
7538,fit
9337,fit
18966,fit
13443,fit
40,fit
22654,fit
29039,fit
2773,fit
8832,fit
6774,fit
16242,fit
24466,fit
12911,fit
15379,fit
15445,fit
23689,fit
21735,fit
4663,fit
2518,fit
18266,fit
13572,fit
26001,fit
26989,fit
16368,fit
13551,fit
10767,fit
27040,fit
29553,fit
4492,fit
22119,fit
28879,fit
17783,fit
2927,fit
25662,fit
12856,fit
13787,fit
18067,fit
12172,fit
25874,fit
13091,fit
8491,fit
28722,fit
4748,fit
24672,fit
17912,fit
7014,fit
23842,fit
20498,fit
7423,fit
18993,fit
23381,fit
26990,fit
25721,fit
8898,fit
4504,fit
10807,fit
5550,fit
20893,fit
22915,fit
8174,fit
17880,fit
24069,fit
16413,fit
1497,fit
28189,fit
29740,fit
10996,fit
5649,fit
29620,fit
13458,fit
14056,fit
12540,fit
5490,fit
4801,fit
26705,fit
9344,fit
27128,fit
9773,fit
23888,fit
12092,fit
26664,fit
22612,fit
840,fit
19477,fit
23883,fit
7037,fit
13415,fit
15262,fit
26591,fit
9111,fit
14183,fit
3280,fit
24087,fit
17262,fit
2576,fit
20905,fit
5985,fit
8969,fit
21916,fit
6190,fit
22766,fit
747,fit
9688,fit
11718,fit
5341,fit
9352,fit
13698,fit
13505,fit
5728,fit
1588,fit
10410,fit
6329,fit
26958,fit
10207,fit
2316,fit
20643,fit
3440,fit
14152,fit
8115,fit
12723,fit
376,fit
12409,fit
26887,fit
7736,fit
24456,fit
19529,fit
5241,fit
7565,fit
13606,fit
20336,fit
10940,fit
14343,fit
20993,fit
16455,fit
8190,fit
6637,fit
2624,fit
5666,fit
22693,fit
2740,fit
6197,fit
7783,fit
22463,fit
12877,fit
8895,fit
1336,fit
17816,fit
9657,fit
17211,fit
28604,fit
4461,fit
1301,fit
10552,fit
21432,fit
13267,fit
27606,fit
27886,fit
9373,fit
16919,fit
3222,fit
29554,fit
27367,fit
6607,fit
1513,fit
16987,fit
21624,fit
5122,fit
19906,fit
5033,fit
9227,fit
25537,fit
6368,fit
1412,fit
6312,fit
11540,fit
16259,fit
13058,fit
6685,fit
12635,fit
24569,fit
1052,fit
2708,fit
27881,fit
27072,fit
2445,fit
27646,fit
8768,fit
20658,fit
16752,fit
1780,fit
6887,fit
22147,fit
27211,fit
18379,fit
18959,fit
2232,fit
14248,fit
11021,fit
11346,fit
9700,fit
3088,fit
11780,fit
14795,fit
4962,fit
23498,fit
18891,fit
23126,fit
15754,fit
11384,fit
15503,fit
16568,fit
1862,fit
14182,fit
19047,fit
9992,fit
27225,fit
22622,fit
8935,fit
22660,fit
26025,fit
4717,fit
29648,fit
14028,fit
25611,fit
8937,fit
4533,fit
29361,fit
4116,fit
21947,fit
11223,fit
27612,fit
25963,fit
12522,fit
17006,fit
5308,fit
5317,fit
8804,fit
13388,fit
7071,fit
18776,fit
25479,fit
12744,fit
20460,fit
20807,fit
16078,fit
12850,fit
26231,fit
7804,fit
24544,fit
20996,fit
4182,fit
24027,fit
22087,fit
2870,fit
21115,fit
24664,fit
2009,fit
10597,fit
4009,fit
28607,fit
22972,fit
17537,fit
24638,fit
2875,fit
19180,fit
7134,fit
5083,fit
23080,fit
7583,fit
18416,fit
5782,fit
28555,fit
4848,fit
26315,fit
26067,fit
20311,fit
11473,fit
16883,fit
16753,fit
9612,fit
20879,fit
2940,fit
13288,fit
3254,fit
16275,fit
29847,fit
24579,fit
27508,fit
18762,fit
4085,fit
14705,fit
11359,fit
3580,fit
23142,fit
28762,fit
18977,fit
1213,fit
18401,fit
15442,fit
25455,fit
16885,fit
6422,fit
16640,fit
9585,fit
16096,fit
11325,fit
21603,fit
13907,fit
4935,fit
26901,fit
6534,fit
6305,fit
16375,fit
22346,fit
14990,fit
3550,fit
12639,fit
23231,fit
22415,fit
20530,fit
3094,fit
24736,fit
12662,fit
12384,fit
4915,fit
17152,fit
22611,fit
3941,fit
23579,fit
27322,fit
15184,fit
12480,fit
19711,fit
4521,fit
1457,fit
12030,fit
685,fit
24550,fit
13813,fit
2592,fit
27905,fit
22579,fit
25132,fit
7922,fit
29277,fit
530,fit
23437,fit
10320,fit
11438,fit
5213,fit
29117,fit
28506,fit
9628,fit
27216,fit
18135,fit
21761,fit
22369,fit
9874,fit
24879,fit
15414,fit
26106,fit
20259,fit
146,fit
23516,fit
8858,fit
22437,fit
4738,fit
5369,fit
1014,fit
13854,fit
22020,fit
10481,fit
8729,fit
21704,fit
22045,fit
12821,fit
7585,fit
3666,fit
2813,fit
81,fit
18221,fit
5224,fit
28648,fit
23510,fit
18904,fit
5874,fit
23680,fit
27358,fit
18713,fit
12280,fit
9682,fit
1033,fit
9929,fit
20192,fit
5400,fit
603,fit
16951,fit
13906,fit
25050,fit
12880,fit
18140,fit
7526,fit
12519,fit
27150,fit
3543,fit
20924,fit
26687,fit
15486,fit
7052,fit
19882,fit
15291,fit
24834,fit
10183,fit
14804,fit
16792,fit
22618,fit
15152,fit
15146,fit
5173,fit
25540,fit
486,fit
17705,fit
5415,fit
13244,fit
13598,fit
26468,fit
28374,fit
29057,fit
10444,fit
22850,fit
15211,fit
1512,fit
10853,fit
21384,fit
6435,fit
29609,fit
8945,fit
23524,fit
29326,fit
2294,fit
18138,fit
3517,fit
23873,fit
2028,fit
20700,fit
6417,fit
69,fit
26936,fit
16989,fit
17941,fit
16411,fit
18011,fit
8332,fit
1494,fit
24953,fit
29729,fit
23732,fit
6310,fit
26672,fit
8167,fit
19567,fit
7543,fit
15327,fit
15926,fit
24076,fit
17154,fit
7163,fit
7426,fit
5692,fit
10708,fit
20638,fit
1154,fit
16314,fit
19027,fit
2031,fit
16997,fit
11140,fit
20105,fit
13891,fit
22162,fit
7956,fit
9159,fit
13768,fit
11786,fit
8481,fit
16742,fit
4995,fit
28593,fit
24743,fit
21742,fit
29558,fit
13128,fit
17453,fit
5488,fit
22651,fit
6825,fit
23207,fit
4442,fit
27457,fit
25290,fit
28102,fit
13765,fit
18107,fit
12574,fit
25647,fit
13327,fit
29420,fit
11409,fit
1980,fit
9407,fit
8664,fit
15779,fit
1262,fit
7644,fit
23962,fit
29505,fit
14918,fit
22222,fit
27761,fit
23840,fit
22446,fit
11729,fit
29784,fit
23034,fit
21913,fit
13701,fit
10514,fit
11285,fit
4571,fit
5041,fit
13387,fit
23990,fit
9614,fit
7656,fit
11257,fit
7243,fit
1786,fit
29919,fit
2102,fit
21003,fit
5933,fit
17969,fit
2362,fit
11032,fit
12337,fit
21434,fit
18679,fit
979,fit
19099,fit
2056,fit
8611,fit
2520,fit
20794,fit
11148,fit
143,fit
21536,fit
4759,fit
16239,fit
26358,fit
21048,fit
5065,fit
1593,fit
16981,fit
19928,fit
13682,fit
16399,fit
26802,fit
29174,fit
21027,fit
19015,fit
327,fit
13393,fit
9737,fit
25010,fit
20152,fit
12937,fit
21388,fit
5864,fit
15069,fit
5245,fit
13421,fit
20680,fit
28911,fit
28382,fit
14015,fit
10015,fit
27621,fit
5944,fit
19181,fit
11865,fit
16152,fit
18332,fit
24478,fit
29882,fit
13814,fit
15691,fit
27497,fit
9363,fit
28001,fit
25101,fit
28848,fit
6447,fit
29005,fit
20781,fit
19149,fit
19919,fit
9583,fit
22201,fit
23100,fit
12368,fit
15174,fit
17933,fit
6581,fit
15684,fit
28611,fit
848,fit
20886,fit
19332,fit
11640,fit
14172,fit
27453,fit
27231,fit
23377,fit
21429,fit
25002,fit
3991,fit
3238,fit
25956,fit
3710,fit
7949,fit
23835,fit
11861,fit
2328,fit
19318,fit
10296,fit
11665,fit
16316,fit
26429,fit
11018,fit
24918,fit
638,fit
8495,fit
29794,fit
7651,fit
14055,fit
549,fit
29619,fit
18229,fit
21459,fit
5724,fit
6439,fit
3398,fit
9361,fit
20288,fit
18725,fit
15082,fit
4054,fit
23291,fit
14000,fit
6749,fit
3407,fit
24455,fit
29749,fit
10292,fit
15097,fit
1070,fit
29543,fit
11054,fit
23131,fit
4190,fit
23865,fit
28736,fit
5925,fit
17371,fit
6710,fit
24819,fit
3317,fit
23010,fit
1775,fit
2796,fit
28693,fit
10733,fit
13198,fit
4506,fit
21575,fit
11668,fit
4902,fit
11179,fit
11511,fit
15760,fit
27734,fit
11392,fit
24254,fit
8035,fit
5682,fit
609,fit
28312,fit
17255,fit
8086,fit
4346,fit
29872,fit
19860,fit
3524,fit
374,fit
26239,fit
1406,fit
27880,fit
18620,fit
26724,fit
15029,fit
22966,fit
7247,fit
268,fit
16747,fit
14282,fit
16447,fit
12486,fit
11858,fit
14375,fit
21221,fit
27366,fit
4656,fit
18855,fit
62,fit
11994,fit
29061,fit
4733,fit
9354,fit
19231,fit
10784,fit
9571,fit
6561,fit
2890,fit
15090,fit
22509,fit
17882,fit
20876,fit
24137,fit
3977,fit
22659,fit
2046,fit
15315,fit
5322,fit
18463,fit
8731,fit
17552,fit
20930,fit
12404,fit
16136,fit
18917,fit
10361,fit
18253,fit
21341,fit
2564,fit
16113,fit
17044,fit
13484,fit
16116,fit
29292,fit
25830,fit
12117,fit
27094,fit
6004,fit
22012,fit
28679,fit
20779,fit
17054,fit
23595,fit
28896,fit
25520,fit
8528,fit
8582,fit
8673,fit
8123,fit
9430,fit
9213,fit
15095,fit
2972,fit
12799,fit
29409,fit
2994,fit
2900,fit
516,fit
16072,fit
165,fit
29252,fit
19788,fit
19654,fit
11485,fit
789,fit
14256,fit
5884,fit
4486,fit
12851,fit
7943,fit
3679,fit
26827,fit
25016,fit
5055,fit
2269,fit
2057,fit
6295,fit
9399,fit
25633,fit
15823,fit
14644,fit
25577,fit
29488,fit
22148,fit
1913,fit
3004,fit
19533,fit
23551,fit
425,fit
14533,fit
4123,fit
11010,fit
19846,fit
19311,fit
17733,fit
10845,fit
5160,fit
17450,fit
12975,fit
26204,fit
5663,fit
7407,fit
18623,fit
2337,fit
14912,fit
19591,fit
3950,fit
428,fit
23636,fit
24955,fit
1025,fit
23064,fit
17582,fit
7354,fit
6166,fit
18292,fit
28405,fit
11714,fit
6438,fit
11421,fit
26588,fit
8795,fit
20215,fit
9325,fit
70,fit
15834,fit
26381,fit
25084,fit
9747,fit
29098,fit
1800,fit
16422,fit
29793,fit
20282,fit
27786,fit
919,fit
23059,fit
5830,fit
16284,fit
4903,fit
18630,fit
27468,fit
13965,fit
16770,fit
14568,fit
18534,fit
26051,fit
27317,fit
25475,fit
4160,fit
24304,fit
23440,fit
2911,fit
18672,fit
1676,fit
29347,fit
12739,fit
20309,fit
18686,fit
8708,fit
23219,fit
9176,fit
22282,fit
2301,fit
21317,fit
15647,fit
29241,fit
14859,fit
11395,fit
15196,fit
16016,fit
6030,fit
8801,fit
6501,fit
17786,fit
29805,fit
11219,fit
565,fit
20113,fit
288,fit
11789,fit
4822,fit
27096,fit
24998,fit
21579,fit
26693,fit
12068,fit
21581,fit
28957,fit
24333,fit
11068,fit
2954,fit
7120,fit
21024,fit
10701,fit
13491,fit
16448,fit
677,fit
12405,fit
17640,fit
16300,fit
5655,fit
9143,fit
22037,fit
1122,fit
27462,fit
6924,fit
9983,fit
15372,fit
22838,fit
6828,fit
29499,fit
23193,fit
19265,fit
12276,fit
11478,fit
22184,fit
13328,fit
1597,fit
4971,fit
23654,fit
29210,fit
24220,fit
19281,fit
21547,fit
18345,fit
18196,fit
5481,fit
5673,fit
15149,fit
2630,fit
18279,fit
2738,fit
9463,fit
21783,fit
11717,fit
17750,fit
20980,fit
15325,fit
26830,fit
18265,fit
11217,fit
12887,fit
28809,fit
26336,fit
11112,fit
6036,fit
17939,fit
13011,fit
29231,fit
24978,fit
15105,fit
16893,fit
2292,fit
4100,fit
27810,fit
8330,fit
25190,fit
26991,fit
15956,fit
27003,fit
13963,fit
8625,fit
199,fit
27712,fit
19584,fit
22783,fit
21315,fit
11072,fit
2343,fit
6800,fit
28015,fit
17696,fit
25307,fit
5508,fit
17504,fit
21617,fit
9694,fit
26571,fit
20331,fit
2978,fit
21554,fit
26985,fit
16311,fit
13406,fit
25305,fit
22443,fit
27773,fit
709,fit
12133,fit
9919,fit
26114,fit
18637,fit
27936,fit
8704,fit
15165,fit
1265,fit
3217,fit
12924,fit
9879,fit
19204,fit
25718,fit
24117,fit
4735,fit
28176,fit
17045,fit
14640,fit
22584,fit
24753,fit
4757,fit
25373,fit
9687,fit
13697,fit
4328,fit
20169,fit
9180,fit
1950,fit
5602,fit
13306,fit
4933,fit
25470,fit
21853,fit
3733,fit
22861,fit
5840,fit
18765,fit
6595,fit
12899,fit
28257,fit
15410,fit
23194,fit
17332,fit
6203,fit
24592,fit
5688,fit
22591,fit
29012,fit
17326,fit
11558,fit
2673,fit
12857,fit
10248,fit
15120,fit
19158,fit
4683,fit
8538,fit
20625,fit
8337,fit
16675,fit
8094,fit
29256,fit
29792,fit
1799,fit
3363,fit
20263,fit
29415,fit
8369,fit
6779,fit
19289,fit
20542,fit
8940,fit
21425,fit
2140,fit
15708,fit
26094,fit
10309,fit
16634,fit
10007,fit
8207,fit
27709,fit
11881,fit
21985,fit
27383,fit
23745,fit
1493,fit
1413,fit
12050,fit
2476,fit
7923,fit
25364,fit
16731,fit
26793,fit
5334,fit
16439,fit
6019,fit
3717,fit
17232,fit
20949,fit
19737,fit
16328,fit
23574,fit
23508,fit
24647,fit
8974,fit
29112,fit
23816,fit
7948,fit
1314,fit
20512,fit
7971,fit
814,fit
20711,fit
22744,fit
27146,fit
8376,fit
25428,fit
21745,fit
24616,fit
14243,fit
3838,fit
18560,fit
4313,fit
25880,fit
6461,fit
14578,fit
407,fit
4044,fit
12379,fit
20455,fit
7663,fit
21864,fit
4466,fit
11763,fit
9376,fit
14667,fit
2402,fit
25257,fit
6233,fit
8200,fit
12476,fit
7507,fit
16253,fit
20370,fit
27976,fit
16707,fit
25967,fit
21858,fit
8971,fit
19264,fit
1973,fit
15608,fit
13608,fit
1318,fit
4077,fit
28269,fit
3590,fit
6124,fit
1652,fit
17749,fit
24863,fit
14679,fit
17955,fit
10236,fit
6998,fit
8440,fit
28756,fit
5354,fit
5754,fit
29907,fit
14255,fit
17967,fit
15471,fit
14576,fit
5280,fit
18700,fit
2231,fit
5199,fit
17374,fit
6421,fit
2707,fit
22548,fit
17113,fit
19941,fit
15507,fit
17938,fit
17743,fit
11483,fit
20201,fit
19278,fit
7691,fit
23684,fit
8087,fit
10471,fit
13735,fit
26580,fit
27924,fit
28486,fit
10619,fit
12109,fit
9394,fit
22923,fit
10946,fit
538,fit
22802,fit
6706,fit
29422,fit
3640,fit
7979,fit
29032,fit
518,fit
2529,fit
9096,fit
29,fit
14075,fit
25648,fit
20555,fit
12648,fit
10000,fit
8313,fit
778,fit
17144,fit
17299,fit
2117,fit
2262,fit
9303,fit
4471,fit
8523,fit
6049,fit
5547,fit
1918,fit
10808,fit
3154,fit
9899,fit
17718,fit
28146,fit
8928,fit
28186,fit
26842,fit
3721,fit
11469,fit
25411,fit
24884,fit
22456,fit
3868,fit
23081,fit
11398,fit
13314,fit
14875,fit
3564,fit
27912,fit
8373,fit
17438,fit
8678,fit
21865,fit
4139,fit
23600,fit
15138,fit
26236,fit
28,fit
28795,fit
3960,fit
24696,fit
28654,fit
10747,fit
28942,fit
19784,fit
20164,fit
27134,fit
3099,fit
10451,fit
11488,fit
7020,fit
11139,fit
6766,fit
22380,fit
8391,fit
12176,fit
28900,fit
26137,fit
25297,fit
28587,fit
112,fit
8557,fit
2677,fit
29285,fit
23833,fit
12356,fit
29460,fit
18970,fit
12364,fit
1770,fit
5548,fit
18313,fit
23083,fit
18790,fit
8492,fit
12213,fit
1220,fit
1741,fit
23439,fit
2769,fit
3221,fit
23134,fit
6960,fit
19665,fit
28997,fit
5568,fit
16272,fit
3888,fit
13095,fit
23662,fit
25325,fit
14191,fit
21224,fit
630,fit
17945,fit
3891,fit
7293,fit
16962,fit
14849,fit
8995,fit
6848,fit
11662,fit
7300,fit
9367,fit
7403,fit
37,fit
29233,fit
15045,fit
6798,fit
10405,fit
20826,fit
13437,fit
13713,fit
8502,fit
9712,fit
562,fit
25801,fit
10846,fit
23698,fit
5645,fit
7310,fit
18749,fit
29804,fit
5989,fit
21622,fit
29272,fit
25247,fit
16292,fit
13159,fit
13163,fit
21331,fit
15832,fit
12905,fit
29079,fit
895,fit
14952,fit
16160,fit
19616,fit
6079,fit
6296,fit
14728,fit
25798,fit
15572,fit
22004,fit
11024,fit
16613,fit
16679,fit
15206,fit
25868,fit
29288,fit
18077,fit
10427,fit
1695,fit
19271,fit
5769,fit
6830,fit
11038,fit
20128,fit
29519,fit
9321,fit
12211,fit
28057,fit
9316,fit
22786,fit
23348,fit
20500,fit
19084,fit
19497,fit
18216,fit
27266,fit
1308,fit
28063,fit
9998,fit
22788,fit
22722,fit
2507,fit
25213,fit
85,fit
213,fit
2986,fit
21117,fit
19587,fit
5570,fit
19618,fit
7569,fit
17360,fit
27535,fit
17497,fit
26003,fit
5972,fit
29614,fit
27501,fit
11983,fit
20125,fit
15780,fit
10528,fit
14731,fit
12945,fit
22504,fit
17443,fit
4050,fit
2635,fit
29161,fit
25023,fit
2392,fit
15218,fit
12650,fit
5090,fit
18367,fit
26978,fit
23535,fit
3053,fit
23898,fit
26342,fit
13909,fit
3156,fit
976,fit
28372,fit
3114,fit
20855,fit
1878,fit
23401,fit
5295,fit
17713,fit
26152,fit
24496,fit
17145,fit
24677,fit
18752,fit
4171,fit
17190,fit
20704,fit
26950,fit
26919,fit
15775,fit
25589,fit
4637,fit
16551,fit
4292,fit
5061,fit
21507,fit
16404,fit
29091,fit
9167,fit
4872,fit
19484,fit
1023,fit
20983,fit
12913,fit
16396,fit
10961,fit
11788,fit
3312,fit
13506,fit
12332,fit
24031,fit
4909,fit
25083,fit
20695,fit
6274,fit
9225,fit
26775,fit
25981,fit
2787,fit
11299,fit
5365,fit
17000,fit
27203,fit
25404,fit
10070,fit
1781,fit
28228,fit
8437,fit
15581,fit
27549,fit
5111,fit
19179,fit
4065,fit
24281,fit
10909,fit
28963,fit
27179,fit
22855,fit
10810,fit
12175,fit
21371,fit
5695,fit
1685,fit
7803,fit
17458,fit
6526,fit
6006,fit
26271,fit
2431,fit
3449,fit
26586,fit
17107,fit
20305,fit
6199,fit
18340,fit
24349,fit
4605,fit
23179,fit
3735,fit
20434,fit
7870,fit
6033,fit
4532,fit
28719,fit
18049,fit
823,fit
1481,fit
2811,fit
4817,fit
15796,fit
29806,fit
4616,fit
6458,fit
282,fit
11950,fit
676,fit
19367,fit
10208,fit
10502,fit
12049,fit
21077,fit
16110,fit
6923,fit
11666,fit
27291,fit
20485,fit
20348,fit
28447,fit
4788,fit
24227,fit
842,fit
24319,fit
28265,fit
9150,fit
10033,fit
26702,fit
1395,fit
23191,fit
5389,fit
1818,fit
28619,fit
2264,fit
21795,fit
9056,fit
16479,fit
172,fit
11684,fit
1852,fit
28892,fit
8404,fit
19965,fit
1407,fit
19050,fit
19051,fit
18747,fit
7000,fit
27736,fit
29088,fit
24186,fit
10250,fit
18596,fit
25443,fit
11823,fit
14018,fit
22077,fit
9304,fit
7385,fit
26923,fit
8514,fit
9372,fit
7898,fit
20349,fit
23676,fit
4688,fit
29438,fit
8113,fit
4878,fit
20495,fit
2357,fit
690,fit
18837,fit
15628,fit
24444,fit
8285,fit
20819,fit
6976,fit
11303,fit
9454,fit
18243,fit
12145,fit
8176,fit
21550,fit
7881,fit
20250,fit
21749,fit
3342,fit
3453,fit
22471,fit
6028,fit
27478,fit
23202,fit
17843,fit
19628,fit
18989,fit
19813,fit
5321,fit
20403,fit
4234,fit
26173,fit
27559,fit
13068,fit
22733,fit
15542,fit
8258,fit
611,fit
18980,fit
16382,fit
3272,fit
14368,fit
27272,fit
12986,fit
24791,fit
23775,fit
2540,fit
3745,fit
15865,fit
15875,fit
5963,fit
10979,fit
18644,fit
7879,fit
18947,fit
18061,fit
7417,fit
6962,fit
29528,fit
25875,fit
27763,fit
28613,fit
15833,fit
16521,fit
4435,fit
9046,fit
483,fit
15558,fit
15762,fit
2331,fit
23290,fit
28523,fit
29193,fit
5993,fit
471,fit
7081,fit
3401,fit
267,fit
15365,fit
3472,fit
4928,fit
24935,fit
28205,fit
25057,fit
24462,fit
9962,fit
4866,fit
17999,fit
22764,fit
2570,fit
28431,fit
16766,fit
2383,fit
3959,fit
15072,fit
11543,fit
3748,fit
28198,fit
9460,fit
4944,fit
2929,fit
11574,fit
20138,fit
13657,fit
8789,fit
16156,fit
9618,fit
17511,fit
22576,fit
7905,fit
3774,fit
5219,fit
26363,fit
20727,fit
5765,fit
27207,fit
22907,fit
11514,fit
16384,fit
21061,fit
11203,fit
24505,fit
3544,fit
8793,fit
21592,fit
413,fit
4438,fit
29282,fit
17027,fit
2645,fit
26804,fit
27156,fit
13722,fit
218,fit
3933,fit
23804,fit
28910,fit
25064,fit
29898,fit
5869,fit
7779,fit
6742,fit
8781,fit
5756,fit
7342,fit
4812,fit
25085,fit
9852,fit
9729,fit
10804,fit
1114,fit
6011,fit
8916,fit
26560,fit
15863,fit
11500,fit
11185,fit
22856,fit
4753,fit
28737,fit
9908,fit
9029,fit
2350,fit
23068,fit
27000,fit
28823,fit
20271,fit
2585,fit
2032,fit
4341,fit
19405,fit
14852,fit
4551,fit
4266,fit
2173,fit
25635,fit
2887,fit
26226,fit
26640,fit
11372,fit
17196,fit
29313,fit
7532,fit
24029,fit
14164,fit
10954,fit
24589,fit
10035,fit
2732,fit
29992,fit
25357,fit
23175,fit
5990,fit
29416,fit
20864,fit
10418,fit
929,fit
1595,fit
20629,fit
6147,fit
2860,fit
1939,fit
12495,fit
12757,fit
5421,fit
9814,fit
8487,fit
7363,fit
17746,fit
10063,fit
14217,fit
17160,fit
2311,fit
17013,fit
12226,fit
27458,fit
28492,fit
23838,fit
10126,fit
6930,fit
22235,fit
5537,fit
7230,fit
24316,fit
17415,fit
23742,fit
4843,fit
19384,fit
403,fit
18973,fit
13197,fit
21609,fit
1365,fit
26049,fit
9824,fit
3237,fit
18168,fit
615,fit
15895,fit
10172,fit
7936,fit
8124,fit
6015,fit
28425,fit
12189,fit
15614,fit
4056,fit
18053,fit
28365,fit
11565,fit
720,fit
29388,fit
26339,fit
9775,fit
5702,fit
4295,fit
21862,fit
29761,fit
20615,fit
23484,fit
1160,fit
21075,fit
9655,fit
5454,fit
19517,fit
27188,fit
2912,fit
4095,fit
3209,fit
12400,fit
28308,fit
8598,fit
1849,fit
19872,fit
16317,fit
1598,fit
15826,fit
8040,fit
23021,fit
8374,fit
9649,fit
20772,fit
12034,fit
14366,fit
20909,fit
6205,fit
23419,fit
10221,fit
20913,fit
22645,fit
17455,fit
10618,fit
3051,fit
11382,fit
13313,fit
16590,fit
19631,fit
26820,fit
1589,fit
25538,fit
26973,fit
6690,fit
15770,fit
1540,fit
5894,fit
25109,fit
24810,fit
27159,fit
22173,fit
2455,fit
16441,fit
27418,fit
7285,fit
18201,fit
26733,fit
19148,fit
11444,fit
9476,fit
13631,fit
9357,fit
8009,fit
20265,fit
12006,fit
5960,fit
22799,fit
21207,fit
4542,fit
21262,fit
26222,fit
1328,fit
21012,fit
17909,fit
16282,fit
26024,fit
11796,fit
18876,fit
17031,fit
9185,fit
4537,fit
28781,fit
3261,fit
24229,fit
6264,fit
20668,fit
14068,fit
19019,fit
24149,fit
20882,fit
9859,fit
110,fit
17926,fit
24263,fit
22322,fit
21029,fit
11428,fit
9204,fit
9799,fit
22707,fit
20887,fit
23593,fit
5201,fit
5890,fit
3515,fit
18468,fit
12121,fit
20584,fit
23294,fit
6131,fit
16599,fit
11951,fit
881,fit
9633,fit
1923,fit
26012,fit
24762,fit
10828,fit
6535,fit
12095,fit
24943,fit
19214,fit
21837,fit
23677,fit
1889,fit
7046,fit
15805,fit
25931,fit
16091,fit
25724,fit
20046,fit
7106,fit
6610,fit
10040,fit
10553,fit
8213,fit
27673,fit
16052,fit
23770,fit
24924,fit
17614,fit
3403,fit
21400,fit
1287,fit
8547,fit
17980,fit
16495,fit
19868,fit
3554,fit
15789,fit
3193,fit
7056,fit
13545,fit
26685,fit
24422,fit
19337,fit
20825,fit
12118,fit
14362,fit
567,fit
5889,fit
14894,fit
4676,fit
10390,fit
16572,fit
13613,fit
22724,fit
27376,fit
29990,fit
9195,fit
28087,fit
19709,fit
29878,fit
22010,fit
15219,fit
11886,fit
29204,fit
24948,fit
2275,fit
16228,fit
27372,fit
29444,fit
13049,fit
14053,fit
12094,fit
12470,fit
17899,fit
19196,fit
22613,fit
13816,fit
12079,fit
28664,fit
4913,fit
26642,fit
21344,fit
8745,fit
12936,fit
8304,fit
8671,fit
657,fit
11323,fit
7409,fit
8394,fit
8526,fit
29003,fit
21977,fit
944,fit
9839,fit
1922,fit
7997,fit
378,fit
15489,fit
15979,fit
10585,fit
13251,fit
27681,fit
4793,fit
3390,fit
15080,fit
8314,fit
8225,fit
13686,fit
26208,fit
13241,fit
20610,fit
21030,fit
4853,fit
1809,fit
8744,fit
21370,fit
240,fit
5759,fit
13583,fit
15011,fit
2531,fit
21279,fit
7761,fit
15031,fit
26376,fit
25547,fit
3932,fit
4437,fit
27603,fit
10857,fit
29816,fit
18496,fit
456,fit
12267,fit
17509,fit
19066,fit
7337,fit
16908,fit
14551,fit
27503,fit
8665,fit
23292,fit
6527,fit
9268,fit
11272,fit
6478,fit
12671,fit
12926,fit
13108,fit
13855,fit
27517,fit
17477,fit
23647,fit
18565,fit
13162,fit
9140,fit
6346,fit
7990,fit
16928,fit
586,fit
15536,fit
26769,fit
9059,fit
8249,fit
21877,fit
9455,fit
2832,fit
8628,fit
21035,fit
20140,fit
10666,fit
17364,fit
23444,fit
27169,fit
16331,fit
16348,fit
28852,fit
15993,fit
28954,fit
259,fit
17226,fit
5309,fit
17741,fit
17478,fit
1369,fit
23052,fit
5267,fit
24588,fit
27308,fit
9924,fit
2586,fit
27547,fit
24989,fit
14907,fit
11263,fit
18860,fit
24315,fit
4508,fit
3498,fit
9197,fit
27355,fit
21257,fit
28927,fit
9138,fit
20037,fit
19076,fit
17340,fit
6903,fit
9597,fit
6806,fit
20685,fit
28764,fit
7128,fit
25461,fit
3037,fit
25076,fit
1536,fit
9971,fit
27455,fit
22417,fit
18412,fit
27086,fit
20718,fit
28575,fit
19152,fit
7964,fit
2782,fit
14758,fit
5031,fit
2699,fit
12875,fit
6139,fit
8864,fit
21591,fit
13468,fit
2934,fit
15299,fit
4296,fit
4493,fit
27224,fit
11890,fit
25911,fit
23659,fit
8366,fit
17433,fit
8460,fit
10567,fit
815,fit
4161,fit
26150,fit
9217,fit
10200,fit
343,fit
11256,fit
25824,fit
5631,fit
8983,fit
28139,fit
7685,fit
8861,fit
19985,fit
4381,fit
17711,fit
13042,fit
9989,fit
8359,fit
18657,fit
24803,fit
5904,fit
12385,fit
12521,fit
1462,fit
18351,fit
16251,fit
16616,fit
17788,fit
15398,fit
4427,fit
24059,fit
24239,fit
27245,fit
2464,fit
5554,fit
5923,fit
17273,fit
23709,fit
4274,fit
7952,fit
6765,fit
28294,fit
1907,fit
19056,fit
5156,fit
3845,fit
28394,fit
22947,fit
6775,fit
3691,fit
27624,fit
24457,fit
18724,fit
27548,fit
29402,fit
14061,fit
6548,fit
17305,fit
4547,fit
8293,fit
14102,fit
23825,fit
29265,fit
7549,fit
17316,fit
5943,fit
8829,fit
3461,fit
15246,fit
12151,fit
13139,fit
26076,fit
13076,fit
27974,fit
29633,fit
13127,fit
17654,fit
10452,fit
150,fit
18043,fit
26652,fit
21780,fit
22356,fit
28138,fit
4,fit
2853,fit
13449,fit
7998,fit
6269,fit
22934,fit
19950,fit
26854,fit
13249,fit
5974,fit
19712,fit
26799,fit
1338,fit
3075,fit
19115,fit
23783,fit
11131,fit
11859,fit
9948,fit
28776,fit
2735,fit
6240,fit
25202,fit
21523,fit
5665,fit
9847,fit
21926,fit
356,fit
18987,fit
18413,fit
23623,fit
10134,fit
8241,fit
15880,fit
331,fit
1030,fit
20998,fit
3070,fit
6973,fit
15785,fit
18214,fit
6225,fit
24872,fit
6714,fit
17881,fit
10554,fit
27313,fit
26294,fit
8545,fit
22868,fit
25696,fit
18720,fit
724,fit
25160,fit
11198,fit
11184,fit
19312,fit
4412,fit
28194,fit
21287,fit
2412,fit
330,fit
17479,fit
11995,fit
25769,fit
16074,fit
15188,fit
12600,fit
29929,fit
29801,fit
5134,fit
13519,fit
29121,fit
22785,fit
1423,fit
17820,fit
9957,fit
16141,fit
13543,fit
8908,fit
25755,fit
17055,fit
28743,fit
9318,fit
13527,fit
27423,fit
17445,fit
12561,fit
15141,fit
25346,fit
27062,fit
21838,fit
21919,fit
4248,fit
19804,fit
21710,fit
22349,fit
26616,fit
23777,fit
16213,fit
15884,fit
18157,fit
29056,fit
11298,fit
3266,fit
14382,fit
29866,fit
6398,fit
12419,fit
29343,fit
11470,fit
17821,fit
19457,fit
10178,fit
3464,fit
21205,fit
1959,fit
24703,fit
26510,fit
3061,fit
12513,fit
29932,fit
15418,fit
9982,fit
17444,fit
12572,fit
17903,fit
20763,fit
6103,fit
9752,fit
3750,fit
28888,fit
29463,fit
14750,fit
9955,fit
19802,fit
7044,fit
17602,fit
16971,fit
12722,fit
6288,fit
3879,fit
19900,fit
16757,fit
16930,fit
23469,fit
23992,fit
23418,fit
14810,fit
12977,fit
18796,fit
23591,fit
49,fit
15602,fit
4300,fit
26405,fit
8772,fit
5417,fit
10624,fit
1010,fit
4615,fit
6660,fit
7579,fit
20669,fit
25390,fit
1576,fit
21044,fit
13060,fit
25274,fit
19141,fit
16298,fit
2163,fit
20956,fit
16070,fit
14266,fit
21681,fit
16732,fit
25280,fit
6143,fit
3125,fit
17845,fit
23637,fit
23252,fit
28110,fit
3144,fit
27820,fit
12429,fit
8847,fit
16926,fit
10788,fit
19252,fit
12554,fit
25427,fit
3598,fit
18820,fit
8542,fit
2427,fit
25754,fit
11111,fit
2050,fit
23916,fit
19193,fit
25255,fit
20709,fit
17764,fit
4695,fit
3058,fit
18598,fit
23148,fit
15221,fit
11301,fit
27223,fit
10997,fit
15359,fit
17238,fit
2024,fit
29773,fit
26817,fit
27998,fit
17486,fit
10115,fit
8429,fit
22272,fit
26201,fit
15843,fit
4246,fit
8199,fit
24912,fit
15853,fit
13012,fit
4105,fit
28128,fit
3233,fit
10411,fit
2439,fit
7595,fit
12933,fit
24208,fit
3789,fit
21836,fit
20758,fit
15595,fit
18427,fit
18220,fit
27980,fit
8068,fit
6021,fit
3741,fit
27932,fit
25631,fit
5681,fit
12504,fit
29219,fit
28448,fit
12824,fit
7550,fit
11954,fit
18939,fit
12311,fit
23170,fit
10611,fit
5101,fit
26247,fit
5784,fit
15073,fit
28314,fit
29325,fit
16416,fit
12451,fit
15366,fit
956,fit
27480,fit
9623,fit
5154,fit
5230,fit
6077,fit
6940,fit
18641,fit
3942,fit
9381,fit
1415,fit
7992,fit
11626,fit
29775,fit
5598,fit
19494,fit
28000,fit
1176,fit
14739,fit
3106,fit
19791,fit
18217,fit
11799,fit
29888,fit
1480,fit
19565,fit
28998,fit
13232,fit
29712,fit
16157,fit
29880,fit
12218,fit
10165,fit
28840,fit
5087,fit
14450,fit
19251,fit
22665,fit
9477,fit
25277,fit
14325,fit
25399,fit
29957,fit
25231,fit
24278,fit
21353,fit
29639,fit
29411,fit
4905,fit
19155,fit
25058,fit
28638,fit
6782,fit
22673,fit
27552,fit
12011,fit
5829,fit
28329,fit
488,fit
26589,fit
16646,fit
13652,fit
19765,fit
5983,fit
4080,fit
25348,fit
26359,fit
8396,fit
7737,fit
12953,fit
170,fit
6273,fit
21654,fit
6223,fit
24052,fit
1820,fit
19369,fit
13851,fit
20153,fit
1869,fit
4021,fit
6299,fit
16595,fit
7621,fit
16191,fit
8530,fit
17566,fit
25183,fit
16541,fit
18507,fit
29128,fit
24369,fit
2355,fit
15092,fit
9572,fit
22428,fit
25330,fit
6100,fit
10556,fit
23613,fit
5115,fit
18350,fit
17708,fit
20168,fit
502,fit
11656,fit
18428,fit
454,fit
2800,fit
4716,fit
341,fit
14900,fit
25157,fit
18798,fit
19358,fit
23176,fit
26688,fit
17787,fit
14280,fit
18572,fit
28296,fit
17050,fit
11595,fit
18498,fit
13307,fit
15756,fit
8531,fit
7950,fit
8693,fit
21441,fit
1325,fit
27379,fit
19217,fit
6958,fit
23343,fit
7701,fit
26187,fit
13889,fit
18244,fit
20415,fit
4225,fit
14093,fit
21086,fit
21100,fit
14245,fit
1863,fit
10915,fit
5450,fit
16608,fit
4654,fit
29224,fit
22595,fit
29787,fit
29473,fit
10632,fit
1279,fit
5751,fit
20564,fit
21798,fit
2744,fit
5892,fit
3043,fit
10215,fit
6792,fit
10436,fit
5797,fit
27012,fit
10774,fit
7608,fit
9611,fit
2987,fit
16916,fit
6794,fit
20172,fit
16547,fit
8822,fit
6020,fit
21397,fit
875,fit
1982,fit
11282,fit
25243,fit
29823,fit
27754,fit
9028,fit
12939,fit
24833,fit
16293,fit
3695,fit
1586,fit
27889,fit
11743,fit
2974,fit
26670,fit
28046,fit
14291,fit
10,fit
23983,fit
20148,fit
13715,fit
6885,fit
20681,fit
13804,fit
5018,fit
27444,fit
18451,fit
15010,fit
1169,fit
10931,fit
12035,fit
28330,fit
4549,fit
29824,fit
18601,fit
2191,fit
19881,fit
2685,fit
19992,fit
400,fit
6519,fit
12935,fit
17396,fit
2628,fit
5480,fit
19239,fit
13100,fit
10002,fit
3548,fit
3484,fit
20030,fit
17228,fit
22945,fit
9513,fit
8433,fit
10678,fit
25565,fit
1130,fit
17322,fit
11123,fit
5399,fit
17356,fit
13516,fit
17416,fit
3503,fit
3973,fit
1421,fit
16644,fit
26839,fit
1258,fit
19873,fit
19236,fit
2953,fit
28658,fit
20764,fit
18090,fit
9072,fit
10464,fit
29573,fit
16022,fit
1749,fit
24323,fit
870,fit
24060,fit
24439,fit
13958,fit
23218,fit
4949,fit
16944,fit
1284,fit
17077,fit
1891,fit
23184,fit
24479,fit
11643,fit
20195,fit
12457,fit
24097,fit
6285,fit
4500,fit
3255,fit
12249,fit
24570,fit
1570,fit
19822,fit
22320,fit
6467,fit
11897,fit
16245,fit
9058,fit
26751,fit
11935,fit
8156,fit
8799,fit
28379,fit
26470,fit
16434,fit
25916,fit
21334,fit
20548,fit
17889,fit
2039,fit
20950,fit
28210,fit
23887,fit
22498,fit
345,fit
29025,fit
14602,fit
15054,fit
12456,fit
8462,fit
11837,fit
3360,fit
3768,fit
21217,fit
29299,fit
2319,fit
8646,fit
23795,fit
29768,fit
8581,fit
2847,fit
29475,fit
21952,fit
4696,fit
19005,fit
29778,fit
2217,fit
26736,fit
22536,fit
6226,fit
14863,fit
6801,fit
16506,fit
1899,fit
25110,fit
22398,fit
8411,fit
17311,fit
8863,fit
27765,fit
15944,fit
12526,fit
20210,fit
27526,fit
29525,fit
3909,fit
9717,fit
13400,fit
23371,fit
4290,fit
27263,fit
18664,fit
4343,fit
28158,fit
11938,fit
25612,fit
12184,fit
9366,fit
9639,fit
38,fit
23054,fit
14489,fit
8934,fit
21937,fit
9106,fit
17272,fit
15163,fit
11704,fit
11591,fit
10404,fit
9362,fit
640,fit
1487,fit
3270,fit
15241,fit
19351,fit
12293,fit
6954,fit
14407,fit
20423,fit
23720,fit
21719,fit
1230,fit
5535,fit
3822,fit
27872,fit
10547,fit
23774,fit
27842,fit
27777,fit
1184,fit
8342,fit
6238,fit
28577,fit
10876,fit
28023,fit
6138,fit
7344,fit
5996,fit
14950,fit
26691,fit
7459,fit
20676,fit
10958,fit
24595,fit
2897,fit
1866,fit
15816,fit
15971,fit
4809,fit
22296,fit
18447,fit
28345,fit
21668,fit
2423,fit
28502,fit
9382,fit
29464,fit
10798,fit
18597,fit
10818,fit
13612,fit
27550,fit
10705,fit
7755,fit
26746,fit
13993,fit
15396,fit
27725,fit
10399,fit
11721,fit
26969,fit
26825,fit
27890,fit
13839,fit
1604,fit
3699,fit
17500,fit
15134,fit
644,fit
25104,fit
2414,fit
2020,fit
27101,fit
27634,fit
1967,fit
21564,fit
10752,fit
14978,fit
12616,fit
21568,fit
16212,fit
10383,fit
17466,fit
17944,fit
7960,fit
27437,fit
10176,fit
17057,fit
15738,fit
9126,fit
29873,fit
2196,fit
25649,fit
16340,fit
11113,fit
12461,fit
29232,fit
9867,fit
27738,fit
14595,fit
24261,fit
5291,fit
4545,fit
18024,fit
28006,fit
3964,fit
11570,fit
23443,fit
27215,fit
10259,fit
24116,fit
22359,fit
3925,fit
5455,fit
16923,fit
6577,fit
6662,fit
26308,fit
24342,fit
7587,fit
29656,fit
23090,fit
1047,fit
5509,fit
28225,fit
17108,fit
6208,fit
25497,fit
25739,fit
23723,fit
23313,fit
13379,fit
23655,fit
217,fit
23370,fit
18832,fit
882,fit
16963,fit
10803,fit
6623,fit
22009,fit
8694,fit
17064,fit
22751,fit
18110,fit
6399,fit
19839,fit
7568,fit
15176,fit
8967,fit
17370,fit
6540,fit
20042,fit
24559,fit
4522,fit
29509,fit
13271,fit
3129,fit
3764,fit
19983,fit
12182,fit
2839,fit
7524,fit
19442,fit
20885,fit
20358,fit
13562,fit
151,fit
5941,fit
16023,fit
206,fit
23436,fit
27928,fit
2957,fit
5345,fit
2956,fit
29623,fit
16719,fit
20701,fit
24516,fit
14964,fit
18645,fit
13373,fit
12099,fit
28490,fit
4285,fit
28331,fit
116,fit
15736,fit
27442,fit
12173,fit
19117,fit
29188,fit
22535,fit
21424,fit
8011,fit
12408,fit
13242,fit
29769,fit
1329,fit
21707,fit
24238,fit
20896,fit
27155,fit
4469,fit
18856,fit
16092,fit
19461,fit
27347,fit
16941,fit
24381,fit
28976,fit
1656,fit
17418,fit
26843,fit
20088,fit
10588,fit
23620,fit
25686,fit
26166,fit
3684,fit
19478,fit
10312,fit
15849,fit
8311,fit
4031,fit
16035,fit
2488,fit
25378,fit
24236,fit
20646,fit
7909,fit
22743,fit
20123,fit
22604,fit
24902,fit
14202,fit
10787,fit
18708,fit
13444,fit
16619,fit
27833,fit
3049,fit
16329,fit
16910,fit
17344,fit
9228,fit
27414,fit
1703,fit
16474,fit
14227,fit
11899,fit
29286,fit
9181,fit
28842,fit
9387,fit
2230,fit
7008,fit
4609,fit
10299,fit
28082,fit
22813,fit
3022,fit
22791,fit
3917,fit
28596,fit
23368,fit
28505,fit
20959,fit
11081,fit
8355,fit
19291,fit
10363,fit
8157,fit
27083,fit
11730,fit
12317,fit
25922,fit
15323,fit
2077,fit
6728,fit
17953,fit
5158,fit
16850,fit
19028,fit
2721,fit
7218,fit
27795,fit
16028,fit
3456,fit
26598,fit
12425,fit
24651,fit
14848,fit
14520,fit
12854,fit
12929,fit
24047,fit
23797,fit
5567,fit
21814,fit
12570,fit
3277,fit
2257,fit
12529,fit
8079,fit
22732,fit
29143,fit
27990,fit
11011,fit
25037,fit
23478,fit
16252,fit
14702,fit
27826,fit
532,fit
2272,fit
8765,fit
26970,fit
24534,fit
8126,fit
11318,fit
16015,fit
15792,fit
26291,fit
11801,fit
28509,fit
11043,fit
14357,fit
28495,fit
20596,fit
10263,fit
8499,fit
7933,fit
23441,fit
11758,fit
6893,fit
917,fit
24378,fit
27319,fit
8282,fit
26831,fit
2467,fit
23507,fit
26461,fit
25561,fit
28248,fit
3412,fit
20406,fit
24416,fit
16227,fit
12029,fit
23764,fit
8410,fit
1133,fit
11674,fit
3529,fit
8,fit
25065,fit
25808,fit
12550,fit
11932,fit
4931,fit
21488,fit
7271,fit
6684,fit
5918,fit
27541,fit
26784,fit
6956,fit
14958,fit
4309,fit
4377,fit
15661,fit
9986,fit
15154,fit
19109,fit
3606,fit
21720,fit
26255,fit
3634,fit
10124,fit
6952,fit
5372,fit
29592,fit
9523,fit
29365,fit
13290,fit
14158,fit
25500,fit
2928,fit
546,fit
12921,fit
16641,fit
298,fit
6772,fit
29177,fit
24939,fit
4098,fit
12808,fit
20478,fit
5565,fit
24102,fit
25072,fit
284,fit
3830,fit
29949,fit
7743,fit
1240,fit
9370,fit
2902,fit
12083,fit
10792,fit
20027,fit
5125,fit
1908,fit
23357,fit
4429,fit
648,fit
9471,fit
28136,fit
15951,fit
16440,fit
12695,fit
27496,fit
7820,fit
25283,fit
3952,fit
23293,fit
25545,fit
25433,fit
15755,fit
27512,fit
5191,fit
26444,fit
7843,fit
5208,fit
23182,fit
27494,fit
18405,fit
430,fit
18100,fit
13515,fit
29709,fit
22657,fit
6300,fit
23924,fit
28165,fit
19020,fit
751,fit
12381,fit
15147,fit
11936,fit
21544,fit
9317,fit
10468,fit
7758,fit
27268,fit
11376,fit
6186,fit
18675,fit
23800,fit
2678,fit
25883,fit
23076,fit
1043,fit
20405,fit
23685,fit
29604,fit
24287,fit
13893,fit
11394,fit
25796,fit
9561,fit
10928,fit
7726,fit
4066,fit
6619,fit
22902,fit
19429,fit
21284,fit
24847,fit
12535,fit
19887,fit
1577,fit
25666,fit
2509,fit
4908,fit
13684,fit
6854,fit
862,fit
21933,fit
21419,fit
18060,fit
27926,fit
7455,fit
10617,fit
28249,fit
25502,fit
12253,fit
41,fit
569,fit
15883,fit
26962,fit
22409,fit
9098,fit
4791,fit
16975,fit
4967,fit
28529,fit
15700,fit
22577,fit
14808,fit
21546,fit
24314,fit
18072,fit
16645,fit
12580,fit
9764,fit
20411,fit
16720,fit
14984,fit
26576,fit
25514,fit
6890,fit
17617,fit
8257,fit
6132,fit
19568,fit
16326,fit
29083,fit
899,fit
21076,fit
5819,fit
3362,fit
1285,fit
27050,fit
10593,fit
20616,fit
4374,fit
22965,fit
11700,fit
5377,fit
7474,fit
13404,fit
19262,fit
5161,fit
27273,fit
17894,fit
28348,fit
15342,fit
13079,fit
5812,fit
20374,fit
24679,fit
4211,fit
17828,fit
11925,fit
28446,fit
24003,fit
6927,fit
2252,fit
20408,fit
5099,fit
18284,fit
19812,fit
948,fit
14710,fit
13086,fit
25701,fit
11133,fit
19120,fit
14566,fit
11797,fit
29953,fit
28324,fit
19840,fit
2448,fit
13133,fit
3110,fit
18948,fit
18023,fit
12437,fit
25849,fit
18336,fit
5832,fit
9294,fit
20310,fit
6481,fit
10360,fit
342,fit
22388,fit
24911,fit
355,fit
8393,fit
4404,fit
16549,fit
14403,fit
1040,fit
7031,fit
16765,fit
25448,fit
27260,fit
11566,fit
25419,fit
8766,fit
10601,fit
10120,fit
5522,fit
24671,fit
22647,fit
22806,fit
24104,fit
12215,fit
29692,fit
839,fit
5710,fit
6111,fit
11535,fit
11424,fit
5373,fit
26036,fit
14777,fit
13807,fit
16400,fit
12579,fit
23906,fit
19458,fit
28534,fit
17700,fit
23086,fit
3727,fit
23982,fit
8287,fit
21746,fit
25019,fit
11208,fit
20437,fit
13665,fit
4179,fit
14118,fit
1998,fit
8927,fit
7573,fit
17789,fit
2694,fit
10781,fit
19466,fit
10180,fit
15310,fit
12666,fit
3694,fit
24249,fit
20541,fit
22637,fit
15939,fit
4473,fit
2515,fit
4945,fit
902,fit
1529,fit
2212,fit
373,fit
28498,fit
17310,fit
23940,fit
5951,fit
28921,fit
15060,fit
25685,fit
29591,fit
23672,fit
608,fit
12565,fit
2861,fit
24125,fit
5585,fit
23000,fit
4099,fit
29936,fit
2248,fit
13156,fit
4400,fit
5402,fit
7710,fit
14857,fit
1639,fit
8243,fit
8029,fit
20473,fit
558,fit
14039,fit
2312,fit
4842,fit
12742,fit
1857,fit
29701,fit
14850,fit
9368,fit
5735,fit
23414,fit
24528,fit
3956,fit
12396,fit
10877,fit
17587,fit
24066,fit
9732,fit
23200,fit
17105,fit
17041,fit
15384,fit
11539,fit
18015,fit
13528,fit
10533,fit
15707,fit
12188,fit
1360,fit
6667,fit
3683,fit
25313,fit
23798,fit
16507,fit
6330,fit
9400,fit
9788,fit
15343,fit
18928,fit
3521,fit
16058,fit
19143,fit
23594,fit
23998,fit
25878,fit
23571,fit
19333,fit
9102,fit
24634,fit
903,fit
18648,fit
21942,fit
12019,fit
7061,fit
5961,fit
21064,fit
28853,fit
28844,fit
6917,fit
11153,fit
20187,fit
14854,fit
5967,fit
18301,fit
17702,fit
19609,fit
10750,fit
732,fit
16887,fit
4868,fit
12838,fit
898,fit
19852,fit
10892,fit
28558,fit
13623,fit
20243,fit
29274,fit
17885,fit
5770,fit
8353,fit
29482,fit
8370,fit
2512,fit
7445,fit
15772,fit
25416,fit
9786,fit
27558,fit
24363,fit
12361,fit
3450,fit
24896,fit
21146,fit
27405,fit
4068,fit
12445,fit
19274,fit
8017,fit
19719,fit
27949,fit
26488,fit
12775,fit
10202,fit
27788,fit
4354,fit
11360,fit
26351,fit
18116,fit
17599,fit
20418,fit
19134,fit
2960,fit
9269,fit
17078,fit
3816,fit
7972,fit
8714,fit
28060,fit
7343,fit
16042,fit
29435,fit
25895,fit
26272,fit
23265,fit
15481,fit
12604,fit
14666,fit
7140,fit
24103,fit
11737,fit
19321,fit
7351,fit
8592,fit
10716,fit
28157,fit
22650,fit
24313,fit
19725,fit
190,fit
14828,fit
7906,fit
18473,fit
29401,fit
21627,fit
12994,fit
14946,fit
22624,fit
6034,fit
10839,fit
12904,fit
13191,fit
14631,fit
21197,fit
1739,fit
24807,fit
17748,fit
12640,fit
17307,fit
12018,fit
10498,fit
9470,fit
26356,fit
27770,fit
11895,fit
10916,fit
17173,fit
21500,fit
12646,fit
25,fit
2923,fit
11296,fit
8596,fit
12593,fit
27700,fit
4422,fit
20539,fit
6340,fit
26446,fit
19459,fit
17922,fit
6333,fit
21519,fit
19279,fit
23015,fit
12428,fit
11341,fit
23435,fit
13753,fit
12992,fit
8471,fit
13931,fit
21080,fit
21122,fit
18639,fit
5379,fit
9414,fit
23691,fit
26600,fit
7856,fit
4581,fit
17452,fit
4191,fit
20607,fit
23446,fit
29384,fit
3595,fit
7084,fit
5696,fit
8127,fit
23338,fit
9510,fit
15245,fit
9412,fit
24222,fit
11411,fit
8823,fit
7085,fit
7394,fit
23884,fit
13052,fit
11246,fit
16898,fit
5217,fit
11989,fit
22493,fit
16423,fit
16845,fit
11362,fit
29782,fit
4626,fit
29189,fit
14931,fit
4166,fit
20132,fit
24915,fit
7188,fit
12855,fit
15986,fit
5715,fit
7672,fit
14296,fit
11559,fit
24846,fit
22977,fit
1584,fit
4743,fit
2533,fit
23003,fit
7478,fit
5188,fit
20689,fit
23271,fit
7467,fit
17256,fit
27697,fit
3173,fit
12544,fit
10379,fit
22594,fit
3162,fit
21440,fit
17822,fit
6001,fit
27412,fit
10939,fit
28101,fit
697,fit
27988,fit
21986,fit
1630,fit
24572,fit
4577,fit
20231,fit
15946,fit
6643,fit
1340,fit
1724,fit
18754,fit
13054,fit
2579,fit
22769,fit
10247,fit
11547,fit
27164,fit
22787,fit
23315,fit
21993,fit
17239,fit
19424,fit
23901,fit
25306,fit
20302,fit
29185,fit
3921,fit
5406,fit
27805,fit
23741,fit
10668,fit
21641,fit
890,fit
2218,fit
6114,fit
1229,fit
13518,fit
1321,fit
14019,fit
10012,fit
21608,fit
4965,fit
17961,fit
28240,fit
3906,fit
15983,fit
20651,fit
13292,fit
24373,fit
18760,fit
28297,fit
20765,fit
2074,fit
27401,fit
1963,fit
13488,fit
4612,fit
21330,fit
2970,fit
3562,fit
9950,fit
7112,fit
2958,fit
13929,fit
8702,fit
2534,fit
27954,fit
23492,fit
9701,fit
21501,fit
27375,fit
4875,fit
24619,fit
28572,fit
22950,fit
27389,fit
14778,fit
16243,fit
5198,fit
26473,fit
7003,fit
6125,fit
3218,fit
6231,fit
20342,fit
24523,fit
14001,fit
6647,fit
20694,fit
4097,fit
19009,fit
13009,fit
7472,fit
22677,fit
15244,fit
21174,fit
23474,fit
19769,fit
20220,fit
5911,fit
8196,fit
29045,fit
16428,fit
12907,fit
14419,fit
22520,fit
8466,fit
23810,fit
11022,fit
24981,fit
29786,fit
11319,fit
21381,fit
3856,fit
26902,fit
21422,fit
14726,fit
22523,fit
23703,fit
2868,fit
21036,fit
8192,fit
13446,fit
28753,fit
25350,fit
27518,fit
11974,fit
24800,fit
3602,fit
4584,fit
21230,fit
20163,fit
29798,fit
24030,fit
23143,fit
12023,fit
27055,fit
9374,fit
27753,fit
10104,fit
4027,fit
20556,fit
1140,fit
2388,fit
21804,fit
12111,fit
10406,fit
10525,fit
13875,fit
21943,fit
29258,fit
28817,fit
27466,fit
16671,fit
14580,fit
10960,fit
29261,fit
28467,fit
2189,fit
4858,fit
26099,fit
15867,fit
13994,fit
10053,fit
25929,fit
26758,fit
23071,fit
14184,fit
18353,fit
5783,fit
21456,fit
21336,fit
18125,fit
9161,fit
17159,fit
23792,fit
20023,fit
27403,fit
11978,fit
278,fit
11742,fit
20883,fit
2892,fit
19177,fit
27660,fit
28304,fit
11493,fit
4974,fit
22363,fit
6342,fit
12518,fit
22187,fit
6040,fit
12345,fit
9008,fit
14104,fit
28665,fit
29393,fit
23715,fit
22762,fit
16358,fit
6901,fit
3752,fit
13142,fit
29575,fit
24741,fit
29613,fit
493,fit
5419,fit
16691,fit
13023,fit
20162,fit
3596,fit
24082,fit
19668,fit
2396,fit
15107,fit
18895,fit
21126,fit
22898,fit
15751,fit
9145,fit
957,fit
22074,fit
2703,fit
3335,fit
29459,fit
1590,fit
12743,fit
19724,fit
29021,fit
1569,fit
12033,fit
16512,fit
20069,fit
21213,fit
21308,fit
7155,fit
26482,fit
16222,fit
21385,fit
26097,fit
17919,fit
17906,fit
28285,fit
27200,fit
23671,fit
15313,fit
18394,fit
27941,fit
20053,fit
25827,fit
27484,fit
9022,fit
10775,fit
17643,fit
21604,fit
23458,fit
22048,fit
20621,fit
17965,fit
6078,fit
16079,fit
14681,fit
24910,fit
4588,fit
20793,fit
418,fit
8752,fit
2983,fit
5523,fit
16596,fit
10350,fit
6071,fit
20682,fit
3047,fit
27483,fit
2304,fit
4470,fit
17437,fit
6870,fit
11181,fit
29759,fit
16203,fit
14449,fit
14660,fit
18364,fit
19241,fit
20454,fit
1804,fit
17572,fit
14797,fit
19706,fit
28200,fit
12499,fit
9927,fit
18604,fit
2588,fit
2461,fit
5982,fit
3934,fit
20327,fit
7801,fit
3907,fit
19112,fit
966,fit
24947,fit
7989,fit
16861,fit
3388,fit
19213,fit
7089,fit
18299,fit
6807,fit
15759,fit
19875,fit
872,fit
24269,fit
13910,fit
10791,fit
15675,fit
21628,fit
22438,fit
11455,fit
24109,fit
1686,fit
12357,fit
24321,fit
2536,fit
11129,fit
18251,fit
20223,fit
17641,fit
13544,fit
15217,fit
6596,fit
7421,fit
21333,fit
18937,fit
7059,fit
24124,fit
29254,fit
13370,fit
5897,fit
12963,fit
26476,fit
8030,fit
10937,fit
7544,fit
17066,fit
12287,fit
23102,fit
27752,fit
15376,fit
16864,fit
891,fit
18969,fit
647,fit
22519,fit
12771,fit
10866,fit
22664,fit
6148,fit
29962,fit
16952,fit
16114,fit
7769,fit
9172,fit
1280,fit
14175,fit
17022,fit
1683,fit
8510,fit
26959,fit
11183,fit
28243,fit
8623,fit
23353,fit
20247,fit
19952,fit
19486,fit
26918,fit
15511,fit
9642,fit
17629,fit
15456,fit
18956,fit
7219,fit
1694,fit
20987,fit
9881,fit
3081,fit
9988,fit
11182,fit
22099,fit
4555,fit
9226,fit
8361,fit
16093,fit
5901,fit
12260,fit
2433,fit
22992,fit
5117,fit
21682,fit
29686,fit
11373,fit
9793,fit
23928,fit
6362,fit
10147,fit
29997,fit
13202,fit
20870,fit
26546,fit
28052,fit
8690,fit
3688,fit
17964,fit
16540,fit
21492,fit
29369,fit
19987,fit
9750,fit
13407,fit
28029,fit
6361,fit
15892,fit
13886,fit
3492,fit
28751,fit
10793,fit
26710,fit
17793,fit
1826,fit
24164,fit
6345,fit
15324,fit
10056,fit
12724,fit
27911,fit
20900,fit
27875,fit
16777,fit
20888,fit
13243,fit
25161,fit
29076,fit
4424,fit
189,fit
21164,fit
26463,fit
13535,fit
16535,fit
26964,fit
24747,fit
27758,fit
18543,fit
12483,fit
18014,fit
9087,fit
16264,fit
17281,fit
29354,fit
20599,fit
25573,fit
6630,fit
13279,fit
12571,fit
29230,fit
22392,fit
9977,fit
4882,fit
14111,fit
25400,fit
22029,fit
12017,fit
29901,fit
7387,fit
1610,fit
25678,fit
4126,fit
1427,fit
10947,fit
27059,fit
19884,fit
2322,fit
20808,fit
22683,fit
29373,fit
11106,fit
23404,fit
17601,fit
28614,fit
12638,fit
9187,fit
4386,fit
11723,fit
18767,fit
28454,fit
13143,fit
8882,fit
8326,fit
15600,fit
25406,fit
15903,fit
18719,fit
20816,fit
16226,fit
6709,fit
12515,fit
4847,fit
10484,fit
3500,fit
8647,fit
1728,fit
25086,fit
23539,fit
14374,fit
21584,fit
25178,fit
15068,fit
23615,fit
27344,fit
28469,fit
9828,fit
15569,fit
3212,fit
11356,fit
24364,fit
15726,fit
26445,fit
26592,fit
4380,fit
29217,fit
20450,fit
1879,fit
12299,fit
8876,fit
7738,fit
27601,fit
25932,fit
6492,fit
20871,fit
3622,fit
3372,fit
16322,fit
24510,fit
22299,fit
20110,fit
29418,fit
13925,fit
8716,fit
6416,fit
12618,fit
7708,fit
14181,fit
2829,fit
17871,fit
17584,fit
23065,fit
8069,fit
5910,fit
5436,fit
24716,fit
6309,fit
29502,fit
22883,fit
2841,fit
26297,fit
5705,fit
15891,fit
3762,fit
1164,fit
11724,fit
9094,fit
8691,fit
25438,fit
20529,fit
19223,fit
24216,fit
19419,fit
9369,fit
11396,fit
19789,fit
17132,fit
1426,fit
18544,fit
12622,fit
22411,fit
6999,fit
736,fit
7770,fit
24361,fit
21136,fit
21350,fit
15334,fit
2398,fit
13201,fit
21303,fit
6250,fit
8727,fit
4143,fit
14477,fit
19742,fit
13817,fit
286,fit
6674,fit
11105,fit
12964,fit
27174,fit
9033,fit
627,fit
16492,fit
3715,fit
20090,fit
8473,fit
1583,fit
6482,fit
18847,fit
21818,fit
22460,fit
28576,fit
13626,fit
27626,fit
25381,fit
14435,fit
7136,fit
19498,fit
10050,fit
22185,fit
8135,fit
19038,fit
23361,fit
8564,fit
19644,fit
12466,fit
29122,fit
21555,fit
29109,fit
23839,fit
20267,fit
21171,fit
868,fit
12444,fit
7069,fit
3559,fit
12417,fit
26584,fit
9680,fit
4245,fit
11599,fit
22546,fit
23778,fit
11320,fit
6480,fit
26665,fit
14392,fit
29030,fit
18910,fit
16772,fit
22156,fit
27608,fit
28025,fit
23966,fit
20383,fit
2279,fit
17543,fit
8387,fit
17653,fit
26210,fit
5207,fit
12551,fit
14898,fit
14112,fit
12713,fit
23299,fit
14645,fit
25996,fit
15864,fit
7202,fit
19740,fit
13385,fit
20321,fit
10991,fit
3130,fit
5952,fit
16402,fit
10469,fit
9490,fit
2044,fit
14034,fit
25904,fit
29064,fit
10869,fit
15380,fit
7630,fit
950,fit
241,fit
29531,fit
7497,fit
26982,fit
10773,fit
18223,fit
20260,fit
13914,fit
19692,fit
29218,fit
12132,fit
5047,fit
19270,fit
21973,fit
11487,fit
8421,fit
21508,fit
18378,fit
20287,fit
14598,fit
26726,fit
19023,fit
9685,fit
8993,fit
321,fit
12993,fit
9402,fit
27081,fit
11953,fit
4729,fit
26124,fit
11385,fit
13896,fit
21633,fit
25303,fit
4572,fit
28772,fit
14865,fit
119,fit
14851,fit
9970,fit
3134,fit
18074,fit
27841,fit
28389,fit
19361,fit
3149,fit
10339,fit
16175,fit
25233,fit
6242,fit
14932,fit
24352,fit
7647,fit
20117,fit
26088,fit
20848,fit
24191,fit
18051,fit
23369,fit
801,fit
4731,fit
14874,fit
1877,fit
20774,fit
7808,fit
26422,fit
2244,fit
12373,fit
23450,fit
21491,fit
4039,fit
21774,fit
23222,fit
3945,fit
1309,fit
12617,fit
14259,fit
930,fit
17198,fit
5358,fit
4541,fit
20061,fit
29950,fit
14290,fit
9802,fit
2693,fit
24730,fit
7886,fit
6084,fit
22444,fit
17075,fit
19548,fit
10743,fit
6967,fit
22901,fit
3116,fit
7168,fit
27149,fit
27346,fit
18439,fit
26808,fit
13725,fit
1097,fit
11652,fit
1603,fit
19649,fit
10157,fit
13845,fit
19169,fit
17129,fit
1732,fit
9780,fit
2603,fit
9640,fit
25667,fit
22207,fit
5340,fit
12980,fit
8891,fit
26545,fit
17109,fit
25121,fit
12538,fit
13895,fit
15266,fit
19207,fit
26828,fit
18525,fit
19714,fit
4546,fit
2475,fit
17556,fit
6377,fit
15406,fit
16218,fit
15626,fit
4238,fit
29235,fit
4600,fit
479,fit
6914,fit
22400,fit
12102,fit
2842,fit
18661,fit
20665,fit
16471,fit
3122,fit
28315,fit
9586,fit
96,fit
7425,fit
5707,fit
18553,fit
10549,fit
10911,fit
20228,fit
12387,fit
4457,fit
24781,fit
6325,fit
7274,fit
13122,fit
21983,fit
27617,fit
28010,fit
23480,fit
22433,fit
1194,fit
4086,fit
16683,fit
28728,fit
475,fit
7208,fit
10736,fit
203,fit
5186,fit
9662,fit
17185,fit
7963,fit
25909,fit
15021,fit
14649,fit
29328,fit
8802,fit
10812,fit
25245,fit
3870,fit
22038,fit
2296,fit
26761,fit
26050,fit
29001,fit
16895,fit
10179,fit
20139,fit
6407,fit
15240,fit
6214,fit
5444,fit
4794,fit
10097,fit
6279,fit
19366,fit
25719,fit
21560,fit
13360,fit
984,fit
12879,fit
24610,fit
10894,fit
29000,fit
5583,fit
2743,fit
27426,fit
2981,fit
27919,fit
812,fit
11772,fit
22642,fit
16405,fit
20559,fit
20976,fit
916,fit
26195,fit
4940,fit
18930,fit
10111,fit
29884,fit
8786,fit
5303,fit
18769,fit
20366,fit
5109,fit
9482,fit
4852,fit
16976,fit
26132,fit
22114,fit
22419,fit
27439,fit
6164,fit
29814,fit
20494,fit
22375,fit
11188,fit
4851,fit
9315,fit
13838,fit
97,fit
15649,fit
21074,fit
14841,fit
5357,fit
20856,fit
10397,fit
1679,fit
22676,fit
28981,fit
12598,fit
20438,fit
6229,fit
7042,fit
8913,fit
10758,fit
20897,fit
12531,fit
8088,fit
9975,fit
27258,fit
23449,fit
26721,fit
8505,fit
15496,fit
3989,fit
15123,fit
25015,fit
7392,fit
13666,fit
19259,fit
13509,fit
8850,fit
5799,fit
1892,fit
8645,fit
12683,fit
16730,fit
16835,fit
10921,fit
19123,fit
16604,fit
28726,fit
7648,fit
20659,fit
25712,fit
29223,fit
5079,fit
17363,fit
2078,fit
5709,fit
5586,fit
24484,fit
28930,fit
12369,fit
19699,fit
23302,fit
26286,fit
25276,fit
10557,fit
27182,fit
7124,fit
2043,fit
19648,fit
18333,fit
24599,fit
26954,fit
7969,fit
15633,fit
18456,fit
14113,fit
20217,fit
25546,fit
16826,fit
27699,fit
11287,fit
23987,fit
11332,fit
17403,fit
21346,fit
6477,fit
26999,fit
12294,fit
15002,fit
18174,fit
18809,fit
15952,fit
12805,fit
2162,fit
24193,fit
951,fit
28775,fit
7328,fit
15254,fit
24607,fit
26238,fit
28881,fit
27220,fit
26995,fit
2487,fit
4339,fit
2547,fit
21338,fit
8398,fit
1281,fit
14372,fit
15838,fit
1765,fit
16364,fit
22700,fit
2472,fit
860,fit
18042,fit
16425,fit
15437,fit
17268,fit
6267,fit
8556,fit
26777,fit
27739,fit
25334,fit
20741,fit
12884,fit
8635,fit
22825,fit
8108,fit
4686,fit
8407,fit
19395,fit
6388,fit
26440,fit
9920,fit
27630,fit
27816,fit
19876,fit
17650,fit
6669,fit
25728,fit
29507,fit
22473,fit
20815,fit
29760,fit
10809,fit
216,fit
11960,fit
3724,fit
24480,fit
11370,fit
23334,fit
22062,fit
8340,fit
12694,fit
16477,fit
20944,fit
15106,fit
8867,fit
6839,fit
2130,fit
25494,fit
2652,fit
15345,fit
5058,fit
13609,fit
22351,fit
19300,fit
28741,fit
18919,fit
22867,fit
24240,fit
26004,fit
1716,fit
1346,fit
8677,fit
24179,fit
8602,fit
19012,fit
20034,fit
14831,fit
16566,fit
3904,fit
10346,fit
22983,fit
27093,fit
17918,fit
10260,fit
7256,fit
2462,fit
17040,fit
12507,fit
28377,fit
17688,fit
8201,fit
4803,fit
5203,fit
5178,fit
17563,fit
18399,fit
25532,fit
29004,fit
15672,fit
9141,fit
12324,fit
7613,fit
27510,fit
3772,fit
17956,fit
26518,fit
17784,fit
11302,fit
11905,fit
4744,fit
28143,fit
10765,fit
9691,fit
16117,fit
28682,fit
23743,fit
18062,fit
1488,fit
13846,fit
24417,fit
16024,fit
2653,fit
13566,fit
26890,fit
8399,fit
15455,fit
2446,fit
13369,fit
3382,fit
24982,fit
9115,fit
1374,fit
1182,fit
10240,fit
27361,fit
5429,fit
26946,fit
27110,fit
20605,fit
26232,fit
1203,fit
8820,fit
18533,fit
25733,fit
27219,fit
5179,fit
25691,fit
19675,fit
19215,fit
14135,fit
23014,fit
4250,fit
11099,fit
8195,fit
15113,fit
8105,fit
25129,fit
10005,fit
4666,fit
10450,fit
24886,fit
11416,fit
18044,fit
29249,fit
21094,fit
1832,fit
12137,fit
3552,fit
23955,fit
14654,fit
23780,fit
18865,fit
24034,fit
404,fit
12482,fit
5601,fit
4445,fit
25594,fit
14600,fit
23979,fit
687,fit
2265,fit
10391,fit
5587,fit
13947,fit
2095,fit
29659,fit
5019,fit
23228,fit
24114,fit
7234,fit
7238,fit
13927,fit
7772,fit
19796,fit
1650,fit
93,fit
5089,fit
17162,fit
28188,fit
5017,fit
5268,fit
27441,fit
25430,fit
23189,fit
25089,fit
5543,fit
5072,fit
23452,fit
202,fit
18603,fit
7223,fit
19512,fit
27248,fit
9865,fit
4786,fit
22960,fit
7788,fit
5790,fit
28124,fit
2788,fit
1197,fit
11594,fit
9127,fit
14059,fit
10445,fit
17639,fit
14174,fit
23917,fit
12673,fit
13416,fit
17577,fit
7874,fit
20399,fit
8344,fit
23323,fit
14427,fit
8742,fit
1730,fit
24424,fit
14803,fit
23221,fit
1924,fit
18551,fit
3170,fit
16234,fit
18942,fit
27214,fit
23390,fit
10106,fit
17330,fit
11218,fit
3682,fit
13740,fit
6265,fit
2235,fit
10353,fit
26910,fit
13514,fit
7364,fit
11172,fit
20401,fit
26398,fit
21922,fit
22462,fit
19642,fit
27127,fit
28432,fit
23233,fit
211,fit
15933,fit
14637,fit
11972,fit
24646,fit
21283,fit
7888,fit
11062,fit
11464,fit
15927,fit
12668,fit
20425,fit
5865,fit
17837,fit
8456,fit
11454,fit
17206,fit
14535,fit
11768,fit
1974,fit
21860,fit
16075,fit
17406,fit
10061,fit
19198,fit
17306,fit
18303,fit
17860,fit
14581,fit
7757,fit
25641,fit
25899,fit
4494,fit
11177,fit
5108,fit
1975,fit
22390,fit
13924,fit
16026,fit
2745,fit
26637,fit
15508,fit
27073,fit
432,fit
20906,fit
8721,fit
25570,fit
26629,fit
29653,fit
23245,fit
24878,fit
29096,fit
9823,fit
28752,fit
9968,fit
14505,fit
18457,fit
621,fit
15783,fit
1136,fit
28967,fit
27217,fit
11136,fit
29893,fit
29987,fit
25349,fit
17247,fit
21974,fit
22103,fit
3592,fit
17265,fit
28891,fit
28871,fit
8570,fit
1337,fit
15813,fit
24259,fit
2153,fit
8133,fit
12101,fit
7335,fit
9947,fit
18275,fit
19541,fit
8849,fit
21473,fit
25766,fit
836,fit
25265,fit
29386,fit
8475,fit
5493,fit
2361,fit
8953,fit
29207,fit
8737,fit
2271,fit
14858,fit
11568,fit
18931,fit
4499,fit
4610,fit
6472,fit
28616,fit
13098,fit
16550,fit
9133,fit
10852,fit
29811,fit
28421,fit
7389,fit
20074,fit
22044,fit
21777,fit
11386,fit
22267,fit
11192,fit
4701,fit
1361,fit
24094,fit
12266,fit
5578,fit
6650,fit
2006,fit
24699,fit
9638,fit
24172,fit
4846,fit
15969,fit
13465,fit
16118,fit
16643,fit
23123,fit
15061,fit
1356,fit
25198,fit
10109,fit
23521,fit
19417,fit
13000,fit
1763,fit
17968,fit
15912,fit
11914,fit
23199,fit
29663,fit
23912,fit
7578,fit
29075,fit
26913,fit
8877,fit
25855,fit
13818,fit
20778,fit
21696,fit
28385,fit
28153,fit
23970,fit
9065,fit
23321,fit
23206,fit
18478,fit
10872,fit
4838,fit
2633,fit
26760,fit
9539,fit
18727,fit
17523,fit
5299,fit
12452,fit
8321,fit
11579,fit
5276,fit
1690,fit
23486,fit
11927,fit
27032,fit
18426,fit
27957,fit
29304,fit
24232,fit
429,fit
6953,fit
18768,fit
10492,fit
12802,fit
22925,fit
13615,fit
23482,fit
14324,fit
26533,fit
21515,fit
22905,fit
2996,fit
11777,fit
12629,fit
22795,fit
17670,fit
13211,fit
11420,fit
29165,fit
14171,fit
22798,fit
25289,fit
23511,fit
18322,fit
10441,fit
19414,fit
14454,fit
14157,fit
11324,fit
29127,fit
8015,fit
19373,fit
10897,fit
820,fit
4355,fit
22337,fit
15364,fit
9830,fit
27345,fit
25426,fit
4121,fit
12892,fit
18693,fit
1549,fit
15046,fit
11832,fit
19838,fit
12577,fit
6579,fit
5424,fit
15632,fit
20784,fit
20068,fit
9045,fit
25401,fit
7173,fit
15896,fit
10688,fit
8607,fit
12862,fit
26313,fit
29722,fit
29698,fit
24226,fit
1783,fit
28005,fit
24419,fit
22963,fit
8910,fit
15802,fit
15677,fit
29744,fit
15907,fit
5772,fit
17576,fit
17046,fit
19319,fit
6963,fit
5478,fit
9939,fit
23116,fit
18932,fit
6218,fit
16472,fit
8636,fit
5638,fit
22489,fit
25338,fit
15094,fit
22171,fit
11212,fit
2209,fit
25694,fit
27465,fit
11849,fit
6604,fit
25070,fit
15004,fit
25319,fit
4256,fit
9077,fit
15630,fit
5175,fit
22076,fit
23167,fit
12534,fit
4690,fit
21375,fit
26015,fit
5689,fit
8909,fit
21639,fit
27239,fit
9266,fit
14148,fit
22718,fit
20346,fit
15987,fit
25511,fit
12555,fit
21390,fit
16844,fit
18580,fit
4999,fit
20780,fit
10098,fit
28471,fit
17910,fit
28108,fit
8428,fit
3091,fit
23113,fit
14791,fit
17169,fit
16576,fit
1243,fit
6652,fit
24959,fit
15949,fit
17667,fit
3783,fit
28545,fit
17740,fit
28376,fit
17201,fit
4939,fit
17677,fit
16290,fit
13297,fit
102,fit
522,fit
25321,fit
9753,fit
26574,fit
14910,fit
14003,fit
13372,fit
22499,fit
4131,fit
3616,fit
12878,fit
24778,fit
16567,fit
11732,fit
23682,fit
18908,fit
10529,fit
27799,fit
19,fit
13567,fit
12072,fit
19475,fit
23710,fit
27293,fit
22719,fit
26254,fit
8179,fit
21713,fit
6846,fit
25167,fit
25398,fit
23869,fit
7848,fit
12642,fit
21007,fit
10197,fit
20116,fit
717,fit
2549,fit
6483,fit
17441,fit
12691,fit
4047,fit
22644,fit
8211,fit
17181,fit
10080,fit
16955,fit
3220,fit
25541,fit
8005,fit
18940,fit
11429,fit
22507,fit
22477,fit
6771,fit
21753,fit
271,fit
7561,fit
7625,fit
24584,fit
16450,fit
5430,fit
18258,fit
3878,fit
5297,fit
12314,fit
18096,fit
25402,fit
9991,fit
3213,fit
28512,fit
10153,fit
20937,fit
19778,fit
21367,fit
13228,fit
10141,fit
20242,fit
26417,fit
4899,fit
13069,fit
7283,fit
15540,fit
2526,fit
8668,fit
19842,fit
20952,fit
21843,fit
863,fit
6666,fit
2105,fit
16133,fit
9496,fit
14065,fit
1316,fit
16973,fit
7618,fit
3427,fit
21049,fit
8717,fit
7954,fit
1148,fit
8720,fit
12051,fit
20375,fit
13660,fit
11448,fit
19106,fit
8034,fit
26062,fit
20300,fit
13435,fit
9047,fit
619,fit
6861,fit
16985,fit
7669,fit
11654,fit
15645,fit
23257,fit
3896,fit
168,fit
21513,fit
25166,fit
16115,fit
597,fit
21277,fit
21829,fit
8615,fit
29797,fit
24403,fit
5209,fit
10704,fit
24471,fit
6510,fit
27461,fit
13205,fit
14913,fit
55,fit
2104,fit
6316,fit
14317,fit
23362,fit
13863,fit
13245,fit
23258,fit
11472,fit
17760,fit
19097,fit
8601,fit
27487,fit
7741,fit
8978,fit
28462,fit
21532,fit
26453,fit
3826,fit
21359,fit
13204,fit
5721,fit
2764,fit
19025,fit
10456,fit
17594,fit
1901,fit
17548,fit
17983,fit
11146,fit
21799,fit
13658,fit
28181,fit
9257,fit
12323,fit
23580,fit
21110,fit
13405,fit
23208,fit
25752,fit
10539,fit
21580,fit
25052,fit
27255,fit
25943,fit
19267,fit
29699,fit
18370,fit
4365,fit
19977,fit
22720,fit
1100,fit
6360,fit
15606,fit
20504,fit
10356,fit
15624,fit
1916,fit
998,fit
17224,fit
17958,fit
15079,fit
19511,fit
27380,fit
25210,fit
2242,fit
8455,fit
2734,fit
10394,fit
29350,fit
25870,fit
13247,fit
594,fit
2394,fit
1661,fit
1377,fit
21868,fit
26821,fit
29626,fit
16687,fit
27529,fit
6891,fit
1232,fit
13829,fit
11633,fit
3056,fit
17090,fit
15340,fit
3866,fit
25815,fit
5339,fit
14901,fit
23841,fit
6426,fit
28971,fit
15973,fit
6479,fit
4119,fit
6440,fit
5214,fit
21033,fit
7066,fit
27877,fit
9403,fit
19263,fit
13374,fit
20691,fit
8682,fit
20649,fit
963,fit
14941,fit
11150,fit
15629,fit
1264,fit
26327,fit
24875,fit
27064,fit
9570,fit
1665,fit
11130,fit
27802,fit
8125,fit
12234,fit
11600,fit
4452,fit
28560,fit
4680,fit
26430,fit
11601,fit
7676,fit
18662,fit
11671,fit
14871,fit
10137,fit
11013,fit
15509,fit
13430,fit
15185,fit
11928,fit
15535,fit
14129,fit
24824,fit
28609,fit
17315,fit
3796,fit
744,fit
1222,fit
25145,fit
3311,fit
22317,fit
24714,fit
5785,fit
28306,fit
2207,fit
24545,fit
10744,fit
6095,fit
1562,fit
27654,fit
29215,fit
2016,fit
6842,fit
4980,fit
27085,fit
15819,fit
15846,fit
18185,fit
19633,fit
19153,fit
16352,fit
9125,fit
17439,fit
9918,fit
8960,fit
94,fit
16306,fit
29017,fit
16039,fit
7294,fit
3369,fit
28800,fit
3628,fit
5032,fit
2100,fit
27663,fit
15136,fit
13438,fit
21717,fit
25304,fit
17974,fit
1553,fit
9697,fit
17835,fit
29124,fit
29387,fit
10209,fit
15922,fit
22069,fit
15058,fit
23560,fit
1128,fit
19640,fit
24840,fit
27632,fit
12516,fit
20509,fit
14546,fit
12941,fit
3545,fit
23891,fit
3123,fit
16657,fit
26280,fit
3368,fit
25326,fit
22571,fit
6986,fit
3855,fit
2048,fit
9731,fit
12853,fit
452,fit
2226,fit
398,fit
22397,fit
23918,fit
21724,fit
978,fit
27937,fit
26366,fit
13636,fit
27241,fit
29082,fit
5316,fit
9405,fit
13847,fit
11845,fit
14461,fit
7632,fit
14625,fit
1744,fit
7145,fit
11703,fit
11006,fit
24675,fit
28152,fit
23968,fit
3326,fit
6008,fit
5110,fit
16764,fit
26299,fit
835,fit
14554,fit
8532,fit
1032,fit
21186,fit
8984,fit
21378,fit
29742,fit
10648,fit
23153,fit
25551,fit
3074,fit
5336,fit
12842,fit
15129,fit
24105,fit
20039,fit
26287,fit
24568,fit
19167,fit
12778,fit
14714,fit
19562,fit
16879,fit
21794,fit
10548,fit
18522,fit
28637,fit
25115,fit
10306,fit
21879,fit
10817,fit
25542,fit
27186,fit
4431,fit
764,fit
1873,fit
22259,fit
8380,fit
2063,fit
4459,fit
19940,fit
29891,fit
10474,fit
24013,fit
24769,fit
10041,fit
11338,fit
25574,fit
9189,fit
25841,fit
17551,fit
3190,fit
1345,fit
7653,fit
19226,fit
1615,fit
19750,fit
10398,fit
7391,fit
7553,fit
26715,fit
15918,fit
16324,fit
24174,fit
26011,fit
8202,fit
19942,fit
5462,fit
17726,fit
27009,fit
20636,fit
13588,fit
27553,fit
12663,fit
5942,fit
29734,fit
18068,fit
19205,fit
3251,fit
10321,fit
5118,fit
13971,fit
19309,fit
8252,fit
13218,fit
133,fit
1351,fit
10331,fit
2878,fit
8315,fit
13747,fit
6144,fit
11791,fit
22478,fit
28828,fit
24739,fit
4280,fit
8619,fit
941,fit
18827,fit
7649,fit
27913,fit
19853,fit
21586,fit
25041,fit
25897,fit
22550,fit
13944,fit
25749,fit
23815,fit
6980,fit
25807,fit
10607,fit
26298,fit
1001,fit
27307,fit
27724,fit
25679,fit
9719,fit
22730,fit
6606,fit
7383,fit
18390,fit
13003,fit
9945,fit
26819,fit
4330,fit
19254,fit
19867,fit
10261,fit
1648,fit
10512,fit
23239,fit
20645,fit
10068,fit
17852,fit
946,fit
19308,fit
2136,fit
8417,fit
11107,fit
3883,fit
15998,fit
12883,fit
26627,fit
2843,fit
7846,fit
17593,fit
6323,fit
15845,fit
1735,fit
11417,fit
8904,fit
14363,fit
20515,fit
21709,fit
13450,fit
19092,fit
6051,fit
21506,fit
26072,fit
1129,fit
14796,fit
135,fit
24832,fit
8062,fit
21156,fit
11260,fit
3573,fit
26368,fit
14242,fit
18325,fit
8070,fit
12422,fit
15514,fit
935,fit
4342,fit
18563,fit
27677,fit
20471,fit
9757,fit
9621,fit
14360,fit
23119,fit
19849,fit
17073,fit
13614,fit
5097,fit
182,fit
25201,fit
3574,fit
10338,fit
27286,fit
10168,fit
13154,fit
14197,fit
10950,fit
15467,fit
29181,fit
20103,fit
12471,fit
20006,fit
5338,fit
4403,fit
9904,fit
1305,fit
2437,fit
16301,fit
15938,fit
12791,fit
6032,fit
17613,fit
1063,fit
4728,fit
17342,fit
28632,fit
21083,fit
25043,fit
18766,fit
4850,fit
14844,fit
14455,fit
9605,fit
3259,fit
21047,fit
8654,fit
18726,fit
14350,fit
26442,fit
19353,fit
21154,fit
17411,fit
3065,fit
2303,fit
6698,fit
14142,fit
28846,fit
2216,fit
28667,fit
26620,fit
21517,fit
28117,fit
25607,fit
28995,fit
5382,fit
3990,fit
19775,fit
10326,fit
19170,fit
14154,fit
14136,fit
3301,fit
7158,fit
401,fit
21997,fit
13255,fit
1829,fit
7427,fit
14095,fit
5278,fit
24513,fit
24897,fit
16409,fit
3442,fit
12901,fit
16806,fit
8136,fit
12055,fit
25114,fit
10101,fit
16639,fit
8262,fit
19173,fit
8458,fit
29707,fit
11205,fit
20620,fit
759,fit
23522,fit
8554,fit
8322,fit
12827,fit
11696,fit
5807,fit
4155,fit
23934,fit
7018,fit
26110,fit
7528,fit
8363,fit
2587,fit
26189,fit
23533,fit
2810,fit
11383,fit
17559,fit
27897,fit
5425,fit
11086,fit
6609,fit
20304,fit
23241,fit
21478,fit
23049,fit
17033,fit
24451,fit
27856,fit
7212,fit
8084,fit
20827,fit
22832,fit
18670,fit
23312,fit
23791,fit
23639,fit
1928,fit
28861,fit
8791,fit
11253,fit
21002,fit
20670,fit
28355,fit
14023,fit
21730,fit
28071,fit
8519,fit
20873,fit
16510,fit
21452,fit
13772,fit
28167,fit
4646,fit
12849,fit
18759,fit
8577,fit
16189,fit
23730,fit
27108,fit
29771,fit
28414,fit
15670,fit
16084,fit
24690,fit
19187,fit
8306,fit
6753,fit
11623,fit
21462,fit
23120,fit
1594,fit
7152,fit
7753,fit
2223,fit
21725,fit
7640,fit
24949,fit
29542,fit
2768,fit
12390,fit
7384,fit
8605,fit
3982,fit
29320,fit
22610,fit
27560,fit
3608,fit
23752,fit
27797,fit
6919,fit
8732,fit
7610,fit
28135,fit
17951,fit
2602,fit
28788,fit
24921,fit
16205,fit
3246,fit
26717,fit
236,fit
15103,fit
15126,fit
27896,fit
12436,fit
1191,fit
17540,fit
8525,fit
1792,fit
27138,fit
3716,fit
23124,fit
18215,fit
28944,fit
22475,fit
22638,fit
14737,fit
16420,fit
11857,fit
19489,fit
8769,fit
10460,fit
20728,fit
22503,fit
20527,fit
4507,fit
10813,fit
27511,fit
16725,fit
2419,fit
14729,fit
29691,fit
17864,fit
7229,fit
23011,fit
1995,fit
25960,fit
10174,fit
21321,fit
24498,fit
7419,fit
9243,fit
19438,fit
4488,fit
19199,fit
24549,fit
26579,fit
17513,fit
13983,fit
21949,fit
4202,fit
15158,fit
18179,fit
22811,fit
5534,fit
20684,fit
28120,fit
16961,fit
11377,fit
12733,fit
6696,fit
15017,fit
3785,fit
18625,fit
16386,fit
15389,fit
2118,fit
14109,fit
9378,fit
3819,fit
28491,fit
19830,fit
20475,fit
15668,fit
21401,fit
28620,fit
29279,fit
7315,fit
26069,fit
1955,fit
22348,fit
16696,fit
16661,fit
22255,fit
22426,fit
24071,fit
10583,fit
3195,fit
832,fit
20054,fit
15765,fit
27839,fit
2641,fit
28362,fit
16161,fit
25460,fit
4984,fit
25337,fit
18589,fit
4254,fit
21264,fit
3231,fit
11477,fit
22909,fit
10173,fit
24876,fit
20392,fit
14687,fit
11793,fit
3972,fit
10462,fit
16119,fit
10764,fit
7512,fit
25174,fit
4005,fit
24558,fit
27951,fit
18193,fit
12252,fit
14842,fit
14479,fit
8019,fit
12258,fit
8076,fit
5498,fit
595,fit
6196,fit
13447,fit
7901,fit
9826,fit
4247,fit
13299,fit
26520,fit
14241,fit
6646,fit
18432,fit
11765,fit
12790,fit
24295,fit
9329,fit
9467,fit
9776,fit
11716,fit
12524,fit
453,fit
16897,fit
2899,fit
11453,fit
4456,fit
6320,fit
25285,fit
27471,fit
22482,fit
1269,fit
13873,fit
19000,fit
27716,fit
3571,fit
5686,fit
17188,fit
27283,fit
23915,fit
4014,fit
16831,fit
3908,fit
6671,fit
26293,fit
14759,fit
28211,fit
14046,fit
16828,fit
4582,fit
4132,fit
24524,fit
2221,fit
11327,fit
17214,fit
14380,fit
20200,fit
8236,fit
3021,fit
25370,fit
10422,fit
19613,fit
18521,fit
8414,fit
8457,fit
23344,fit
23475,fit
8893,fit
15634,fit
1445,fit
15415,fit
28399,fit
12434,fit
8553,fit
22289,fit
624,fit
21394,fit
11365,fit
229,fit
17986,fit
14027,fit
29481,fit
5386,fit
16858,fit
19412,fit
26577,fit
22233,fit
26251,fit
8308,fit
16563,fit
26301,fit
5190,fit
25523,fit
27010,fit
994,fit
15978,fit
1473,fit
6268,fit
14997,fit
5959,fit
21494,fit
28090,fit
21566,fit
12607,fit
10628,fit
28310,fit
28983,fit
29721,fit
25677,fit
26886,fit
19441,fit
20395,fit
22183,fit
22024,fit
28252,fit
19946,fit
5331,fit
19032,fit
13714,fit
10685,fit
5527,fit
2094,fit
8845,fit
20445,fit
22144,fit
1854,fit
5898,fit
3367,fit
25008,fit
22389,fit
1149,fit
20661,fit
16870,fit
22097,fit
14309,fit
22309,fit
23957,fit
28851,fit
24312,fit
1111,fit
20562,fit
11891,fit
14408,fit
14663,fit
16255,fit
563,fit
16090,fit
21045,fit
10623,fit
16956,fit
7101,fit
9967,fit
26608,fit
27972,fit
22648,fit
1619,fit
11326,fit
3913,fit
27326,fit
8631,fit
21182,fit
15371,fit
7097,fit
1390,fit
6056,fit
27324,fit
6317,fit
3643,fit
2040,fit
2041,fit
10659,fit
14908,fit
16491,fit
6773,fit
28245,fit
16414,fit
16011,fit
5356,fit
6934,fit
18453,fit
2068,fit
100,fit
947,fit
3678,fit
21297,fit
5401,fit
17221,fit
28295,fit
4020,fit
3763,fit
7605,fit
9558,fit
28580,fit
15019,fit
18009,fit
7199,fit
19065,fit
14221,fit
2309,fit
11604,fit
5405,fit
19315,fit
2127,fit
3418,fit
8319,fit
3227,fit
3205,fit
25587,fit
27840,fit
26885,fit
21158,fit
1252,fit
51,fit
7662,fit
17627,fit
26143,fit
1778,fit
15564,fit
26198,fit
22582,fit
12477,fit
16980,fit
7786,fit
25518,fit
19021,fit
20112,fit
24411,fit
4298,fit
8688,fit
4621,fit
19508,fit
15155,fit
17097,fit
26750,fit
18946,fit
14836,fit
11659,fit
11265,fit
15576,fit
9183,fit
27906,fit
24141,fit
4544,fit
18228,fit
5999,fit
21548,fit
22334,fit
12923,fit
4349,fit
11270,fit
200,fit
4503,fit
1342,fit
20368,fit
7203,fit
20353,fit
16705,fit
14774,fit
18407,fit
13937,fit
26228,fit
7689,fit
24883,fit
26824,fit
20367,fit
4476,fit
12676,fit
16004,fit
4000,fit
19402,fit
27254,fit
24973,fit
8701,fit
15190,fit
19006,fit
9689,fit
28663,fit
8054,fit
20289,fit
12816,fit
17302,fit
26243,fit
7684,fit
22824,fit
27491,fit
25122,fit
6081,fit
8892,fit
17623,fit
20352,fit
20409,fit
16297,fit
12165,fit
26098,fit
28151,fit
16208,fit
16407,fit
26826,fit
27335,fit
1762,fit
16101,fit
16628,fit
21816,fit
3488,fit
17661,fit
17545,fit
1005,fit
10943,fit
17801,fit
4641,fit
15876,fit
15642,fit
18817,fit
23880,fit
21903,fit
11297,fit
3809,fit
24829,fit
19212,fit
24202,fit
28378,fit
12074,fit
8130,fit
7525,fit
13650,fit
17285,fit
22371,fit
521,fit
6,fit
19007,fit
11598,fit
26309,fit
4754,fit
6207,fit
18021,fit
3024,fit
20063,fit
28485,fit
16654,fit
24928,fit
16511,fit
8045,fit
28177,fit
7118,fit
20341,fit
23731,fit
2188,fit
24245,fit
12380,fit
14271,fit
7627,fit
12974,fit
19003,fit
5027,fit
16089,fit
13870,fit
3910,fit
2620,fit
10971,fit
7215,fit
1296,fit
29710,fit
3997,fit
19233,fit
5093,fit
10132,fit
18195,fit
14079,fit
2725,fit
29296,fit
15209,fit
14124,fit
15543,fit
6813,fit
14459,fit
6624,fit
27390,fit
23953,fit
23203,fit
6097,fit
20817,fit
7591,fit
17684,fit
14483,fit
7013,fit
17768,fit
10570,fit
22528,fit
148,fit
15800,fit
27153,fit
9589,fit
21693,fit
19301,fit
29335,fit
18660,fit
3636,fit
4088,fit
3770,fit
3133,fit
23407,fit
21732,fit
18052,fit
25535,fit
17888,fit
27920,fit
29802,fit
1834,fit
29632,fit
16744,fit
10969,fit
316,fit
13557,fit
2926,fit
7303,fit
22374,fit
6748,fit
18627,fit
19324,fit
18441,fit
9410,fit
21686,fit
24024,fit
10917,fit
24161,fit
10829,fit
12442,fit
18466,fit
27212,fit
14269,fit
18722,fit
3673,fit
5387,fit
25804,fit
1558,fit
20813,fit
10128,fit
6733,fit
1836,fit
27446,fit
23417,fit
1231,fit
7746,fit
18835,fit
2408,fit
10417,fit
27629,fit
20657,fit
19451,fit
8587,fit
11810,fit
12748,fit
8700,fit
23751,fit
16513,fit
21490,fit
16583,fit
28449,fit
11345,fit
29342,fit
28723,fit
11816,fit
11843,fit
3086,fit
12046,fit
4335,fit
24258,fit
683,fit
15358,fit
22987,fit
64,fit
1658,fit
27647,fit
10706,fit
18027,fit
2823,fit
13184,fit
10794,fit
23130,fit
25990,fit
1485,fit
1475,fit
12679,fit
15447,fit
22903,fit
22827,fit
11860,fit
6202,fit
3948,fit
10786,fit
2619,fit
2363,fit
9027,fit
8430,fit
1766,fit
18210,fit
28027,fit
11126,fit
16855,fit
26744,fit
4708,fit
11391,fit
5792,fit
23809,fit
21910,fit
24280,fit
16108,fit
12861,fit
29311,fit
11137,fit
1709,fit
29179,fit
17200,fit
19800,fit
1200,fit
16497,fit
25984,fit
11749,fit
26803,fit
12746,fit
18848,fit
9915,fit
19063,fit
9864,fit
27259,fit
7707,fit
16968,fit
10573,fit
21620,fit
9670,fit
15671,fit
12245,fit
16135,fit
9396,fit
19563,fit
22598,fit
21854,fit
23367,fit
20221,fit
19907,fit
24113,fit
12259,fit
14246,fit
13689,fit
16484,fit
26163,fit
14073,fit
28905,fit
997,fit
19103,fit
6613,fit
9221,fit
4927,fit
7811,fit
27107,fit
28091,fit
26196,fit
6758,fit
2894,fit
16648,fit
23989,fit
15289,fit
3974,fit
18695,fit
11912,fit
7492,fit
359,fit
1175,fit
23372,fit
11158,fit
18267,fit
13081,fit
11911,fit
2959,fit
23956,fit
1397,fit
13383,fit
26122,fit
22990,fit
27670,fit
1547,fit
25765,fit
3479,fit
16925,fit
15879,fit
11404,fit
20497,fit
20345,fit
1185,fit
16299,fit
2625,fit
8013,fit
5949,fit
27546,fit
23991,fit
25006,fit
14437,fit
11103,fit
25726,fit
29358,fit
7306,fit
23477,fit
21690,fit
5856,fit
12896,fit
8939,fit
20535,fit
20918,fit
6503,fit
17847,fit
7616,fit
1364,fit
11480,fit
2806,fit
876,fit
6889,fit
19572,fit
22181,fit
29465,fit
10048,fit
19035,fit
19581,fit
27193,fit
3224,fit
17325,fit
9196,fit
23786,fit
6200,fit
21878,fit
4159,fit
19130,fit
15274,fit
20127,fit
20015,fit
28951,fit
4789,fit
18885,fit
11145,fit
5788,fit
13207,fit
27746,fit
27921,fit
6452,fit
12106,fit
24967,fit
19534,fit
26565,fit
28299,fit
2282,fit
13274,fit
13510,fit
11016,fit
20065,fit
14052,fit
9620,fit
106,fit
25763,fit
1827,fit
27369,fit
25761,fit
26153,fit
11576,fit
12331,fit
25658,fit
19054,fit
19696,fit
22614,fit
12125,fit
19299,fit
9855,fit
28174,fit
16775,fit
29270,fit
7965,fit
6754,fit
24999,fit
27665,fit
20115,fit
15538,fit
13674,fit
28360,fit
19782,fit
26452,fit
10606,fit
5879,fit
7744,fit
7523,fit
8551,fit
21163,fit
6841,fit
6884,fit
18076,fit
10003,fit
21355,fit
7718,fit
14527,fit
20550,fit
18536,fit
14708,fit
26211,fit
18516,fit
71,fit
27218,fit
22863,fit
23847,fit
7766,fit
18225,fit
1347,fit
18142,fit
10211,fit
2327,fit
25799,fit
21142,fit
25317,fit
4704,fit
2260,fit
15338,fit
1983,fit
16261,fit
26364,fit
1000,fit
22067,fit
17062,fit
6136,fit
17744,fit
26170,fit
20588,fit
15408,fit
1066,fit
6612,fit
2110,fit
5270,fit
810,fit
5742,fit
555,fit
22236,fit
6555,fit
11778,fit
1552,fit
19136,fit
23406,fit
14767,fit
13212,fit
20557,fit
15908,fit
14514,fit
7125,fit
21834,fit
13952,fit
22978,fit
15065,fit
27299,fit
24507,fit
8884,fit
6755,fit
9653,fit
26556,fit
7806,fit
25533,fit
26663,fit
1607,fit
20080,fit
16408,fit
3923,fit
4857,fit
15057,fit
14100,fit
3660,fit
26182,fit
8389,fit
350,fit
699,fit
19302,fit
7149,fit
20802,fit
25391,fit
14486,fit
28890,fit
11827,fit
11467,fit
13607,fit
19413,fit
11669,fit
10076,fit
29355,fit
28074,fit
4163,fit
3881,fit
4511,fit
22487,fit
5168,fit
1021,fit
22065,fit
6141,fit
29169,fit
21850,fit
29067,fit
8134,fit
819,fit
27036,fit
3527,fit
8042,fit
11278,fit
8985,fit
10125,fit
25503,fit
614,fit
14760,fit
2720,fit
333,fit
24903,fit
18286,fit
16190,fit
10011,fit
16965,fit
10242,fit
16692,fit
17098,fit
11440,fit
29856,fit
18689,fit
24351,fit
20285,fit
1167,fit
7674,fit
29336,fit
24582,fit
21031,fit
4526,fit
10598,fit
25147,fit
22982,fit
20768,fit
44,fit
13027,fit
147,fit
7378,fit
19095,fit
23001,fit
9155,fit
27069,fit
11627,fit
15350,fit
20207,fit
5484,fit
14339,fit
16485,fit
11677,fit
4411,fit
10922,fit
11175,fit
15281,fit
22771,fit
1156,fit
20251,fit
16257,fit
1300,fit
18787,fit
24596,fit
19145,fit
3649,fit
20077,fit
17561,fit
24577,fit
28287,fit
5540,fit
21055,fit
15293,fit
21495,fit
21646,fit
23721,fit
2086,fit
21656,fit
24838,fit
11502,fit
2640,fit
27399,fit
12584,fit
4417,fit
28350,fit
3281,fit
4142,fit
20308,fit
8265,fit
3230,fit
14314,fit
15062,fit
26029,fit
9635,fit
20954,fit
16086,fit
18584,fit
26216,fit
17015,fit
23280,fit
9293,fit
16621,fit
2944,fit
28868,fit
24501,fit
23722,fit
26871,fit
22952,fit
21559,fit
22490,fit
15175,fit
20155,fit
18852,fit
3185,fit
19756,fit
23057,fit
16681,fit
14359,fit
6757,fit
28118,fit
29836,fit
14525,fit
9565,fit
28223,fit
14935,fit
22221,fit
8099,fit
5149,fit
2416,fit
25910,fit
2411,fit
12847,fit
12954,fit
7062,fit
20568,fit
9413,fit
15210,fit
2818,fit
17014,fit
20688,fit
24533,fit
21438,fit
9023,fit
19157,fit
13153,fit
11976,fit
27499,fit
16333,fit
24784,fit
19408,fit
10540,fit
17916,fit
25466,fit
7123,fit
12589,fit
18063,fit
9953,fit
18036,fit
12868,fit
393,fit
12114,fit
25333,fit
16258,fit
12982,fit
11078,fit
29019,fit
19325,fit
1805,fit
14329,fit
9817,fit
10964,fit
1954,fit
29073,fit
23392,fit
21418,fit
28513,fit
5030,fit
5394,fit
8649,fit
23403,fit
24275,fit
20102,fit
11798,fit
21318,fit
17645,fit
8859,fit
21189,fit
13322,fit
23118,fit
7262,fit
3860,fit
19580,fit
2761,fit
10854,fit
29755,fit
16215,fit
27910,fit
7622,fit
3239,fit
3473,fit
19075,fit
14442,fit
1643,fit
23356,fit
750,fit
7414,fit
5831,fit
2373,fit
24185,fit
21373,fit
1563,fit
27966,fit
6086,fit
16591,fit
9745,fit
16003,fit
20104,fit
12991,fit
25526,fit
21944,fit
1387,fit
25986,fit
18240,fit
6713,fit
23487,fit
29330,fit
426,fit
28650,fit
2932,fit
20946,fit
5837,fit
9943,fit
11439,fit
28456,fit
3457,fit
20788,fit
15698,fit
11447,fit
13641,fit
16059,fit
10025,fit
21406,fit
5640,fit
18826,fit
21991,fit
16285,fit
8025,fit
7859,fit
14490,fit
19865,fit
28909,fit
14311,fit
15985,fit
29642,fit
29582,fit
25792,fit
16610,fit
11048,fit
2821,fit
1699,fit
14260,fit
3821,fit
23032,fit
13280,fit
28939,fit
14441,fit
4985,fit
11554,fit
4484,fit
21194,fit
5580,fit
15485,fit
8534,fit
23997,fit
16896,fit
14515,fit
18755,fit
6045,fit
8038,fit
28836,fit
28584,fit
20239,fit
25552,fit
25141,fit
13118,fit
22805,fit
19257,fit
9101,fit
578,fit
19783,fit
27087,fit
1138,fit
20510,fit
5867,fit
27774,fit
22302,fit
19932,fit
10332,fit
27755,fit
3158,fit
16865,fit
6444,fit
1196,fit
26002,fit
1751,fit
24157,fit
19104,fit
19269,fit
9693,fit
15696,fit
386,fit
2128,fit
17949,fit
27964,fit
4108,fit
10105,fit
6520,fit
21674,fit
6869,fit
7729,fit
5004,fit
15276,fit
27538,fit
16824,fit
25695,fit
28774,fit
29800,fit
21013,fit
22581,fit
725,fit
3919,fit
10780,fit
29047,fit
26460,fit
2848,fit
18200,fit
5279,fit
27622,fit
7135,fit
4808,fit
19820,fit
11651,fit
4714,fit
26276,fit
28875,fit
22142,fit
18112,fit
12156,fit
23139,fit
16332,fit
22280,fit
11347,fit
13547,fit
10800,fit
26330,fit
28973,fit
26975,fit
1618,fit
156,fit
23422,fit
25422,fit
29443,fit
15894,fit
7047,fit
5464,fit
9755,fit
12795,fit
29024,fit
26261,fit
3092,fit
1177,fit
14099,fit
4687,fit
7295,fit
24888,fit
9912,fit
24908,fit
15943,fit
1368,fit
1058,fit
11414,fit
14044,fit
25889,fit
19365,fit
27440,fit
314,fit
27515,fit
3996,fit
4595,fit
12306,fit
19282,fit
11165,fit
5029,fit
3402,fit
26671,fit
28996,fit
11222,fit
26937,fit
19165,fit
23105,fit
7838,fit
5393,fit
23331,fit
22985,fit
23379,fit
2893,fit
13758,fit
23807,fit
25062,fit
12283,fit
3019,fit
22354,fit
27051,fit
5916,fit
827,fit
7102,fit
26178,fit
6357,fit
18424,fit
28970,fit
26207,fit
28562,fit
14746,fit
28433,fit
14597,fit
15453,fit
12667,fit
26695,fit
8352,fit
24070,fit
6796,fit
11351,fit
186,fit
21225,fit
79,fit
20739,fit
1600,fit
13394,fit
8250,fit
27543,fit
21571,fit
26168,fit
5275,fit
17869,fit
9665,fit
20441,fit
19827,fit
3963,fit
9916,fit
12229,fit
24260,fit
14128,fit
21119,fit
735,fit
28048,fit
26277,fit
28155,fit
15612,fit
27692,fit
29654,fit
813,fit
8449,fit
7839,fit
24049,fit
13056,fit
14771,fit
25000,fit
15577,fit
11840,fit
21766,fit
14651,fit
18160,fit
26537,fit
24183,fit
19426,fit
26245,fit
5137,fit
18793,fit
16047,fit
29359,fit
22071,fit
5169,fit
23217,fit
18271,fit
24005,fit
18914,fit
16181,fit
23711,fit
27502,fit
29854,fit
17180,fit
11819,fit
21623,fit
15532,fit
18607,fit
28037,fit
9493,fit
221,fit
14686,fit
20378,fit
10797,fit
9646,fit
1962,fit
16903,fit
25318,fit
7913,fit
25522,fit
8651,fit
5541,fit
14921,fit
5489,fit
19632,fit
10682,fit
24737,fit
11315,fit
25771,fit
14210,fit
14878,fit
13570,fit
4970,fit
14516,fit
13799,fit
18692,fit
18941,fit
299,fit
19340,fit
16278,fit
3597,fit
12200,fit
18383,fit
24178,fit
15135,fit
5003,fit
5778,fit
20707,fit
28883,fit
14970,fit
29741,fit
828,fit
4233,fit
1226,fit
8277,fit
19809,fit
11393,fit
21748,fit
5992,fit
23812,fit
9973,fit
369,fit
13431,fit
26433,fit
14781,fit
27534,fit
14463,fit
17914,fit
25923,fit
17703,fit
6179,fit
8052,fit
834,fit
8122,fit
25550,fit
7775,fit
27332,fit
861,fit
22970,fit
3180,fit
23216,fit
10843,fit
6364,fit
16959,fit
2554,fit
16979,fit
5966,fit
12142,fit
7040,fit
1208,fit
12195,fit
14734,fit
16538,fit
2405,fit
13346,fit
29660,fit
9926,fit
4552,fit
17682,fit
14856,fit
7841,fit
15773,fit
843,fit
19401,fit
27814,fit
5293,fit
7105,fit
18944,fit
21471,fit
3078,fit
24370,fit
10693,fit
27801,fit
5451,fit
19669,fit
424,fit
4956,fit
13777,fit
20332,fit
15881,fit
24976,fit
22781,fit
11681,fit
24204,fit
145,fit
7371,fit
25894,fit
14742,fit
17839,fit
29446,fit
29934,fit
24629,fit
3511,fit
901,fit
515,fit
3414,fit
6336,fit
9123,fit
5998,fit
20626,fit
576,fit
28827,fit
5977,fit
22554,fit
13259,fit
20291,fit
4468,fit
5494,fit
23448,fit
27609,fit
17812,fit
19967,fit
921,fit
16697,fit
3863,fit
2123,fit
15591,fit
13363,fit
6350,fit
4319,fit
24413,fit
17407,fit
22127,fit
2131,fit
19972,fit
1238,fit
19144,fit
28708,fit
2687,fit
6703,fit
24465,fit
766,fit
21688,fit
5833,fit
8427,fit
20511,fit
961,fit
18033,fit
6171,fit
1099,fit
10276,fit
26295,fit
19746,fit
20307,fit
21206,fit
6692,fit
14560,fit
25613,fit
10387,fit
177,fit
3340,fit
22231,fit
26641,fit
9849,fit
5862,fit
13173,fit
12339,fit
18788,fit
22298,fit
23530,fit
3481,fit
1985,fit
18873,fit
27642,fit
26302,fit
11060,fit
11430,fit
12965,fit
5520,fit
27969,fit
12707,fit
3455,fit
25331,fit
390,fit
6412,fit
26654,fit
15854,fit
2510,fit
9959,fit
3444,fit
20313,fit
7021,fit
18570,fit
10919,fit
22466,fit
4173,fit
9310,fit
13217,fit
24564,fit
23854,fit
4148,fit
6947,fit
21796,fit
7976,fit
3528,fit
21461,fit
16154,fit
18523,fit
18609,fit
23398,fit
6401,fit
27722,fit
20001,fit
14235,fit
15713,fit
11074,fit
19761,fit
10198,fit
20740,fit
22563,fit
1257,fit
18735,fit
13513,fit
26192,fit
15725,fit
7432,fit
15198,fit
13315,fit
8679,fit
14833,fit
18775,fit
10715,fit
27846,fit
15977,fit
2318,fit
27194,fit
21593,fit
18774,fit
17430,fit
12537,fit
13137,fit
29485,fit
4049,fit
12542,fit
21139,fit
5195,fit
6146,fit
8512,fit
24636,fit
465,fit
1881,fit
13961,fit
16302,fit
12588,fit
5112,fit
12569,fit
6339,fit
16498,fit
25200,fit
20488,fit
17636,fit
6449,fit
15685,fit
3843,fit
17851,fit
2862,fit
25534,fit
649,fit
6827,fit
2801,fit
24746,fit
23264,fit
21325,fit
26390,fit
14230,fit
15171,fit
13397,fit
27970,fit
21067,fit
11977,fit
17756,fit
27417,fit
19953,fit
20589,fit
26397,fit
20413,fit
3187,fit
2295,fit
18743,fit
7201,fit
20174,fit
23455,fit
24547,fit
20979,fit
16847,fit
19948,fit
11637,fit
16740,fit
886,fit
25774,fit
19695,fit
22332,fit
1295,fit
7359,fit
28111,fit
13285,fit
1812,fit
14337,fit
23619,fit
17309,fit
28789,fit
3315,fit
5376,fit
10154,fit
12983,fit
25853,fit
4692,fit
12581,fit
26601,fit
29869,fit
22034,fit
29943,fit
25186,fit
25530,fit
9994,fit
21938,fit
18894,fit
420,fit
5264,fit
9114,fit
20111,fit
4617,fit
573,fit
22160,fit
13694,fit
9894,fit
22962,fit
1769,fit
9270,fit
19528,fit
7495,fit
9946,fit
22951,fit
22570,fit
17231,fit
5164,fit
137,fit
29853,fit
9522,fit
22204,fit
15871,fit
24729,fit
13853,fit
13843,fit
5104,fit
6115,fit
25672,fit
7334,fit
18834,fit
27407,fit
10294,fit
7919,fit
17698,fit
7087,fit
10627,fit
26909,fit
15504,fit
4489,fit
12303,fit
14552,fit
7182,fit
19736,fit
10777,fit
27918,fit
12322,fit
29192,fit
10229,fit
27177,fit
23050,fit
115,fit
23793,fit
9542,fit
16343,fit
7889,fit
9524,fit
29518,fit
14648,fit
29665,fit
23527,fit
9365,fit
16659,fit
26074,fit
1198,fit
11518,fit
18569,fit
16339,fit
9740,fit
22555,fit
29071,fit
17488,fit
27869,fit
22212,fit
10898,fit
2855,fit
9679,fit
24565,fit
26942,fit
14988,fit
17350,fit
7501,fit
15989,fit
19043,fit
25693,fit
5396,fit
1535,fit
17008,fit
7939,fit
12829,fit
28521,fit
11243,fit
14206,fit
24115,fit
26041,fit
22331,fit
18756,fit
21597,fit
7137,fit
10466,fit
8269,fit
17800,fit
20066,fit
23229,fit
2273,fit
28221,fit
21754,fit
16211,fit
21734,fit
18232,fit
17796,fit
13643,fit
4950,fit
26568,fit
1872,fit
20697,fit
6194,fit
29646,fit
5353,fit
24777,fit
25738,fit
554,fit
14042,fit
24996,fit
5344,fit
8230,fit
14016,fit
17745,fit
15686,fit
8144,fit
10526,fit
29821,fit
17659,fit
19434,fit
22617,fit
9500,fit
15130,fit
3020,fit
29902,fit
8586,fit
21553,fit
4648,fit
9448,fit
25809,fit
7493,fit
14119,fit
9192,fit
20677,fit
29703,fit
11138,fit
20264,fit
8741,fit
1455,fit
16912,fit
7415,fit
457,fit
13454,fit
9508,fit
3751,fit
10479,fit
17574,fit
25397,fit
27065,fit
8106,fit
6550,fit
6235,fit
14316,fit
9637,fit
10999,fit
22135,fit
23673,fit
22906,fit
24621,fit
24775,fit
16867,fit
11571,fit
3861,fit
16911,fit
436,fit
8992,fit
29565,fit
11041,fit
8231,fit
9107,fit
25382,fit
27137,fit
4184,fit
23610,fit
19348,fit
22933,fit
7272,fit
19979,fit
26262,fit
3901,fit
19490,fit
18515,fit
19723,fit
5955,fit
8506,fit
26013,fit
16094,fit
27781,fit
22193,fit
24064,fit
1971,fit
4070,fit
25595,fit
9511,fit
13675,fit
10274,fit
11650,fit
16714,fit
20891,fit
8303,fit
12558,fit
26869,fit
25985,fit
27570,fit
17348,fit
14745,fit
14676,fit
4988,fit
5805,fit
24182,fit
12952,fit
19752,fit
2785,fit
14203,fit
10066,fit
2385,fit
3355,fit
22708,fit
20571,fit
3113,fit
12449,fit
14121,fit
2716,fit
6925,fit
24301,fit
3553,fit
23154,fit
1898,fit
25003,fit
1469,fit
21167,fit
12562,fit
17817,fit
264,fit
14189,fit
10495,fit
27930,fit
22053,fit
19407,fit
9066,fit
28882,fit
26833,fit
9428,fit
20020,fit
2428,fit
23900,fit
11802,fit
7702,fit
5423,fit
16662,fit
13782,fit
14451,fit
24738,fit
15357,fit
25053,fit
29329,fit
29479,fit
18046,fit
20121,fit
18828,fit
25945,fit
28975,fit
16514,fit
12814,fit
19387,fit
19532,fit
17036,fit
5418,fit
17765,fit
19037,fit
21482,fit
2636,fit
2883,fit
24813,fit
26850,fit
6661,fit
23072,fit
12205,fit
7078,fit
20156,fit
27947,fit
26956,fit
29113,fit
9341,fit
24108,fit
8763,fit
25591,fit
21751,fit
3664,fit
17813,fit
5171,fit
9516,fit
22842,fit
26832,fit
14869,fit
5557,fit
3962,fit
14428,fit
19371,fit
17887,fit
13455,fit
631,fit
25644,fit
6978,fit
12931,fit
10004,fit
4669,fit
19418,fit
19700,fit
1249,fit
12530,fit
16112,fit
9109,fit
23459,fit
13630,fit
28915,fit
22355,fit
4948,fit
2880,fit
15388,fit
16791,fit
1965,fit
10413,fit
12064,fit
21218,fit
22734,fit
16347,fit
12298,fit
25617,fit
15941,fit
16371,fit
13110,fit
26920,fit
5367,fit
1161,fit
15620,fit
9774,fit
20835,fit
15902,fit
12270,fit
27100,fit
19194,fit
28797,fit
939,fit
15965,fit
80,fit
12586,fit
9343,fit
3167,fit
7270,fit
6507,fit
26144,fit
20363,fit
8964,fit
11866,fit
1682,fit
21533,fit
3729,fit
18811,fit
23960,fit
23445,fit
16060,fit
23132,fit
17972,fit
20971,fit
21616,fit
15953,fit
6508,fit
4797,fit
18148,fit
25965,fit
23561,fit
6110,fit
2302,fit
17954,fit
7380,fit
7510,fit
29268,fit
24425,fit
22919,fit
1118,fit
13824,fit
24614,fit
20898,fit
5363,fit
24035,fit
29708,fit
29857,fit
16723,fit
3801,fit
28936,fit
23969,fit
2326,fit
10074,fit
9684,fit
27121,fit
15585,fit
2869,fit
15116,fit
28979,fit
1195,fit
24957,fit
23803,fit
17337,fit
24726,fit
19174,fit
17530,fit
14504,fit
10855,fit
27582,fit
16876,fit
11756,fit
25187,fit
3931,fit
344,fit
23702,fit
761,fit
13594,fit
14236,fit
20552,fit
4620,fit
20544,fit
6590,fit
7626,fit
1993,fit
21615,fit
11490,fit
28420,fit
16442,fit
21040,fit
6600,fit
2930,fit
9433,fit
15333,fit
24891,fit
7381,fit
2298,fit
4251,fit
26391,fit
13270,fit
27029,fit
5256,fit
25485,fit
952,fit
14652,fit
6991,fit
2278,fit
29323,fit
9438,fit
13729,fit
9485,fit
195,fit
18121,fit
14134,fit
7456,fit
11283,fit
11739,fit
19870,fit
661,fit
8666,fit
29431,fit
13175,fit
1561,fit
18718,fit
24499,fit
10982,fit
20359,fit
15381,fit
10182,fit
16936,fit
15501,fit
15181,fit
17989,fit
5757,fit
24241,fit
26525,fit
3458,fit
16880,fit
28500,fit
22967,fit
745,fit
17493,fit
23427,fit
25462,fit
2851,fit
4706,fit
1123,fit
16360,fit
10192,fit
3658,fit
328,fit
12943,fit
23981,fit
8639,fit
12834,fit
29980,fit
17362,fit
17049,fit
4363,fit
7699,fit
25575,fit
29629,fit
27001,fit
25859,fit
2648,fit
25907,fit
12497,fit
2567,fit
9999,fit
22658,fit
1599,fit
17529,fit
6286,fit
19422,fit
23624,fit
29404,fit
5642,fit
1672,fit
20070,fit
19933,fit
9160,fit
17928,fit
28709,fit
13831,fit
254,fit
15803,fit
16588,fit
12890,fit
17790,fit
22857,fit
15842,fit
11999,fit
24337,fit
11649,fit
19745,fit
23961,fit
7275,fit
27118,fit
6996,fit
3670,fit
3899,fit
8938,fit
11581,fit
9004,fit
2342,fit
19611,fit
27077,fit
2174,fit
17527,fit
9615,fit
28522,fit
2158,fit
20298,fit
3211,fit
1861,fit
27430,fit
18889,fit
14698,fit
16043,fit
2112,fit
29034,fit
13015,fit
6043,fit
27213,fit
22449,fit
22122,fit
9898,fit
18302,fit
4138,fit
1909,fit
21455,fit
26895,fit
25596,fit
13486,fit
5870,fit
13439,fit
4826,fit
22629,fit
12606,fit
1822,fit
5298,fit
9695,fit
18611,fit
23198,fit
13475,fit
10867,fit
10684,fit
2933,fit
1310,fit
17161,fit
21395,fit
27047,fit
15967,fit
12498,fit
301,fit
11445,fit
20246,fit
7098,fit
17202,fit
9937,fit
3293,fit
12623,fit
28276,fit
10440,fit
20830,fit
19658,fit
25127,fit
26952,fit
10267,fit
7620,fit
18236,fit
26785,fit
29877,fit
16082,fit
28683,fit
18494,fit
7439,fit
19739,fit
3178,fit
15461,fit
15499,fit
27674,fit
15480,fit
23150,fit
12592,fit
23581,fit
17533,fit
12455,fit
21509,fit
15627,fit
16737,fit
1750,fit
3203,fit
22025,fit
18162,fit
15970,fit
15430,fit
26274,fit
10085,fit
14149,fit
13422,fit
17957,fit
7411,fit
3898,fit
27638,fit
22578,fit
16034,fit
3656,fit
22133,fit
4329,fit
16815,fit
15204,fit
7734,fit
22969,fit
13655,fit
26227,fit
8696,fit
25092,fit
3731,fit
6047,fit
23002,fit
10615,fit
5021,fit
208,fit
1509,fit
21801,fit
16869,fit
27817,fit
25924,fit
21476,fit
7633,fit
16304,fit
8912,fit
29624,fit
2815,fit
15966,fit
10401,fit
28931,fit
927,fit
12895,fit
584,fit
13116,fit
11992,fit
9631,fit
16676,fit
23853,fit
12872,fit
8159,fit
15280,fit
17436,fit
11284,fit
14143,fit
16627,fit
5899,fit
6905,fit
9242,fit
5845,fit
26933,fit
4210,fit
169,fit
16960,fit
12793,fit
28805,fit
19626,fit
29921,fit
24156,fit
19502,fit
17070,fit
29871,fit
21649,fit
20868,fit
20894,fit
5736,fit
13308,fit
21621,fit
1218,fit
20185,fit
11762,fit
21038,fit
14977,fit
28334,fit
21658,fit
21551,fit
25628,fit
593,fit
24663,fit
29476,fit
24404,fit
27131,fit
28322,fit
2964,fit
29425,fit
11055,fit
26128,fit
21112,fit
28134,fit
7643,fit
26121,fit
14043,fit
3328,fit
13795,fit
12330,fit
3970,fit
12141,fit
19825,fit
20211,fit
20576,fit
4697,fit
8815,fit
26421,fit
22620,fit
105,fit
1061,fit
24532,fit
20577,fit
24134,fit
21349,fit
27794,fit
15582,fit
15898,fit
14674,fit
19081,fit
19671,fit
27908,fit
8975,fit
10072,fit
21541,fit
28463,fit
10201,fit
415,fit
6708,fit
26837,fit
6248,fit
28718,fit
24661,fit
5994,fit
26844,fit
19471,fit
24237,fit
12919,fit
26102,fit
12263,fit
21329,fit
24748,fit
15124,fit
18392,fit
20361,fit
26768,fit
21895,fit
24720,fit
17365,fit
13224,fit
15911,fit
11541,fit
5200,fit
4732,fit
24855,fit
6764,fit
21612,fit
24221,fit
16688,fit
20193,fit
26305,fit
3135,fit
24593,fit
17091,fit
25489,fit
4896,fit
28869,fit
21358,fit
95,fit
15306,fit
7916,fit
10476,fit
23117,fit
15307,fit
937,fit
5627,fit
15715,fit
7902,fit
17940,fit
1645,fit
12257,fit
22829,fit
11061,fit
20785,fit
8486,fit
28674,fit
27170,fit
20786,fit
4399,fit
23489,fit
20036,fit
11841,fit
10082,fit
19425,fit
28103,fit
3726,fit
1931,fit
27958,fit
11354,fit
29705,fit
11135,fit
3420,fit
29162,fit
22395,fit
13196,fit
21625,fit
11125,fit
4670,fit
237,fit
8210,fit
25380,fit
22741,fit
4096,fit
23914,fit
3869,fit
2895,fit
28831,fit
4844,fit
17082,fit
339,fit
2557,fit
6410,fit
10412,fit
11189,fit
21925,fit
8560,fit
19184,fit
1681,fit
2179,fit
10941,fit
21660,fit
20974,fit
29225,fit
24628,fit
14638,fit
180,fit
29031,fit
17907,fit
5773,fit
27298,fit
25837,fit
5409,fit
9375,fit
6700,fit
21450,fit
25418,fit
10913,fit
22379,fit
13384,fit
21099,fit
28233,fit
13901,fit
29785,fit
25800,fit
18177,fit
14070,fit
17421,fit
13457,fit
22295,fit
225,fit
26180,fit
14889,fit
10256,fit
14447,fit
28055,fit
8291,fit
1504,fit
466,fit
29378,fit
5012,fit
455,fit
204,fit
10117,fit
23573,fit
8558,fit
21200,fit
3306,fit
8776,fit
18374,fit
8334,fit
11097,fit
25374,fit
9152,fit
2623,fit
14991,fit
8955,fit
28380,fit
28323,fit
16562,fit
4428,fit
9049,fit
21320,fit
21059,fit
12801,fit
8367,fit
14720,fit
16857,fit
28286,fit
29956,fit
28794,fit
11087,fit
19599,fit
11863,fit
17359,fit
16454,fit
2876,fit
14323,fit
3399,fit
29063,fit
21599,fit
24822,fit
7464,fit
3586,fit
7722,fit
24322,fit
22691,fit
28199,fit
7207,fit
10195,fit
13748,fit
22485,fit
11003,fit
11775,fit
4117,fit
161,fit
10113,fit
27043,fit
88,fit
16872,fit
17981,fit
22530,fit
13830,fit
6672,fit
13913,fit
12602,fit
4953,fit
28624,fit
25499,fit
993,fit
4092,fit
495,fit
7541,fit
17934,fit
8053,fit
14571,fit
25556,fit
23359,fit
14671,fit
11555,fit
4224,fit
1306,fit
27771,fit
17995,fit
29053,fit
17215,fit
18995,fit
17616,fit
27044,fit
12002,fit
6039,fit
12644,fit
6509,fit
14558,fit
18039,fit
6811,fit
525,fit
23247,fit
27237,fit
790,fit
25393,fit
6913,fit
19133,fit
21391,fit
10059,fit
5549,fit
19848,fit
17457,fit
716,fit
7076,fit
29496,fit
13124,fit
1247,fit
14664,fit
26779,fit
12261,fit
20880,fit
6428,fit
28435,fit
17642,fit
16351,fit
25324,fit
9256,fit
18870,fit
3191,fit
10488,fit
22093,fit
458,fit
12780,fit
4998,fit
18249,fit
4898,fit
19749,fit
19610,fit
14668,fit
4074,fit
24452,fit
26402,fit
26515,fit
26531,fit
9851,fit
24051,fit
291,fit
18359,fit
5970,fit
22358,fit
12624,fit
20459,fit
23984,fit
20286,fit
26054,fit
18567,fit
17095,fit
15981,fit
16943,fit
2287,fit
12979,fit
24914,fit
17227,fit
23904,fit
13986,fit
308,fit
17385,fit
20806,fit
21562,fit
8925,fit
11807,fit
25562,fit
24410,fit
21202,fit
28952,fit
5397,fit
16027,fit
10225,fit
22739,fit
25566,fit
23023,fit
26763,fit
8298,fit
7518,fit
28695,fit
7318,fit
9301,fit
25417,fit
3510,fit
29870,fit
11970,fit
15495,fit
22704,fit
4118,fit
9279,fit
11340,fit
14619,fit
280,fit
18342,fit
20915,fit
27411,fit
6092,fit
21198,fit
13325,fit
9328,fit
13548,fit
5723,fit
9070,fit
11902,fit
8624,fit
19186,fit
28547,fit
14573,fit
3924,fit
17865,fit
1776,fit
8563,fit
19450,fit
17483,fit
6277,fit
29584,fit
21767,fit
6331,fit
17373,fit
18663,fit
15099,fit
26234,fit
12060,fit
1846,fit
26998,fit
18557,fit
4755,fit
25707,fit
12760,fit
6419,fit
9877,fit
21357,fit
18289,fit
9784,fit
4063,fit
26038,fit
13074,fit
28977,fit
8706,fit
14123,fit
5300,fit
15982,fit
18479,fit
24209,fit
3486,fit
7953,fit
20877,fit
658,fit
7147,fit
11973,fit
4520,fit
29471,fit
5483,fit
25315,fit
2683,fit
20150,fit
26554,fit
29713,fit
29263,fit
3062,fit
18605,fit
12432,fit
29684,fit
4864,fit
13542,fit
27847,fit
20653,fit
29275,fit
7883,fit
23890,fit
16068,fit
470,fit
12399,fit
17390,fit
5718,fit
4216,fit
23760,fit
27477,fit
574,fit
12309,fit
5733,fit
22754,fit
20908,fit
24228,fit
12464,fit
472,fit
23618,fit
4299,fit
633,fit
19954,fit
5290,fit
19049,fit
28946,fit
5903,fit
8024,fit
22942,fit
4199,fit
28097,fit
4839,fit
19797,fit
26288,fit
4125,fit
10948,fit
7057,fit
5091,fit
16509,fit
8078,fit
8246,fit
17291,fit
7742,fit
3083,fit
21743,fit
7224,fit
22001,fit
783,fit
29746,fit
11343,fit
22640,fit
7991,fit
14716,fit
24992,fit
5496,fit
7278,fit
1617,fit
22495,fit
4806,fit
25044,fit
18979,fit
22541,fit
25987,fit
26235,fit
8383,fit
24015,fit
19211,fit
2222,fit
15150,fit
3286,fit
4464,fit
12831,fit
18846,fit
24828,fit
17052,fit
12718,fit
29406,fit
18089,fit
12199,fit
22480,fit
15795,fit
29155,fit
26718,fit
22892,fit
22138,fit
8151,fit
15277,fit
2601,fit
5855,fit
8620,fit
25108,fit
21518,fit
13028,fit
27853,fit
1633,fit
3489,fit
28031,fit
6365,fit
16529,fit
2376,fit
9074,fit
15515,fit
27378,fit
27141,fit
7142,fit
21967,fit
7180,fit
17785,fit
20014,fit
1841,fit
16901,fit
10591,fit
15237,fit
6387,fit
4451,fit
121,fit
968,fit
19521,fit
17484,fit
8594,fit
16966,fit
26325,fit
23028,fit
9383,fit
10882,fit
26424,fit
16899,fit
5853,fit
13045,fit
15417,fit
7567,fit
8835,fit
7977,fit
1657,fit
27469,fit
3295,fit
27581,fit
7677,fit
1221,fit
6381,fit
4264,fit
4515,fit
5463,fit
20545,fit
12693,fit
1428,fit
15829,fit
13464,fit
8058,fit
25445,fit
29338,fit
15374,fit
7499,fit
3429,fit
9298,fit
16197,fit
23733,fit
4978,fit
29927,fit
19191,fit
28517,fit
23097,fit
911,fit
7465,fit
23275,fit
17431,fit
4885,fit
4824,fit
21524,fit
1571,fit
8160,fit
9080,fit
6511,fit
3578,fit
10980,fit
19689,fit
27474,fit
7822,fit
14790,fit
27209,fit
16307,fit
19229,fit
28238,fit
10494,fit
2881,fit
4231,fit
28175,fit
8309,fit
12360,fit
22249,fit
16281,fit
19578,fit
14216,fit
26797,fit
5067,fit
4279,fit
3784,fit
26635,fit
17464,fit
7281,fit
11091,fit
5794,fit
9540,fit
765,fit
888,fit
22186,fit
2157,fit
2622,fit
18996,fit
18376,fit
29947,fit
1608,fit
6150,fit
26085,fit
13899,fit
6282,fit
15719,fit
19861,fit
1362,fit
13097,fit
10661,fit
7133,fit
1367,fit
23389,fit
20790,fit
26223,fit
4439,fit
12190,fit
22427,fit
27363,fit
15395,fit
27353,fit
13067,fit
6391,fit
7735,fit
4960,fit
11831,fit
8994,fit
22301,fit
28335,fit
1076,fit
8031,fit
6949,fit
4083,fit
5859,fit
18007,fit
24560,fit
25030,fit
7462,fit
21863,fit
6664,fit
11215,fit
26346,fit
20364,fit
25474,fit
26840,fit
4787,fit
26657,fit
19359,fit
23488,fit
23621,fit
29405,fit
25893,fit
23868,fit
12378,fit
11769,fit
23929,fit
26023,fit
1605,fit
27524,fit
22928,fit
1680,fit
4712,fit
28556,fit
15533,fit
26485,fit
13102,fit
1771,fit
17245,fit
9549,fit
14529,fit
24038,fit
13150,fit
22343,fit
22860,fit
3235,fit
21347,fit
11259,fit
9171,fit
14013,fit
16932,fit
402,fit
12177,fit
10042,fit
6506,fit
22113,fit
26113,fit
754,fit
23994,fit
18262,fit
1435,fit
26852,fit
3346,fit
4303,fit
12823,fit
8436,fit
24307,fit
9230,fit
2980,fit
27829,fit
23867,fit
22336,fit
13529,fit
5501,fit
9551,fit
8697,fit
28859,fit
8875,fit
29131,fit
10204,fit
8447,fit
3147,fit
4383,fit
10315,fit
8307,fit
29283,fit
10400,fit
9525,fit
23578,fit
24206,fit
6944,fit
8439,fit
18075,fit
7034,fit
21232,fit
3812,fit
2504,fit
3029,fit
16432,fit
7993,fit
19555,fit
21356,fit
21342,fit
7170,fit
27451,fit
26046,fit
3846,fit
21563,fit
24385,fit
13103,fit
17397,fit
12096,fit
2871,fit
9016,fit
16799,fit
8275,fit
12672,fit
302,fit
15729,fit
22601,fit
9738,fit
10485,fit
1947,fit
17355,fit
28132,fit
24021,fit
20841,fit
28672,fit
26853,fit
24393,fit
28214,fit
1544,fit
792,fit
27751,fit
12605,fit
13992,fit
15539,fit
26316,fit
8797,fit
7116,fit
23830,fit
13375,fit
20097,fit
26699,fit
26941,fit
15901,fit
11159,fit
27891,fit
16779,fit
8281,fit
15339,fit
23941,fit
15604,fit
1731,fit
3577,fit
10886,fit
16486,fit
9907,fit
27955,fit
7829,fit
9113,fit
24612,fit
4347,fit
21250,fit
13481,fit
26328,fit
15746,fit
4061,fit
22361,fit
318,fit
5850,fit
27775,fit
3876,fit
11567,fit
11147,fit
4441,fit
24806,fit
14735,fit
24072,fit
27882,fit
5332,fit
8297,fit
1062,fit
492,fit
28645,fit
18591,fit
25024,fit
20147,fit
17143,fit
16044,fit
21296,fit
18320,fit
12020,fit
18429,fit
18430,fit
18680,fit
7241,fit
6054,fit
6860,fit
4177,fit
2334,fit
27078,fit
497,fit
22565,fit
5730,fit
3949,fit
4622,fit
579,fit
19129,fit
20981,fit
20373,fit
17277,fit
15059,fit
7159,fit
27519,fit
26039,fit
5618,fit
5138,fit
26127,fit
5471,fit
13673,fit
19131,fit
28835,fit
13859,fit
14130,fit
28855,fit
14626,fit
27429,fit
19272,fit
6176,fit
15791,fit
15737,fit
2778,fit
4888,fit
18878,fit
7258,fit
1228,fit
19147,fit
15551,fit
9237,fit
26915,fit
8707,fit
13531,fit
10302,fit
13140,fit
25252,fit
23701,fit
1772,fit
4529,fit
14067,fit
23908,fit
905,fit
20892,fit
7941,fit
20208,fit
19128,fit
9931,fit
692,fit
14779,fit
27049,fit
3445,fit
4873,fit
25273,fit
24475,fit
4421,fit
15370,fit
15247,fit
5824,fit
27628,fit
6883,fit
12985,fit
7292,fit
652,fit
24869,fit
16209,fit
12885,fit
17761,fit
23754,fit
15259,fit
21847,fit
17339,fit
23008,fit
4981,fit
5704,fit
21642,fit
11631,fit
24442,fit
6490,fit
21420,fit
15052,fit
11484,fit
21768,fit
17020,fit
3153,fit
17130,fit
11213,fit
7747,fit
16811,fit
18888,fit
26800,fit
3631,fit
19889,fit
11632,fit
11435,fit
20591,fit
6074,fit
21091,fit
19911,fit
23616,fit
17902,fit
14577,fit
28251,fit
9239,fit
3761,fit
28293,fit
1440,fit
1990,fit
3841,fit
12658,fit
1244,fit
29523,fit
21602,fit
29090,fit
25861,fit
4563,fit
4379,fit
28678,fit
29829,fit
6979,fit
17982,fit
24583,fit
16204,fit
1380,fit
15575,fit
27396,fit
18540,fit
16894,fit
29014,fit
1393,fit
16653,fit
4496,fit
24048,fit
14712,fit
14352,fit
1003,fit
28826,fit
12762,fit
21526,fit
16153,fit
2195,fit
785,fit
16902,fit
29557,fit
8036,fit
19518,fit
27222,fit
21474,fit
16013,fit
837,fit
6254,fit
18874,fit
13221,fit
1518,fit
16378,fit
1539,fit
28717,fit
2005,fit
14009,fit
17459,fit
3722,fit
7683,fit
29536,fit
2027,fit
15473,fit
23481,fit
27604,fit
12240,fit
923,fit
4737,fit
8413,fit
8451,fit
27175,fit
22108,fit
14233,fit
2013,fit
7865,fit
14544,fit
28007,fit
5407,fit
8933,fit
10769,fit
24945,fit
1992,fit
2500,fit
26387,fit
6149,fit
9263,fit
2384,fit
29397,fit
17402,fit
23650,fit
21684,fit
8408,fit
24153,fit
28783,fit
14840,fit
29353,fit
21982,fit
14091,fit
9735,fit
16165,fit
3561,fit
6815,fit
24980,fit
4358,fit
23030,fit
17071,fit
9384,fit
14606,fit
10280,fit
15077,fit
6829,fit
26965,fit
21010,fit
12433,fit
24324,fit
28570,fit
19845,fit
296,fit
18868,fit
10058,fit
3291,fit
25144,fit
28020,fit
7791,fit
5150,fit
23718,fit
5145,fit
21773,fit
11553,fit
16163,fit
126,fit
15714,fit
422,fit
26527,fit
22232,fit
6580,fit
16032,fit
23330,fit
14809,fit
17253,fit
23633,fit
680,fit
3738,fit
1008,fit
26237,fit
21694,fit
17442,fit
15215,fit
27459,fit
781,fit
28353,fit
14895,fit
4750,fit
5574,fit
11191,fit
24624,fit
17032,fit
13371,fit
7055,fit
9654,fit
17655,fit
17274,fit
2227,fit
319,fit
4907,fit
18356,fit
14229,fit
13206,fit
12809,fit
17263,fit
24844,fit
25797,fit
27577,fit
27658,fit
6705,fit
7108,fit
2968,fit
23638,fit
19506,fit
5690,fit
22864,fit
12914,fit
8318,fit
20281,fit
6945,fit
7675,fit
2069,fit
7833,fit
23408,fit
9332,fit
4954,fit
17019,fit
8773,fit
27018,fit
1987,fit
25839,fit
1903,fit
14974,fit
21131,fit
858,fit
14244,fit
8109,fit
22808,fit
13022,fit
5221,fit
18879,fit
22440,fit
16270,fit
1839,fit
12022,fit
24571,fit
28427,fit
23781,fit
679,fit
18497,fit
14371,fit
10577,fit
4361,fit
22163,fit
20702,fit
28013,fit
28863,fit
2553,fit
20252,fit
12699,fit
8977,fit
25946,fit
3097,fit
23263,fit
18038,fit
755,fit
10561,fit
5165,fit
18849,fit
29266,fit
10364,fit
28464,fit
5398,fit
11883,fit
29738,fit
9483,fit
17792,fit
7177,fit
23585,fit
1927,fit
23657,fit
3171,fit
18257,fit
4514,fit
19676,fit
1165,fit
29125,fit
20397,fit
24289,fit
6253,fit
27365,fit
539,fit
2605,fit
22606,fit
10234,fit
12928,fit
21415,fit
20493,fit
925,fit
534,fit
20910,fit
1882,fit
16269,fit
8000,fit
17140,fit
14669,fit
15676,fit
22701,fit
9415,fit
10251,fit
26496,fit
24302,fit
29764,fit
8098,fit
10029,fit
5521,fit
485,fit
9996,fit
514,fit
12611,fit
19305,fit
29864,fit
9170,fit
7942,fit
17883,fit
26389,fit
7424,fit
307,fit
695,fit
2612,fit
29862,fit
24119,fit
10371,fit
15571,fit
9675,fit
29376,fit
20064,fit
8699,fit
12603,fit
26436,fit
2511,fit
153,fit
24140,fit
5544,fit
4267,fit
2667,fit
28159,fit
21757,fit
2501,fit
11238,fit
20041,fit
5881,fit
251,fit
4991,fit
12282,fit
14929,fit
21898,fit
16383,fit
4367,fit
11311,fit
7099,fit
19558,fit
889,fit
4569,fit
807,fit
25852,fit
14078,fit
4004,fit
20858,fit
24001,fit
5255,fit
22910,fit
20440,fit
19243,fit
24290,fit
17780,fit
28164,fit
12703,fit
5558,fit
26362,fit
19391,fit
23325,fit
18130,fit
13532,fit
16310,fit
13236,fit
19744,fit
6955,fit
27288,fit
5025,fit
364,fit
9041,fit
18064,fit
15404,fit
3648,fit
3495,fit
17651,fit
23582,fit
13991,fit
6003,fit
23716,fit
5460,fit
11051,fit
10600,fit
8181,fit
17254,fit
5644,fit
27961,fit
12414,fit
21499,fit
22365,fit
25383,fit
26792,fit
6181,fit
14501,fit
478,fit
23017,fit
10770,fit
23048,fit
23036,fit
9515,fit
17425,fit
620,fit
25471,fit
320,fit
25356,fit
15055,fit
10832,fit
19556,fit
28080,fit
26478,fit
6188,fit
24867,fit
10244,fit
27176,fit
7514,fit
7571,fit
1055,fit
7927,fit
14897,fit
10330,fit
7797,fit
18971,fit
28922,fit
11001,fit
6780,fit
29269,fit
7096,fit
6693,fit
25492,fit
29247,fit
3381,fit
22800,fit
10022,fit
10187,fit
22245,fit
922,fit
14249,fit
8650,fit
28699,fit
14300,fit
9465,fit
26184,fit
6838,fit
9564,fit
19295,fit
9961,fit
2864,fit
4578,fit
20593,fit
23946,fit
15667,fit
1120,fit
1430,fit
7765,fit
28698,fit
14239,fit
7763,fit
19045,fit
21960,fit
6640,fit
22175,fit
12003,fit
22995,fit
24272,fit
18335,fit
3569,fit
50,fit
14190,fit
12108,fit
9656,fit
10086,fit
20049,fit
358,fit
3756,fit
1905,fit
8377,fit
15006,fit
15874,fit
24916,fit
12415,fit
14205,fit
29028,fit
17709,fit
1146,fit
25864,fit
7661,fit
13784,fit
651,fit
18748,fit
25100,fit
4137,fit
25937,fit
28847,fit
22695,fit
22386,fit
1134,fit
9439,fit
7810,fit
18355,fit
11815,fit
17219,fit
2283,fit
29334,fit
24468,fit
22246,fit
12655,fit
14060,fit
13418,fit
26904,fit
16741,fit
5039,fit
14048,fit
9222,fit
3120,fit
12406,fit
7469,fit
11425,fit
25913,fit
8874,fit
4284,fit
24311,fit
11267,fit
10899,fit
4145,fit
8578,fit
25332,fit
27917,fit
3563,fit
26350,fit
28047,fit
24757,fit
4523,fit
16736,fit
8138,fit
12243,fit
20960,fit
6878,fit
1382,fit
20002,fit
120,fit
25747,fit
25358,fit
20462,fit
28472,fit
13146,fit
26233,fit
13135,fit
25234,fit
13708,fit
480,fit
9090,fit
10759,fit
23944,fit
27575,fit
9964,fit
21470,fit
9619,fit
18238,fit
3743,fit
23849,fit
25221,fit
27112,fit
28568,fit
3380,fit
20369,fit
16480,fit
28039,fit
20317,fit
13917,fit
6338,fit
19878,fit
7639,fit
13398,fit
19585,fit
8426,fit
26410,fit
12288,fit
16389,fit
1761,fit
9666,fit
13568,fit
60,fit
27914,fit
26776,fit
24985,fit
11920,fit
16148,fit
22239,fit
1505,fit
6108,fit
15995,fit
10067,fit
10722,fit
12956,fit
12077,fit
8784,fit
18241,fit
445,fit
15086,fit
22918,fit
24995,fit
20532,fit
2713,fit
6005,fit
18337,fit
11134,fit
23861,fit
9782,fit
4586,fit
4041,fit
7638,fit
3966,fit
28150,fit
15250,fit
18608,fit
26060,fit
954,fit
1067,fit
29250,fit
18764,fit
4758,fit
27904,fit
1945,fit
22538,fit
13827,fit
17387,fit
3705,fit
10269,fit
21772,fit
17628,fit
28127,fit
17562,fit
19998,fit
91,fit
16735,fit
20484,fit
10766,fit
20600,fit
17549,fit
29561,fit
14101,fit
20732,fit
3781,fit
2164,fit
22288,fit
10368,fit
15337,fit
22491,fit
9285,fit
235,fit
24042,fit
17862,fit
15658,fit
17100,fit
24194,fit
14312,fit
25604,fit
16,fit
1064,fit
21899,fit
5798,fit
9909,fit
20099,fit
26868,fit
21996,fit
19958,fit
6864,fit
21469,fit
26996,fit
29909,fit
7926,fit
22525,fit
11093,fit
7968,fit
27026,fit
10713,fit
2089,fit
1729,fit
4575,fit
19947,fit
18222,fit
1332,fit
13419,fit
17935,fit
15383,fit
1782,fit
6676,fit
11304,fit
22381,fit
7486,fit
11578,fit
10711,fit
7302,fit
12221,fit
23834,fit
8448,fit
1039,fit
14960,fit
16354,fit
10599,fit
503,fit
10703,fit
2938,fit
18830,fit
7774,fit
5731,fit
4715,fit
16698,fit
3417,fit
9658,fit
13161,fit
4375,fit
3811,fit
19336,fit
22814,fit
15940,fit
1952,fit
7095,fit
16241,fit
12702,fit
26360,fit
13810,fit
14288,fit
13229,fit
25117,fit
19500,fit
23590,fit
21605,fit
4314,fit
9555,fit
20011,fit
19918,fit
3177,fit
9559,fit
19125,fit
8674,fit
10060,fit
22836,fit
3085,fit
9756,fit
25583,fit
18176,fit
24854,fit
24874,fit
24782,fit
9842,fit
5252,fit
27270,fit
12143,fit
18982,fit
18647,fit
12026,fit
28716,fit
6785,fit
18035,fit
26006,fit
4952,fit
11846,fit
22278,fit
6542,fit
13429,fit
9954,fit
21989,fit
27295,fit
7213,fit
27698,fit
20275,fit
19728,fit
29922,fit
529,fit
21729,fit
25143,fit
19766,fit
26912,fit
4175,fit
15328,fit
6454,fit
24865,fit
14678,fit
13467,fit
21301,fit
7399,fit
3654,fit
9404,fit
4598,fit
6805,fit
8524,fit
7225,fit
3568,fit
15427,fit
21613,fit
16848,fit
20468,fit
26458,fit
21403,fit
10016,fit
24580,fit
25767,fit
5271,fit
1871,fit
16006,fit
17267,fit
16146,fit
21583,fit
29551,fit
23831,fit
2580,fit
21687,fit
8346,fit
4975,fit
17086,fit
23555,fit
14743,fit
21875,fit
733,fit
17770,fit
8101,fit
23877,fit
11942,fit
19362,fit
13210,fit
11046,fit
5919,fit
8006,fit
16558,fit
8102,fit
17217,fit
12749,fit
20803,fit
17657,fit
3885,fit
17668,fit
27359,fit
26428,fit
14278,fit
6245,fit
17139,fit
8920,fit
5529,fit
15292,fit
29887,fit
25375,fit
23726,fit
14038,fit
18078,fit
15203,fit
5888,fit
5390,fit
4205,fit
21095,fit
18517,fit
5817,fit
15260,fit
2185,fit
15435,fit
4911,fit
20712,fit
26480,fit
16797,fit
16323,fit
26823,fit
9327,fit
7373,fit
1906,fit
23277,fit
15470,fit
1349,fit
2165,fit
18999,fit
10277,fit
4625,fit
2765,fit
8653,fit
28700,fit
9723,fit
27068,fit
8240,fit
5646,fit
7139,fit
26119,fit
28818,fit
18858,fit
18227,fit
12488,fit
13812,fit
25690,fit
3292,fit
25780,fit
2577,fit
7245,fit
4183,fit
28961,fit
12697,fit
28680,fit
29774,fit
2458,fit
24432,fit
16852,fit
19993,fit
11691,fit
10121,fit
3674,fit
19892,fit
1103,fit
481,fit
29733,fit
22394,fit
13494,fit
4198,fit
14816,fit
1158,fit
18285,fit
4152,fit
26070,fit
11635,fit
14488,fit
2834,fit
20043,fit
27066,fit
26639,fit
28862,fit
17199,fit
14105,fit
19463,fit
13590,fit
14896,fit
686,fit
3010,fit
11252,fit
2434,fit
20865,fit
1106,fit
28837,fit
7780,fit
8571,fit
24538,fit
11829,fit
28964,fit
5236,fit
8089,fit
6697,fit
17388,fit
18705,fit
1842,fit
11702,fit
9980,fit
5440,fit
6321,fit
10090,fit
18461,fit
21467,fit
16781,fit
9891,fit
15295,fit
10169,fit
24626,fit
26581,fit
11361,fit
20055,fit
24820,fit
22094,fit
23061,fit
24868,fit
27645,fit
7324,fit
6294,fit
2596,fit
29688,fit
27404,fit
2784,fit
13985,fit
6433,fit
16860,fit
28714,fit
13021,fit
19726,fit
8083,fit
16995,fit
26148,fit
9162,fit
28856,fit
18143,fit
5384,fit
24215,fit
29679,fit
25291,fit
13172,fit
16878,fit
2010,fit
22110,fit
19685,fit
17283,fit
1414,fit
18875,fit
2308,fit
322,fit
20025,fit
7508,fit
15227,fit
18526,fit
23376,fit
3337,fit
1028,fit
12067,fit
23230,fit
13166,fit
22324,fit
2022,fit
16077,fit
4450,fit
11720,fit
15830,fit
21184,fit
11321,fit
8588,fit
24267,fit
18751,fit
9978,fit
29167,fit
21800,fit
20151,fit
9607,fit
1385,fit
10431,fit
12894,fit
21733,fit
16859,fit
22713,fit
1353,fit
15656,fit
27931,fit
462,fit
5776,fit
15368,fit
15994,fit
24750,fit
26713,fit
26680,fit
8959,fit
20145,fit
26378,fit
9491,fit
6862,fit
17706,fit
10796,fit
13001,fit
19776,fit
9819,fit
16843,fit
9854,fit
17178,fit
14812,fit
12789,fit
1179,fit
519,fit
14953,fit
17920,fit
26415,fit
12949,fit
11044,fit
26202,fit
29896,fit
24386,fit
21930,fit
27463,fit
14904,fit
6283,fit
18372,fit
23317,fit
11065,fit
15003,fit
656,fit
27809,fit
29105,fit
12181,fit
21697,fit
1502,fit
22152,fit
14937,fit
7366,fit
13493,fit
23224,fit
913,fit
22335,fit
16958,fit
3882,fit
13757,fit
14827,fit
24306,fit
362,fit
7720,fit
13223,fit
14755,fit
12105,fit
3641,fit
14294,fit
5606,fit
12968,fit
13756,fit
22587,fit
23515,fit
6431,fit
5126,fit
24009,fit
17123,fit
29515,fit
8711,fit
19061,fit
17017,fit
7817,fit
27530,fit
7762,fit
11390,fit
21006,fit
3384,fit
29607,fit
28383,fit
21534,fit
19042,fit
12410,fit
29843,fit
12803,fit
11619,fit
21699,fit
7854,fit
1528,fit
3219,fit
16418,fit
20520,fit
29132,fit
9893,fit
21755,fit
2042,fit
26096,fit
9771,fit
4711,fit
28344,fit
20253,fit
5525,fit
23053,fit
19811,fit
26566,fit
27111,fit
9533,fit
25951,fit
20489,fit
20391,fit
13850,fit
14425,fit
19601,fit
26285,fit
8810,fit
20466,fit
6730,fit
17766,fit
5239,fit
6064,fit
8756,fit
28301,fit
22746,fit
18851,fit
21133,fit
11176,fit
18818,fit
3000,fit
15678,fit
23342,fit
13037,fit
130,fit
29548,fit
6826,fit
21941,fit
139,fit
536,fit
9429,fit
26730,fit
5734,fit
20602,fit
763,fit
9417,fit
6832,fit
9770,fit
3858,fit
4700,fit
22303,fit
15091,fit
4589,fit
15657,fit
14334,fit
21946,fit
14692,fit
13158,fit
28518,fit
15528,fit
29423,fit
20109,fit
10158,fit
22696,fit
29106,fit
24904,fit
23902,fit
13669,fit
15261,fit
29965,fit
8843,fit
8239,fit
15409,fit
28478,fit
22237,fit
28880,fit
22773,fit
1667,fit
6494,fit
16986,fit
23101,fit
27,fit
22770,fit
9348,fit
25118,fit
8851,fit
1704,fit
17757,fit
19014,fit
22796,fit
1299,fit
6727,fit
12912,fit
27857,fit
26859,fit
7049,fit
14962,fit
20710,fit
22150,fit
1895,fit
3100,fit
26778,fit
21019,fit
28801,fit
11853,fit
19589,fit
7449,fit
4196,fit
16709,fit
6195,fit
17001,fit
27666,fit
14689,fit
4518,fit
3304,fit
5745,fit
11201,fit
13426,fit
9498,fit
11120,fit
27876,fit
16589,fit
1438,fit
15257,fit
22835,fit
14749,fit
8384,fit
9593,fit
28543,fit
25392,fit
25768,fit
4837,fit
17929,fit
2466,fit
5808,fit
6879,fit
5226,fit
23935,fit
5485,fit
12227,fit
24543,fit
28825,fit
7935,fit
1282,fit
2356,fit
19826,fit
26662,fit
2066,fit
22347,fit
437,fit
17067,fit
23094,fit
5852,fit
21558,fit
7597,fit
27022,fit
15605,fit
1117,fit
23396,fit
26922,fit
2435,fit
27234,fit
12342,fit
22735,fit
423,fit
21999,fit
2256,fit
10674,fit
16922,fit
25978,fit
12820,fit
6622,fit
22291,fit
18636,fit
12532,fit
27172,fit
6066,fit
17804,fit
21990,fit
17068,fit
1007,fit
4685,fit
1522,fit
24111,fit
5259,fit
1073,fit
14528,fit
8630,fit
14614,fit
7237,fit
1339,fit
11929,fit
11070,fit
27244,fit
7395,fit
19816,fit
26080,fit
17724,fit
10175,fit
12085,fit
15320,fit
25156,fit
26521,fit
9932,fit
23253,fit
1315,fit
7574,fit
16229,fit
544,fit
28300,fit
17012,fit
27569,fit
25803,fit
18166,fit
27195,fit
6505,fit
1847,fit
4472,fit
1912,fit
12316,fit
22039,fit
14765,fit
23766,fit
21556,fit
12745,fit
17747,fit
22830,fit
28160,fit
21512,fit
12625,fit
23565,fit
11638,fit
22228,fit
15053,fit
21319,fit
19662,fit
10266,fit
17278,fit
1806,fit
8028,fit
18983,fit
15990,fit
10217,fit
24011,fit
25169,fit
10265,fit
26112,fit
24246,fit
4185,fit
3465,fit
21545,fit
10459,fit
18538,fit
28546,fit
2415,fit
12815,fit
15440,fit
23012,fit
16754,fit
16668,fit
24608,fit
18464,fit
12015,fit
6088,fit
1451,fit
17669,fit
18685,fit
19298,fit
11279,fit
18975,fit
25706,fit
27031,fit
24006,fit
3620,fit
22839,fit
11958,fit
6675,fit
18844,fit
24374,fit
22723,fit
16684,fit
21928,fit
3817,fit
3338,fit
19221,fit
2947,fit
24340,fit
25185,fit
27061,fit
15286,fit
24458,fit
24299,fit
14829,fit
2233,fit
26813,fit
10430,fit
24056,fit
21479,fit
16584,fit
24067,fit
27713,fit
8516,fit
769,fit
25515,fit
19553,fit
427,fit
29392,fit
1371,fit
20394,fit
8185,fit
19666,fit
28525,fit
14813,fit
20108,fit
10031,fit
23146,fit
17236,fit
22125,fit
27862,fit
349,fit
23099,fit
15822,fit
9626,fit
2589,fit
12806,fit
3851,fit
3533,fit
24944,fit
2184,fit
15446,fit
5123,fit
1824,fit
1141,fit
3201,fit
28017,fit
13659,fit
8002,fit
13107,fit
25646,fit
5420,fit
219,fit
27855,fit
68,fit
9727,fit
13916,fit
2684,fit
16014,fit
4870,fit
9128,fit
10014,fit
11294,fit
24831,fit
1193,fit
18205,fit
24709,fit
19843,fit
17729,fit
24214,fit
2320,fit
5561,fit
13141,fit
23091,fit
7291,fit
29366,fit
5054,fit
14014,fit
29308,fit
14040,fit
28497,fit
11771,fit
13386,fit
17335,fit
8686,fit
11963,fit
19539,fit
4534,fit
13490,fit
11965,fit
21449,fit
7065,fit
8485,fit
4849,fit
13115,fit
1317,fit
19062,fit
3018,fit
18951,fit
23020,fit
19409,fit
6909,fit
3617,fit
17695,fit
22260,fit
12450,fit
4272,fit
29010,fit
16600,fit
138,fit
14553,fit
29280,fit
18997,fit
10373,fit
16223,fit
964,fit
26278,fit
15492,fit
15229,fit
22821,fit
6574,fit
10741,fit
29312,fit
18488,fit
29674,fit
5059,fit
27556,fit
2286,fit
18990,fit
14115,fit
14789,fit
9744,fit
8229,fit
4101,fit
12804,fit
22816,fit
9885,fit
9346,fit
1212,fit
16394,fit
13646,fit
21396,fit
14604,fit
7570,fit
9026,fit
20206,fit
15561,fit
12149,fit
15962,fit
1170,fit
3448,fit
14815,fit
2205,fit
10535,fit
2783,fit
9100,fit
29271,fit
11706,fit
14299,fit
1378,fit
7529,fit
3276,fit
24138,fit
8778,fit
2695,fit
26968,fit
4055,fit
4638,fit
8348,fit
14616,fit
13361,fit
14521,fit
26549,fit
29305,fit
7760,fit
15748,fit
7413,fit
10501,fit
28119,fit
26632,fit
26617,fit
9606,fit
23185,fit
16789,fit
19531,fit
22765,fit
5006,fit
3411,fit
26939,fit
11712,fit
14730,fit
20337,fit
9617,fit
2379,fit
21932,fit
11486,fit
23493,fit
22454,fit
2239,fit
25586,fit
16397,fit
3296,fit
22205,fit
21598,fit
2088,fit
22961,fit
1880,fit
13902,fit
28235,fit
12927,fit
16666,fit
6721,fit
14270,fit
8692,fit
9340,fit
14633,fit
5080,fit
17595,fit
29960,fit
1984,fit
29697,fit
14265,fit
14780,fit
4587,fit
11475,fit
19374,fit
25554,fit
2877,fit
6389,fit
29937,fit
10170,fit
15516,fit
7555,fit
5608,fit
11572,fit
275,fit
3792,fit
14517,fit
19383,fit
17353,fit
132,fit
7813,fit
4668,fit
24683,fit
9574,fit
9007,fit
19388,fit
10071,fit
12560,fit
5348,fit
18102,fit
3585,fit
7767,fit
12473,fit
8537,fit
21790,fit
13892,fit
25164,fit
8680,fit
17719,fit
9892,fit
11224,fit
13759,fit
14607,fit
12341,fit
27013,fit
27246,fit
18028,fit
19519,fit
11389,fit
12103,fit
16142,fit
9478,fit
11698,fit
27236,fit
934,fit
5593,fit
4360,fit
11019,fit
5218,fit
28072,fit
134,fit
8627,fit
6558,fit
2299,fit
19583,fit
14194,fit
20753,fit
22560,fit
13967,fit
144,fit
12069,fit
17952,fit
21004,fit
25148,fit
2865,fit
15771,fit
11556,fit
19376,fit
1466,fit
22461,fit
13032,fit
13736,fit
28599,fit
19276,fit
29126,fit
10155,fit
774,fit
12692,fit
13703,fit
10816,fit
24212,fit
21383,fit
16305,fit
23400,fit
2896,fit
12619,fit
7700,fit
791,fit
29306,fit
10694,fit
22887,fit
18149,fit
16067,fit
227,fit
21807,fit
18006,fit
23681,fit
9702,fit
25027,fit
1289,fit
19068,fit
22292,fit
4187,fit
7214,fit
2258,fit
28874,fit
3518,fit
18920,fit
27644,fit
20388,fit
2297,fit
17937,fit
16040,fit
26209,fit
4634,fit
16904,fit
21677,fit
28631,fit
25295,fit
13563,fit
4425,fit
6469,fit
6367,fit
15428,fit
29344,fit
7693,fit
23006,fit
11241,fit
14200,fit
2935,fit
13066,fit
25293,fit
20323,fit
16670,fit
14658,fit
22742,fit
10993,fit
9981,fit
18615,fit
7871,fit
18146,fit
9739,fit
12566,fit
19469,fit
14620,fit
20137,fit
10384,fit
28514,fit
11084,fit
11839,fit
16238,fit
17136,fit
7323,fit
10123,fit
26927,fit
26365,fit
5732,fit
7349,fit
8016,fit
22085,fit
28107,fit
15363,fit
24552,fit
19389,fit
16751,fit
28989,fit
22886,fit
10304,fit
1910,fit
27825,fit
26044,fit
5878,fit
29711,fit
23892,fit
14276,fit
2629,fit
18812,fit
13121,fit
2364,fit
1501,fit
26100,fit
25616,fit
21445,fit
15186,fit
22920,fit
22590,fit
20565,fit
5301,fit
1815,fit
18029,fit
18945,fit
24752,fit
9816,fit
19048,fit
231,fit
29111,fit
14572,fit
16430,fit
23899,fit
20274,fit
6642,fit
72,fit
24242,fit
14782,fit
29978,fit
28392,fit
24962,fit
7320,fit
23425,fit
24756,fit
5235,fit
20999,fit
9203,fit
4601,fit
4192,fit
22276,fit
17079,fit
26753,fit
14837,fit
773,fit
29948,fit
25959,fit
14498,fit
18158,fit
13988,fit
20618,fit
636,fit
17984,fit
3103,fit
22316,fit
2921,fit
4632,fit
25506,fit
4062,fit
29529,fit
22583,fit
3482,fit
9461,fit
5438,fit
21458,fit
29672,fit
21756,fit
6453,fit
17468,fit
22079,fit
5846,fit
13948,fit
11690,fit
17526,fit
2099,fit
11525,fit
3299,fit
16030,fit
2955,fit
17963,fit
25782,fit
26822,fit
10030,fit
19729,fit
13955,fit
26349,fit
20184,fit
8386,fit
28161,fit
21293,fit
15329,fit
17334,fit
22631,fit
23026,fit
26540,fit
21823,fit
20508,fit
25627,fit
29452,fit
22917,fit
26167,fit
18368,fit
24152,fit
1355,fit
3927,fit
4293,fit
26524,fit
3157,fit
19751,fit
15553,fit
22709,fit
9949,fit
16102,fit
15275,fit
22191,fit
9199,fit
25172,fit
17808,fit
8685,fit
10283,fit
1190,fit
10727,fit
5780,fit
1644,fit
3844,fit
3943,fit
20362,fit
25772,fit
10728,fit
20654,fit
511,fit
11167,fit
28566,fit
11459,fit
26972,fit
16173,fit
25267,fit
29375,fit
26738,fit
14534,fit
18203,fit
8039,fit
3614,fit
17171,fit
26507,fit
23589,fit
26505,fit
14390,fit
27504,fit
6255,fit
10366,fit
29851,fit
7221,fit
11896,fit
7835,fit
21520,fit
28145,fit
9809,fit
7667,fit
21882,fit
1896,fit
9906,fit
24231,fit
25941,fit
25379,fit
14770,fit
15351,fit
15594,fit
18124,fit
12088,fit
23785,fit
11752,fit
11108,fit
14162,fit
2098,fit
2637,fit
20812,fit
21679,fit
26450,fit
15735,fit
4834,fit
9925,fit
1335,fit
25791,fit
22465,fit
1150,fit
24347,fit
20966,fit
21181,fit
27695,fit
20262,fit
29874,fit
3566,fit
14473,fit
19560,fit
28326,fit
15546,fit
4168,fit
12678,fit
2114,fit
27247,fit
11524,fit
24877,fit
27729,fit
19805,fit
23819,fit
3702,fit
3336,fit
14817,fit
17298,fit
14555,fit
26771,fit
24760,fit
17870,fit
27742,fit
17699,fit
6628,fit
28009,fit
15013,fit
5962,fit
439,fit
29451,fit
15356,fit
10503,fit
5183,fit
11747,fit
28730,fit
10442,fit
3957,fit
21645,fit
28621,fit
3351,fit
27014,fit
26064,fit
24969,fit
26382,fit
26244,fit
9473,fit
11766,fit
56,fit
14146,fit
5470,fit
11833,fit
1334,fit
15273,fit
21292,fit
28787,fit
21810,fit
24986,fit
6948,fit
5246,fit
23249,fit
256,fit
12967,fit
3859,fit
18181,fit
29677,fit
5337,fit
10691,fit
2348,fit
29175,fit
4539,fit
25921,fit
20948,fit
9536,fit
23696,fit
13376,fit
20047,fit
20667,fit
6833,fit
8444,fit
741,fit
18490,fit
9822,fit
28263,fit
7614,fit
24857,fit
28533,fit
4407,fit
22957,fit
16822,fit
28758,fit
17578,fit
15505,fit
15137,fit
15164,fit
12443,fit
17568,fit
2922,fit
22013,fit
27398,fit
365,fit
29569,fit
14092,fit
26508,fit
8142,fit
14443,fit
13987,fit
14920,fit
15361,fit
5211,fit
25715,fit
29832,fit
10381,fit
1298,fit
5002,fit
27586,fit
28115,fit
7248,fit
10771,fit
14011,fit
9441,fit
21447,fit
18952,fit
2575,fit
1564,fit
26175,fit
18786,fit
12352,fit
29751,fit
6475,fit
26511,fit
26711,fit
12209,fit
6134,fit
23025,fit
17936,fit
21835,fit
10419,fit
1696,fit
6376,fit
23087,fit
4802,fit
21951,fit
18881,fit
15560,fit
7792,fit
4951,fit
23077,fit
10378,fit
25308,fit
12120,fit
3002,fit
7598,fit
5849,fit
23652,fit
22271,fit
5380,fit
14335,fit
20350,fit
28307,fit
22054,fit
6809,fit
748,fit
24043,fit
10768,fit
8242,fit
9567,fit
13293,fit
16543,fit
20524,fit
3999,fit
20159,fit
25162,fit
57,fit
2690,fit
26834,fit
3437,fit
11980,fit
811,fit
7910,fit
11082,fit
22852,fit
20587,fit
12233,fit
6689,fit
27555,fit
6002,fit
4890,fit
21950,fit
786,fit
22327,fit
9787,fit
5180,fit
9139,fit
26536,fit
18654,fit
11316,fit
11498,fit
15679,fit
7875,fit
20776,fit
26081,fit
795,fit
10581,fit
22315,fit
28595,fit
18477,fit
2888,fit
8548,fit
17346,fit
10226,fit
3430,fit
10129,fit
12583,fit
15287,fit
528,fit
14618,fit
27648,fit
6187,fit
20742,fit
11456,fit
3001,fit
29826,fit
21917,fit
16601,fit
15441,fit
20547,fit
6568,fit
16385,fit
14131,fit
9841,fit
9235,fit
27434,fit
2122,fit
26957,fit
20628,fit
4614,fit
27715,fit
12382,fit
18170,fit
729,fit
4583,fit
7658,fit
11534,fit
18032,fit
6859,fit
11804,fit
1537,fit
21281,fit
10108,fit
18184,fit
4046,fit
19244,fit
11132,fit
16701,fit
20436,fit
1964,fit
17924,fit
16303,fit
28943,fit
6311,fit
4026,fit
12347,fit
25881,fit
19004,fit
4030,fit
16722,fit
18293,fit
14218,fit
18147,fit
4540,fit
3005,fit
12917,fit
8093,fit
11434,fit
27027,fit
25473,fit
25634,fit
19082,fit
12709,fit
3165,fit
24132,fit
3804,fit
25488,fit
17053,fit
4448,fit
1719,fit
11873,fit
12533,fit
1121,fit
13890,fit
23608,fit
11821,fit
14448,fit
23394,fit
12041,fit
12439,fit
19113,fit
28681,fit
12301,fit
7185,fit
8245,fit
27867,fit
21739,fit
23237,fit
3015,fit
20410,fit
11471,fit
20846,fit
2920,fit
14972,fit
11584,fit
27838,fit
28016,fit
12942,fit
29890,fit
21502,fit
13227,fit
4823,fit
25136,fit
22470,fit
10386,fit
26557,fit
26312,fit
5619,fit
1693,fit
23152,fit
26509,fit
8890,fit
2293,fit
21270,fit
6987,fit
10625,fit
9711,fit
29381,fit
28771,fit
12423,fit
25484,fit
13723,fit
5350,fit
21972,fit
16410,fit
14711,fit
6673,fit
19088,fit
13970,fit
13904,fit
22143,fit
20355,fit
20579,fit
5383,fit
22973,fit
22350,fit
28191,fit
23332,fit
1163,fit
10272,fit
29621,fit
20078,fit
20525,fit
17327,fit
3707,fit
14772,fit
22326,fit
18387,fit
20560,fit
4593,fit
9987,fit
28779,fit
740,fit
29830,fit
28854,fit
17591,fit
14506,fit
8722,fit
19547,fit
18694,fit
22953,fit
18178,fit
18684,fit
28354,fit
8256,fit
1666,fit
2556,fit
27656,fit
25472,fit
18925,fit
9584,fit
9506,fit
21793,fit
1958,fit
1868,fit
21573,fit
24494,fit
11733,fit
11035,fit
10856,fit
7220,fit
18504,fit
16214,fit
16711,fit
27109,fit
5305,fit
24920,fit
10731,fit
18926,fit
5222,fit
20474,fit
1876,fit
15831,fit
1557,fit
2332,fit
357,fit
1796,fit
15689,fit
20209,fit
10348,fit
25042,fit
24345,fit
10559,fit
28333,fit
28302,fit
23096,fit
14861,fit
23963,fit
12630,fit
3849,fit
28342,fit
2499,fit
25238,fit
21299,fit
26619,fit
7375,fit
19606,fit
16244,fit
24794,fit
17622,fit
19935,fit
23843,fit
5653,fit
22540,fit
16488,fit
18624,fit
26897,fit
24561,fit
7868,fit
2950,fit
6931,fit
9647,fit
7286,fit
7447,fit
9212,fit
3474,fit
15214,fit
22685,fit
4483,fit
28968,fit
10515,fit
23336,fit
8012,fit
1018,fit
10273,fit
12161,fit
14733,fit
5005,fit
7027,fit
24018,fit
12201,fit
20648,fit
25215,fit
18871,fit
23859,fit
20964,fit
9748,fit
26026,fit
29752,fit
21351,fit
27800,fit
20735,fit
13093,fit
566,fit
4725,fit
28366,fit
29114,fit
16840,fit
24934,fit
9580,fit
1105,fit
26798,fit
1687,fit
11939,fit
25227,fit
1660,fit
12585,fit
22717,fit
26138,fit
13815,fit
14025,fit
11988,fit
21453,fit
9538,fit
16188,fit
1054,fit
20505,fit
2149,fit
11597,fit
22017,fit
9055,fit
24329,fit
5885,fit
15125,fit
21360,fit
4122,fit
14594,fit
22633,fit
17246,fit
5347,fit
19639,fit
28904,fit
14957,fit
9705,fit
6098,fit
24130,fit
2093,fit
15917,fit
25096,fit
2474,fit
21888,fit
2250,fit
24691,fit
29834,fit
18282,fit
489,fit
7862,fit
9963,fit
28769,fit
29048,fit
464,fit
10689,fit
5234,fit
16097,fit
27975,fit
12591,fit
8294,fit
14231,fit
28999,fit
25328,fit
20749,fit
643,fit
13180,fit
13017,fit
23933,fit
5046,fit
6651,fit
8617,fit
10998,fit
23818,fit
7338,fit
18328,fit
21791,fit
14853,fit
1977,fit
8483,fit
27844,fit
11410,fit
29828,fit
15975,fit
16391,fit
29396,fit
5755,fit
6516,fit
4221,fit
27395,fit
10395,fit
22989,fit
21151,fit
6042,fit
10034,fit
1554,fit
10906,fit
1893,fit
2169,fit
16807,fit
28179,fit
25751,fit
29776,fit
11580,fit
2201,fit
28811,fit
18822,fit
17106,fit
3416,fit
22153,fit
6278,fit
28147,fit
3539,fit
15741,fit
21025,fit
26940,fit
14283,fit
28959,fit
273,fit
14939,fit
26252,fit
12058,fit
26338,fit
12951,fit
22558,fit
5096,fit
3208,fit
2748,fit
1722,fit
10546,fit
24602,fit
24557,fit
24201,fit
25372,fit
5746,fit
4474,fit
28170,fit
992,fit
18085,fit
1206,fit
14458,fit
553,fit
3196,fit
12166,fit
25139,fit
24712,fit
18465,fit
24199,fit
28707,fit
5038,fit
10730,fit
15701,fit
26183,fit
19493,fit
26847,fit
12830,fit
17993,fit
23856,fit
20236,fit
26661,fit
15798,fit
27206,fit
5821,fit
29799,fit
16374,fit
12764,fit
27929,fit
28526,fit
6855,fit
26213,fit
1202,fit
7831,fit
12302,fit
22325,fit
25012,fit
19314,fit
22666,fit
16185,fit
4777,fit
24958,fit
19067,fit
10631,fit
14474,fit
19785,fit
14328,fit
9974,fit
13496,fit
2722,fit
672,fit
19704,fit
13351,fit
24556,fit
1635,fit
10687,fit
412,fit
15044,fit
4235,fit
4036,fit
8260,fit
17312,fit
18097,fit
5310,fit
5572,fit
19600,fit
18237,fit
4232,fit
14590,fit
25343,fit
22980,fit
7539,fit
2065,fit
3998,fit
27421,fit
17721,fit
11209,fit
14022,fit
7642,fit
7079,fit
5146,fit
27034,fit
24112,fit
7287,fit
25578,fit
22483,fit
20523,fit
29578,fit
7924,fit
1341,fit
14653,fit
10024,fit
28673,fit
2824,fit
18957,fit
7582,fit
7986,fit
14120,fit
7980,fit
7226,fit
27845,fit
15222,fit
5238,fit
27619,fit
18800,fit
18312,fit
4458,fit
26300,fit
2339,fit
527,fit
24037,fit
26058,fit
9724,fit
14033,fit
21153,fit
8271,fit
10724,fit
13508,fit
11969,fit
9019,fit
29534,fit
1708,fit
6127,fit
26438,fit
907,fit
29493,fit
17003,fit
701,fit
27707,fit
11688,fit
17186,fit
159,fit
8824,fit
12788,fit
17716,fit
10951,fit
29461,fit
9431,fit
26241,fit
18622,fit
19524,fit
18550,fit
21744,fit
18224,fit
10840,fit
23905,fit
21068,fit
20141,fit
28303,fit
10893,fit
223,fit
13179,fit
28873,fit
6981,fit
25013,fit
14706,fit
24648,fit
290,fit
10883,fit
20142,fit
15022,fit
14262,fit
15036,fit
25480,fit
15961,fit
21201,fit
16224,fit
12273,fit
17223,fit
23836,fit
10499,fit
23872,fit
4345,fit
10334,fit
25194,fit
1408,fit
4147,fit
20296,fit
24357,fit
21408,fit
28381,fit
12228,fit
26457,fit
826,fit
23374,fit
25844,fit
1083,fit
5816,fit
29243,fit
22018,fit
965,fit
19897,fit
29160,fit
2762,fit
18306,fit
28761,fit
7029,fit
28411,fit
26268,fit
29042,fit
15070,fit
6921,fit
11050,fit
20822,fit
28819,fit
10228,fit
6234,fit
20216,fit
19122,fit
2062,fit
13773,fit
26190,fit
11293,fit
18656,fit
15733,fit
2483,fit
12164,fit
10461,fit
15294,fit
6038,fit
19064,fit
16946,fit
5197,fit
25527,fit
1677,fit
12930,fit
26626,fit
1713,fit
19394,fit
28401,fit
27579,fit
6441,fit
18665,fit
16552,fit
14993,fit
24058,fit
21204,fit
4640,fit
19715,fit
12653,fit
25504,fit
22136,fit
10700,fit
11868,fit
28807,fit
20903,fit
15475,fit
6400,fit
22692,fit
9336,fit
14313,fit
10307,fit
23084,fit
28122,fit
7446,fit
9436,fit
6932,fit
7276,fit
29349,fit
17195,fit
4069,fit
3655,fit
23088,fit
3558,fit
18034,fit
2700,fit
6156,fit
19436,fit
26292,fit
1006,fit
27861,fit
28597,fit
2358,fit
5873,fit
21886,fit
19801,fit
22273,fit
13605,fit
12836,fit
10116,fit
29240,fit
4454,fit
25165,fit
7331,fit
22534,fit
23196,fit
8540,fit
23870,fit
10594,fit
2281,fit
22178,fit
10944,fit
11900,fit
8612,fit
27340,fit
20214,fit
4189,fit
7545,fit
4505,fit
12412,fit
24339,fit
9777,fit
28510,fit
9411,fit
2979,fit
28042,fit
6009,fit
28088,fit
3379,fit
23747,fit
14126,fit
19922,fit
27994,fit
560,fit
13679,fit
2857,fit
11352,fit
24427,fit
18493,fit
5835,fit
25467,fit
5577,fit
15885,fit
22403,fit
25246,fit
24166,fit
28843,fit
20899,fit
16814,fit
9603,fit
4207,fit
10551,fit
26101,fit
20553,fit
25790,fit
2803,fit
17686,fit
5560,fit
21135,fit
17205,fit
18442,fit
24710,fit
21923,fit
17197,fit
19154,fit
19105,fit
19052,fit
16225,fit
6169,fit
24388,fit
3746,fit
14411,fit
23980,fit
2658,fit
9241,fit
4653,fit
19664,fit
22678,fit
3637,fit
16678,fit
12706,fit
2463,fit
5272,fit
13858,fit
16365,fit
29974,fit
721,fit
18646,fit
26703,fit
19057,fit
6840,fit
21601,fit
21891,fit
7697,fit
7907,fit
28397,fit
23235,fit
5375,fit
13219,fit
18207,fit
10345,fit
4491,fit
22646,fit
1517,fit
14452,fit
10881,fit
28260,fit
11818,fit
22161,fit
29054,fit
3232,fit
16577,fit
25239,fit
20232,fit
9264,fit
12076,fit
16235,fit
4135,fit
18470,fit
3765,fit
5152,fit
10177,fit
27492,fit
11596,fit
11680,fit
12947,fit
23340,fit
19627,fit
24905,fit
18449,fit
8493,fit
4778,fit
24515,fit
19974,fit
173,fit
17409,fit
17235,fit
28021,fit
26061,fit
1698,fit
12284,fit
5579,fit
10149,fit
4893,fit
11250,fit
13769,fit
7,fit
10227,fit
27382,fit
22050,fit
13303,fit
28569,fit
7908,fit
11621,fit
25919,fit
27008,fit
25669,fit
13579,fit
26741,fit
13071,fit
19166,fit
25074,fit
1479,fit
18422,fit
22391,fit
449,fit
26634,fit
29951,fit
4566,fit
24573,fit
1791,fit
1343,fit
22954,fit
22728,fit
16561,fit
12844,fit
27103,fit
27694,fit
21090,fit
4071,fit
10629,fit
21873,fit
27687,fit
2234,fit
24293,fit
12398,fit
11803,fit
25342,fit
13235,fit
24285,fit
15609,fit
29370,fit
16379,fit
22812,fit
24609,fit
24839,fit
10603,fit
14905,fit
16065,fit
18815,fit
13976,fit
10193,fit
29906,fit
2506,fit
9951,fit
28916,fit
9494,fit
22896,fit
11271,fit
2161,fit
24376,fit
15840,fit
22253,fit
23040,fit
310,fit
12807,fit
14564,fit
28156,fit
572,fit
16288,fit
23763,fit
4016,fit
29228,fit
15913,fit
29808,fit
29910,fit
787,fit
12073,fit
28444,fit
5838,fit
13561,fit
24120,fit
29314,fit
17874,fit
2680,fit
13676,fit
18218,fit
1748,fit
2014,fit
4946,fit
26373,fit
10644,fit
20820,fit
24929,fit
295,fit
22431,fit
7787,fit
26772,fit
9863,fit
24713,fit
13865,fit
23577,fit
2336,fit
5820,fit
5915,fit
1186,fit
11607,fit
27337,fit
16755,fit
20796,fit
25915,fit
5932,fit
21000,fit
5273,fit
14798,fit
11663,fit
25717,fit
7176,fit
21614,fit
23712,fit
24892,fit
5542,fit
16020,fit
6172,fit
48,fit
23926,fit
3572,fit
25810,fit
26764,fit
14526,fit
20044,fit
12139,fit
27091,fit
10145,fit
16518,fit
12754,fit
4322,fit
15721,fit
19905,fit
26814,fit
25311,fit
13257,fit
19041,fit
12897,fit
17481,fit
25368,fit
29567,fit
10091,fit
5325,fit
9288,fit
29739,fit
1651,fit
23397,fit
15643,fit
2988,fit
10851,fit
2450,fit
29928,fit
12237,fit
3365,fit
3284,fit
5068,fit
10088,fit
3013,fit
13451,fit
2611,fit
2192,fit
6970,fit
12491,fit
6668,fit
10963,fit
22033,fit
18354,fit
21481,fit
24519,fit
15317,fit
12909,fit
25525,fit
2943,fit
9164,fit
24701,fit
13474,fit
771,fit
6063,fit
13460,fit
26694,fit
9305,fit
27204,fit
18167,fit
11981,fit
29594,fit
24190,fit
13318,fit
10799,fit
7336,fit
13151,fit
16525,fit
2338,fit
20640,fit
19795,fit
19656,fit
6378,fit
6302,fit
28338,fit
20612,fit
8785,fit
16048,fit
8777,fit
15824,fit
24563,fit
22916,fit
29924,fit
6192,fit
17854,fit
13302,fit
9312,fit
26932,fit
111,fit
20860,fit
8059,fit
15443,fit
23728,fit
29876,fit
7603,fit
15458,fit
16041,fit
28657,fit
12335,fit
7504,fit
12123,fit
22607,fit
14072,fit
419,fit
6213,fit
23314,fit
7981,fit
25847,fit
14289,fit
26437,fit
28035,fit
28387,fit
9194,fit
8056,fit
3915,fit
8710,fit
21640,fit
22096,fit
22488,fit
18127,fit
10318,fit
21905,fit
22030,fit
3016,fit
20773,fit
5434,fit
3815,fit
19945,fit
18896,fit
8498,fit
23173,fit
6289,fit
11608,fit
25339,fit
6939,fit
24213,fit
22608,fit
27588,fit
10018,fit
6906,fit
17386,fit
25340,fit
14349,fit
23420,fit
21964,fit
23986,fit
3410,fit
8096,fit
29595,fit
4924,fit
12846,fit
22011,fit
13802,fit
19360,fit
28715,fit
6031,fit
28925,fit
3375,fit
1816,fit
10084,fit
23951,fit
22492,fit
24951,fit
61,fit
7878,fit
482,fit
8963,fit
16875,fit
22573,fit
6369,fit
829,fit
2805,fit
11431,fit
7451,fit
13731,fit
11996,fit
12506,fit
14563,fit
14406,fit
26646,fit
14718,fit
17470,fit
8328,fit
18310,fit
14802,fit
9468,fit
29234,fit
10231,fit
26976,fit
7422,fit
15646,fit
20492,fit
26597,fit
8550,fit
29178,fit
13120,fit
20427,fit
3354,fit
311,fit
4220,fit
9388,fit
8948,fit
512,fit
9481,fit
5266,fit
2759,fit
25683,fit
23375,fit
21572,fit
14257,fit
26575,fit
7252,fit
5860,fit
12959,fit
6256,fit
22643,fit
11924,fit
13820,fit
2323,fit
6965,fit
17512,fit
5871,fit
18886,fit
22441,fit
27287,fit
6943,fit
23438,fit
8419,fit
8375,fit
9698,fit
17038,fit
21907,fit
681,fit
18113,fit
12752,fit
19880,fit
26341,fit
628,fit
21890,fit
23141,fit
3052,fit
8371,fit
16171,fit
14386,fit
18329,fit
6636,fit
29372,fit
3460,fit
13216,fit
5457,fit
7673,fit
3778,fit
28094,fit
13237,fit
21514,fit
21259,fit
22494,fit
1838,fit
16609,fit
27015,fit
20283,fit
26516,fit
13558,fit
28941,fit
17492,fit
22588,fit
8182,fit
28864,fit
14351,fit
6485,fit
12779,fit
5095,fit
14106,fit
2397,fit
18702,fit
15493,fit
20322,fit
10093,fit
17690,fit
22026,fit
18535,fit
5184,fit
27210,fit
17863,fit
171,fit
24127,fit
14453,fit
29732,fit
8637,fit
28742,fit
25888,fit
24256,fit
10572,fit
19515,fit
20926,fit
6982,fit
24956,fit
19763,fit
11741,fit
4746,fit
21169,fit
19681,fit
15811,fit
7809,fit
18246,fit
21736,fit
14876,fit
5133,fit
3504,fit
21740,fit
2597,fit
28727,fit
5902,fit
18452,fit
13836,fit
22484,fit
18716,fit
18862,fit
5595,fit
21309,fit
27824,fit
230,fit
6120,fit
3028,fit
3889,fit
7406,fit
4722,fit
18403,fit
5487,fit
27749,fit
19596,fit
2075,fit
22180,fit
9216,fit
13088,fit
14199,fit
28591,fit
7978,fit
1917,fit
23622,fit
20226,fit
2210,fit
20279,fit
11699,fit
22435,fit
26257,fit
14675,fit
23996,fit
25361,fit
12940,fit
7519,fit
11248,fit
7064,fit
24277,fit
2802,fit
20387,fit
2817,fit
5428,fit
9714,fit
22225,fit
22064,fit
19260,fit
22106,fit
1979,fit
13672,fit
1223,fit
7690,fit
11458,fit
2614,fit
26701,fit
27568,fit
16937,fit
11854,fit
26165,fit
20672,fit
25242,fit
20693,fit
14399,fit
24970,fit
1116,fit
6614,fit
1219,fit
28986,fit
18978,fit
13190,fit
7277,fit
2436,fit
4053,fit
22869,fit
583,fit
2167,fit
257,fit
20914,fit
29380,fit
18831,fit
12366,fit
20683,fit
5491,fit
20222,fit
26587,fit
13030,fit
1444,fit
15750,fit
16726,fit
11590,fit
9754,fit
17514,fit
4390,fit
26563,fit
20204,fit
28371,fit
15517,fit
6847,fit
25493,fit
438,fit
16444,fit
6090,fit
21096,fit
26494,fit
20928,fit
25469,fit
27030,fit
24805,fit
26818,fit
6298,fit
12383,fit
8509,fit
27334,fit
2498,fit
19327,fit
879,fit
6359,fit
17624,fit
10043,fit
23161,fit
27819,fit
19430,fit
18723,fit
19535,fit
14081,fit
16579,fit
20347,fit
1012,fit
15042,fit
26275,fit
25040,fit
25366,fit
6687,fit
21256,fit
10437,fit
29638,fit
25925,fit
13188,fit
18864,fit
13856,fit
3143,fit
13276,fit
28838,fit
2202,fit
22782,fit
17347,fit
24057,fit
7946,fit
25835,fit
20850,fit
16177,fit
12292,fit
18513,fit
25972,fit
6371,fit
16182,fit
15583,fit
11548,fit
28953,fit
19335,fit
26552,fit
21817,fit
8278,fit
17048,fit
26191,fit
28872,fit
8289,fit
25581,fit
8402,fit
5247,fit
22556,fit
23319,fit
11441,fit
6812,fit
1926,fit
7564,fit
1532,fit
8903,fit
3012,fit
7615,fit
18161,fit
3,fit
16718,fit
21389,fit
21073,fit
22837,fit
20847,fit
13578,fit
6152,fit
14838,fit
13057,fit
7692,fit
20569,fit
8600,fit
27432,fit
9377,fit
10933,fit
9985,fit
13762,fit
27427,fit
5364,fit
8276,fit
14292,fit
12374,fit
3581,fit
28820,fit
12310,fit
1625,fit
1884,fit
500,fit
11701,fit
13323,fit
29433,fit
15230,fit
25958,fit
14032,fit
22574,fit
15256,fit
28220,fit
3109,fit
1575,fit
22564,fit
13775,fit
20927,fit
2752,fit
659,fit
7577,fit
28352,fit
8930,fit
4227,fit
12647,fit
634,fit
11462,fit
4109,fit
24483,fit
19651,fit
7015,fit
16587,fit
8010,fit
25218,fit
27909,fit
27415,fit
16138,fit
3690,fit
20978,fit
27860,fit
22511,fit
8879,fit
9075,fit
13788,fit
1936,fit
16415,fit
13316,fit
19758,fit
11694,fit
15040,fit
24585,fit
16049,fit
22597,fit
29750,fit
25918,fit
21825,fit
12421,fit
22279,fit
9813,fit
19623,fit
18742,fit
21848,fit
21769,fit
23910,fit
14332,fit
547,fit
7481,fit
18840,fit
642,fit
13265,fit
1944,fit
20451,fit
2072,fit
21653,fit
15957,fit
24809,fit
1268,fit
10542,fit
10710,fit
8347,fit
26644,fit
15234,fit
25776,fit
15169,fit
1516,fit
1372,fit
28605,fit
23644,fit
16398,fit
29818,fit
27887,fit
23661,fit
12751,fit
29617,fit
16201,fit
16178,fit
19491,fit
17615,fit
4010,fit
16695,fit
24485,fit
16667,fit
7821,fit
15910,fit
16127,fit
2120,fit
18916,fit
28332,fit
9289,fit
24761,fit
20470,fit
12327,fit
21014,fit
26948,fit
20713,fit
21278,fit
20941,fit
3661,fit
7239,fit
12219,fit
8237,fit
28050,fit
23821,fit
26500,fit
3159,fit
5187,fit
7209,fit
16721,fit
10009,fit
12541,fit
29983,fit
27610,fit
26606,fit
26135,fit
7130,fit
14010,fit
24338,fit
10675,fit
21489,fit
9860,fit
6679,fit
21237,fit
5712,fit
21859,fit
13442,fit
29477,fit
4649,fit
12394,fit
7576,fit
26522,fit
8926,fit
16663,fit
3385,fit
17611,fit
19121,fit
27328,fit
18780,fit
20832,fit
9418,fit
548,fit
22464,fit
1573,fit
10669,fit
17187,fit
6280,fit
12797,fit
12424,fit
19261,fit
11557,fit
9903,fit
1041,fit
10755,fit
3325,fit
14253,fit
20818,fit
21995,fit
1017,fit
11371,fit
13616,fit
20923,fit
22635,fit
22123,fit
17596,fit
3525,fit
1533,fit
1119,fit
7771,fit
7985,fit
9736,fit
15108,fit
20048,fit
22686,fit
9275,fit
975,fit
2129,fit
16158,fit
3046,fit
13300,fit
11660,fit
2809,fit
0,fit
19034,fit
8754,fit
24358,fit
2696,fit
21098,fit
25814,fit
20637,fit
24926,fit
13214,fit
7748,fit
15638,fit
6566,fit
11736,fit
21008,fit
24650,fit
26086,fit
4805,fit
15852,fit
11071,fit
24653,fit
14420,fit
2874,fit
15622,fit
7730,fit
24977,fit
17293,fit
29051,fit
10500,fit
8406,fit
20821,fit
272,fit
19195,fit
7869,fit
26027,fit
19480,fit
23761,fit
22019,fit
18954,fit
11505,fit
28190,fit
6935,fit
17158,fit
26320,fit
15565,fit
5551,fit
9645,fit
13106,fit
14145,fit
29374,fit
13286,fit
3274,fit
5793,fit
6788,fit
2675,fit
12553,fit
8593,fit
1638,fit
399,fit
5232,fit
6230,fit
27063,fit
12845,fit
13014,fit
27565,fit
2594,fit
11193,fit
25111,fit
9443,fit
28430,fit
11625,fit
14832,fit
11510,fit
24526,fit
27769,fit
27691,fit
18594,fit
12152,fit
27659,fit
26160,fit
8652,fit
5672,fit
12238,fit
18789,fit
25197,fit
18318,fit
24790,fit
1127,fit
8595,fit
4959,fit
28305,fit
22083,fit
1970,fit
27339,fit
18192,fit
303,fit
20118,fit
8981,fit
21464,fit
9480,fit
7961,fit
6083,fit
17976,fit
7994,fit
6877,fit
1900,fit
16149,fit
28947,fit
19754,fit
22526,fit
9253,fit
21607,fit
10527,fit
26535,fit
10013,fit
5,fit
2315,fit
27806,fit
22605,fit
23500,fit
18795,fit
17126,fit
15924,fit
15479,fit
28878,fit
12664,fit
29093,fit
5035,fit
19525,fit
16248,fit
25463,fit
3787,fit
20824,fit
8918,fit
23705,fit
8724,fit
22073,fit
3344,fit
25660,fit
20133,fit
12489,fit
19913,fit
11968,fit
21332,fit
12295,fit
9499,fit
10409,fit
18278,fit
10162,fit
23923,fit
24101,fit
42,fit
13781,fit
15233,fit
3829,fit
7641,fit
10513,fit
9434,fit
27187,fit
127,fit
20276,fit
5215,fit
15226,fit
16469,fit
21527,fit
19206,fit
20354,fit
1997,fit
17802,fit
29478,fit
616,fit
4651,fit
20799,fit
24849,fit
2491,fit
1254,fit
24500,fit
2915,fit
15662,fit
28639,fit
21269,fit
10975,fit
8819,fit
21463,fit
152,fit
7782,fit
11366,fit
19520,fit
13183,fit
28455,fit
21210,fit
4517,fit
26925,fit
15448,fit
26497,fit
18045,fit
26879,fit
11234,fit
21377,fit
5294,fit
8629,fit
15637,fit
17782,fit
2409,fit
16888,fit
6363,fit
1811,fit
16967,fit
20925,fit
18386,fit
29533,fit
17343,fit
11446,fit
17754,fit
18658,fit
13552,fit
21032,fit
28169,fit
27618,fit
29445,fit
15420,fit
22166,fit
2767,fit
27637,fit
22086,fit
7740,fit
6087,fit
1798,fit
27664,fit
18618,fit
25286,fit
6888,fit
16232,fit
2119,fit
28731,fit
1418,fit
29340,fit
22958,fit
866,fit
19176,fit
7609,fit
855,fit
10223,fit
18311,fit
11901,fit
3321,fit
5671,fit
16433,fit
24372,fit
58,fit
25388,fit
8562,fit
7397,fit
11210,fit
14543,fit
22418,fit
26174,fit
9676,fit
18829,fit
21776,fit
25034,fit
4120,fit
5662,fit
21465,fit
25661,fit
9644,fit
11964,fit
9710,fit
19192,fit
29069,fit
24390,fit
545,fit
19085,fit
16267,fit
5497,fit
26855,fit
13950,fit
26653,fit
4389,fit
8831,fit
893,fit
16493,fit
13409,fit
27848,fit
28012,fit
7930,fit
607,fit
21975,fit
15264,fit
24669,fit
23640,fit
15378,fit
6105,fit
1224,fit
10457,fit
22063,fit
21335,fit
5981,fit
13742,fit
1814,fit
8082,fit
4820,fit
11943,fit
20517,fit
24291,fit
8103,fit
12009,fit
17494,fit
11792,fit
4876,fit
29070,fit
12792,fit
14928,fit
1870,fit
14700,fit
25572,fit
4498,fit
8970,fit
21659,fit
24578,fit
3742,fit
29539,fit
28283,fit
22921,fit
5528,fit
26035,fit
21472,fit
27987,fit
13396,fit
15179,fit
21902,fit
29719,fit
8154,fit
28022,fit
23114,fit
17797,fit
26005,fit
25180,fit
17400,fit
19137,fit
5229,fit
19227,fit
29861,fit
13587,fit
19208,fit
12864,fit
10536,fit
23550,fit
16614,fit
5346,fit
5368,fit
16592,fit
6528,fit
1957,fit
17607,fit
13341,fit
13790,fit
21789,fit
1692,fit
25237,fit
26903,fit
6035,fit
21487,fit
3142,fit
16265,fit
10576,fit
8676,fit
3579,fit
28552,fit
23826,fit
11437,fit
18900,fit
24165,fit
28960,fit
13031,fit
2037,fit
2999,fit
2393,fit
29560,fit
7724,fit
11642,fit
14273,fit
22506,fit
27950,fit
26123,fit
11460,fit
22383,fit
10376,fit
21254,fit
29236,fit
15494,fit
21955,fit
26048,fit
2797,fit
5220,fit
10258,fit
16037,fit
7899,fit
24633,fit
22775,fit
17381,fit
4579,fit
5318,fit
1756,fit
10973,fit
5668,fit
11573,fit
3438,fit
9942,fit
25498,fit
22714,fit
26474,fit
24645,fit
12811,fit
26651,fit
24406,fit
26757,fit
3692,fit
10605,fit
19370,fit
2898,fit
2148,fit
21192,fit
11423,fit
1271,fit
29367,fit
9038,fit
29284,fit
15347,fit
473,fit
8478,fit
5139,fit
7083,fit
13734,fit
25011,fit
24353,fit
11277,fit
13459,fit
185,fit
29564,fit
16462,fit
24292,fit
9220,fit
19896,fit
2715,fit
19356,fit
5651,fit
24654,fit
22459,fit
7370,fit
3223,fit
4752,fit
18000,fit
15524,fit
6638,fit
19879,fit
28564,fit
2736,fit
16548,fit
10122,fit
1256,fit
1050,fit
19410,fit
5181,fit
10847,fit
7355,fit
27098,fit
2523,fit
1507,fit
26846,fit
4263,fit
10566,fit
4001,fit
23631,fit
9380,fit
504,fit
2410,fit
5584,fit
14628,fit
24764,fit
22756,fit
3282,fit
19614,fit
833,fit
19755,fit
20916,fit
17776,fit
4772,fit
27431,fit
13604,fit
3700,fit
24627,fit
468,fit
23805,fit
3166,fit
16236,fit
18444,fit
29730,fit
14585,fit
2569,fit
18209,fit
14429,fit
23927,fit
10189,fit
4597,fit
20303,fit
710,fit
3836,fit
8641,fit
24837,fit
17904,fit
25777,fit
5486,fit
8634,fit
24895,fit
1726,fit
15346,fit
15027,fit
1612,fit
29055,fit
13981,fit
10927,fit
13677,fit
19831,fit
12608,fit
2627,fit
24704,fit
24706,fit
11828,fit
6257,fit
17637,fit
23256,fit
1241,fit
20522,fit
6776,fit
19247,fit
25102,fit
13989,fit
12333,fit
25225,fit
5997,fit
9501,fit
27371,fit
20874,fit
12500,fit
1311,fit
22410,fit
29332,fit
17475,fit
13648,fit
24217,fit
3740,fit
7694,fit
27261,fit
5206,fit
13871,fit
15665,fit
17872,fit
2729,fit
22736,fit
20642,fit
7228,fit
22118,fit
8212,fit
19427,fit
11787,fit
14295,fit
21468,fit
2144,fit
6632,fit
20191,fit
24344,fit
20130,fit
1379,fit
6635,fit
18825,fit
18001,fit
8919,fit
7160,fit
7198,fit
16774,fit
6112,fit
10148,fit
1865,fit
28588,fit
4051,fit
5581,fit
13912,fit
12869,fit
10213,fit
12549,fit
19720,fit
5124,fit
22874,fit
26374,fit
19185,fit
3588,fit
2106,fit
28461,fit
8139,fit
29220,fit
13550,fit
13908,fit
11474,fit
14830,fit
13930,fit
8759,fit
13808,fit
28364,fit
25818,fit
4795,fit
23234,fit
28703,fit
14549,fit
20650,fit
25478,fit
24698,fit
22748,fit
12922,fit
13230,fit
10212,fit
3395,fit
8703,fit
15189,fit
6174,fit
28093,fit
18681,fit
15815,fit
3268,fit
5803,fit
6871,fit
17742,fit
13501,fit
11918,fit
13,fit
14610,fit
14630,fit
26692,fit
9806,fit
18458,fit
25329,fit
8435,fit
28239,fit
7382,fit
19352,fit
24502,fit
21752,fit
10362,fit
27959,fit
2649,fit
16517,fit
1641,fit
29831,fit
25014,fit
187,fit
27828,fit
15526,fit
24160,fit
3814,fit
10868,fit
26147,fit
20017,fit
14741,fit
28256,fit
21727,fit
6553,fit
16573,fit
8325,fit
24649,fit
2906,fit
15401,fit
25355,fit
8878,fit
3389,fit
9108,fit
6488,fit
4334,fit
17833,fit
27757,fit
23212,fit
29119,fit
24151,fit
3066,fit
22194,fit
3242,fit
21290,fit
17970,fit
23380,fit
20743,fit
26928,fit
29078,fit
11984,fit
23309,fit
6804,fit
27850,fit
10779,fit
11745,fit
7686,fit
107,fit
11962,fit
17791,fit
363,fit
3207,fit
19973,fit
23373,fit
28359,fit
18326,fit
2632,fit
23813,fit
24200,fit
1020,fit
4301,fit
15078,fit
5930,fit
28899,fit
11202,fit
22932,fit
19543,fit
6448,fit
16001,fit
24434,fit
12908,fit
4773,fit
23852,fit
19100,fit
10667,fit
18843,fit
4336,fit
19443,fit
25590,fit
19914,fit
10508,fit
19161,fit
22220,fit
21629,fit
14575,fit
3409,fit
21060,fit
25026,fit
11255,fit
5092,fit
25632,fit
24248,fit
9078,fit
27393,fit
9575,fit
19017,fit
26835,fit
2135,fit
18911,fit
28041,fit
29044,fit
21851,fit
9895,fit
26905,fit
1080,fit
2799,fit
2124,fit
28288,fit
3874,fit
5513,fit
15314,fit
372,fit
416,fit
29942,fit
27852,fit
27983,fit
405,fit
12059,fit
29611,fit
276,fit
29046,fit
24785,fit
21348,fit
1319,fit
2111,fit
17715,fit
11814,fit
6104,fit
11528,fit
19474,fit
16743,fit
22022,fit
9052,fit
27435,fit
914,fit
19448,fit
5857,fit
7119,fit
21841,fit
10647,fit
23283,fit
15797,fit
11101,fit
11903,fit
18288,fit
24871,fit
7457,fit
29213,fit
10859,fit
1845,fit
1803,fit
14293,fit
11374,fit
8805,fit
26683,fit
859,fit
22141,fit
28923,fit
26638,fit
25055,fit
22476,fit
15121,fit
5223,fit
20100,fit
6916,fit
19777,fit
16978,fit
3835,fit
25386,fit
26921,fit
21443,fit
1410,fit
15905,fit
25602,fit
757,fit
24100,fit
28325,fit
24383,fit
17644,fit
19780,fit
671,fit
10823,fit
5664,fit
2763,fit
10333,fit
17341,fit
19682,fit
18617,fit
26284,fit
9791,fit
17844,fit
28701,fit
29897,fit
1574,fit
4019,fit
19235,fit
9804,fit
26212,fit
9364,fit
17592,fit
3618,fit
22994,fit
28227,fit
11465,fit
24576,fit
3297,fit
7911,fit
8165,fit
3875,fit
16320,fit
3967,fit
59,fit
12510,fit
19969,fit
21016,fit
27448,fit
16231,fit
26858,fit
15012,fit
4652,fit
8751,fit
2965,fit
7790,fit
2664,fit
24852,fit
18736,fit
28821,fit
27832,fit
15039,fit
23464,fit
5801,fit
18519,fit
17296,fit
29571,fit
15127,fit
16796,fit
2492,fit
22668,fit
4273,fit
11331,fit
26949,fit
22774,fit
5467,fit
27136,fit
5176,fit
26983,fit
9686,fit
26929,fit
6649,fit
3184,fit
7847,fit
27151,fit
15650,fit
16618,fit
28465,fit
19955,fit
20122,fit
1359,fit
21610,fit
1036,fit
1855,fit
29622,fit
4369,fit
17138,fit
8521,fit
26754,fit
3993,fit
2055,fit
21364,fit
6107,fit
20212,fit
5240,fit
352,fit
5495,fit
22823,fit
12304,fit
27145,fit
25858,fit
21409,fit
25674,fit
24008,fit
1613,fit
6549,fit
3897,fit
20759,fit
21252,fit
490,fit
17590,fit
17116,fit
646,fit
21102,fit
5701,fit
12401,fit
25449,fit
23386,fit
17973,fit
25606,fit
16098,fit
16504,fit
27336,fit
22968,fit
21446,fit
10008,fit
21253,fit
21808,fit
19093,fit
18583,fit
29991,fit
14609,fit
28918,fit
26924,fit
906,fit
26943,fit
5075,fit
28438,fit
14536,fit
6420,fit
27973,fit
5559,fit
12338,fit
1245,fit
14629,fit
1207,fit
6406,fit
6552,fit
22190,fit
23679,fit
1267,fit
21454,fit
16403,fit
8567,fit
8739,fit
27858,fit
20171,fit
3601,fit
26078,fit
23949,fit
14476,fit
18703,fit
19694,fit
5815,fit
6983,fit
6777,fit
27718,fit
25189,fit
2973,fit
13380,fit
6546,fit
3008,fit
23669,fit
29781,fit
6701,fit
13537,fit
25857,fit
6062,fit
14338,fit
15786,fit
743,fit
13147,fit
3063,fit
21234,fit
2459,fit
24360,fit
9048,fit
25080,fit
6886,fit
18264,fit
17546,fit
12326,fit
2440,fit
8905,fit
5739,fit
360,fit
4816,fit
15178,fit
18321,fit
23609,fit
16230,fit
21927,fit
27267,fit
11593,fit
15732,fit
25950,fit
5863,fit
22847,fit
17496,fit
2145,fit
15305,fit
25509,fit
18316,validation
1482,validation
10396,validation
9360,validation
18144,validation
24938,validation
26077,validation
29579,validation
9347,validation
16767,validation
25743,validation
7172,validation
19216,validation
11783,validation
23971,validation
29763,validation
1453,validation
19283,validation
28777,validation
1920,validation
24941,validation
22955,validation
5013,validation
23027,validation
23470,validation
24779,validation
26993,validation
10558,validation
13754,validation
26193,validation
28059,validation
20829,validation
22304,validation
20699,validation
11507,validation
18419,validation
12858,validation
13946,validation
21936,validation
26177,validation
16038,validation
3499,validation
7807,validation
3795,validation
12289,validation
4015,validation
1623,validation
14724,validation
13685,validation
10970,validation
19869,validation
21870,validation
21803,validation
29212,validation
142,validation
13055,validation
9840,validation
6415,validation
14703,validation
14825,validation
10146,validation
9330,validation
26225,validation
4741,validation
2724,validation
18375,validation
2882,validation
27522,validation
21411,validation
4930,validation
22922,validation
3017,validation
22641,validation
19072,validation
23936,validation
11940,validation
16632,validation
19549,validation
2647,validation
15439,validation
20538,validation
29593,validation
25066,validation
1874,validation
16295,validation
14341,validation
9151,validation
4134,validation
17135,validation
24968,validation
27818,validation
15663,validation
5116,validation
21127,validation
8806,validation
6324,validation
23765,validation
14237,validation
13231,validation
5007,validation
297,validation
16449,validation
20487,validation
27227,validation
12902,validation
20430,validation
2560,validation
19672,validation
1640,validation
3978,validation
596,validation
8862,validation
21669,validation
3794,validation
8197,validation
10199,validation
20546,validation
6099,validation
8223,validation
19472,validation
29238,validation
7362,validation
10801,validation
8936,validation
19561,validation
19190,validation
16623,validation
15870,validation
10895,validation
8418,validation
11200,validation
26055,validation
14612,validation
9629,validation
29023,validation
28857,validation
20073,validation
22227,validation
6763,validation
17151,validation
28750,validation
2259,validation
366,validation
3687,validation
8869,validation
2186,validation
5842,validation
25891,validation
3077,validation
23938,validation
25626,validation
509,validation
21300,validation
13284,validation
14426,validation
29913,validation
18893,validation
2924,validation
20381,validation
11403,validation
5648,validation
5806,validation
24080,validation
5452,validation
9503,validation
13402,validation
635,validation
2828,validation
18799,validation
29216,validation
28439,validation
15321,validation
7836,validation
28898,validation
23210,validation
1261,validation
20968,validation
10278,validation
27792,validation
19392,validation
22848,validation
14117,validation
160,validation
26267,validation
28557,validation
2530,validation
19653,validation
15392,validation
11628,validation
17287,validation
11264,validation
78,validation
22248,validation
5582,validation
47,validation
122,validation
22599,validation
19779,validation
2125,validation
11589,validation
27374,validation
26896,validation
16478,validation
3275,validation
22457,validation
23943,validation
98,validation
28262,validation
8162,validation
11014,validation
25657,validation
4025,validation
29333,validation
27657,validation
25618,validation
16983,validation
20154,validation
7897,validation
12297,validation
27803,validation
19398,validation
19818,validation
4244,validation
4287,validation
20581,validation
28573,validation
26017,validation
24719,validation
8733,validation
24078,validation
16617,validation
9627,validation
12766,validation
2844,validation
4440,validation
10127,validation
13688,validation
24718,validation
1721,validation
20398,validation
9427,validation
8997,validation
18247,validation
4636,validation
15858,validation
3044,validation
26899,validation
27233,validation
5566,validation
1081,validation
22993,validation
17831,validation
28600,validation
17930,validation
2064,validation
2790,validation
6017,validation
7709,validation
2238,validation
5659,validation
5947,validation
7929,validation
25017,validation
21970,validation
28684,validation
22413,validation
12078,validation
19994,validation
12256,validation
23903,validation
16800,validation
4406,validation
29860,validation
28524,validation
10596,validation
25410,validation
5010,validation
29979,validation
16935,validation
2469,validation
19770,validation
20671,validation
6206,validation
4052,validation
28034,validation
4320,validation
16066,validation
29574,validation
7308,validation
10762,validation
14298,validation
6592,validation
20400,validation
18992,validation
11779,validation
22761,validation
20839,validation
25998,validation
3779,validation
28808,validation
26134,validation
17516,validation
10455,validation
20334,validation
15680,validation
14886,validation
7850,validation
18783,validation
4880,validation
29640,validation
28793,validation
29237,validation
14333,validation
589,validation
1358,validation
17873,validation
23922,validation
29077,validation
25869,validation
11530,validation
5037,validation
8695,validation
16309,validation
26594,validation
11154,validation
3392,validation
12564,validation
27812,validation
18634,validation
12206,validation
22655,validation
19929,validation
23724,validation
27488,validation
5106,validation
20969,validation
24467,validation
22532,validation
16105,validation
13683,validation
8401,validation
3703,validation
18715,validation
4064,validation
513,validation
8445,validation
15623,validation
28773,validation
5844,validation
9604,validation
10290,validation
18406,validation
136,validation
383,validation
27019,validation
18668,validation
26623,validation
8838,validation
24497,validation
17777,validation
9082,validation
17515,validation
25387,validation
19225,validation
28460,validation
16727,validation
5629,validation
28185,validation
16703,validation
29153,validation
4362,validation
13974,validation
14497,validation
995,validation
10720,validation
11160,validation
25652,validation
13044,validation
3485,validation
13070,validation
6291,validation
18151,validation
19435,validation
5953,validation
11561,validation
28149,validation
20091,validation
23708,validation
20761,validation
27157,validation
382,validation
28004,validation
26884,validation
6725,validation
10831,validation
23378,validation
16019,validation
24195,validation
11089,validation
18619,validation
15173,validation
26258,validation
20453,validation
24091,validation
16786,validation
7311,validation
4302,validation
6029,validation
27871,validation
19980,validation
15812,validation
5155,validation
8881,validation
8923,validation
4567,validation
1465,validation
12632,validation
15332,validation
1143,validation
6246,validation
9673,validation
8826,validation
26371,validation
27811,validation
18673,validation
776,validation
16733,validation
12725,validation
5233,validation
26889,validation
15566,validation
8350,validation
6530,validation
15035,validation
3132,validation
10429,validation
11708,validation
4767,validation
28792,validation
29097,validation
7877,validation
19293,validation
1162,validation
25322,validation
17127,validation
24793,validation
3419,validation
3098,validation
9527,validation
19316,validation
28061,validation
7548,validation
25275,validation
3033,validation
3659,validation
7080,validation
16520,validation
6158,validation
7073,validation
10380,validation
21987,validation
11116,validation
3174,validation
5392,validation
26564,validation
16502,validation
15640,validation
21195,validation
22508,validation
28398,validation
29795,validation
2852,validation
25429,validation
23046,validation
14487,validation
4172,validation
9848,validation
5674,validation
17853,validation
21088,validation
21121,validation
1381,validation
14478,validation
23227,validation
15319,validation
14565,validation
23706,validation
7461,validation
12305,validation
28317,validation
20730,validation
10438,validation
585,validation
18369,validation
12756,validation
11582,validation
16528,validation
25081,validation
27229,validation
19828,validation
21369,validation
28390,validation
5868,validation
3439,validation
17352,validation
8613,validation
27130,validation
12576,validation
24171,validation
11636,validation
7473,validation
7594,validation
124,validation
13840,validation
20988,validation
25688,validation
23405,validation
22182,validation
3749,validation
4618,validation
4037,validation
2714,validation
16150,validation
4828,validation
12502,validation
20755,validation
10725,validation
8063,validation
3895,validation
10560,validation
29182,validation
13789,validation
3323,validation
13182,validation
29911,validation
22568,validation
19094,validation
24150,validation
10825,validation
5934,validation
6521,validation
9249,validation
12197,validation
9514,validation
11944,validation
25095,validation
15193,validation
9349,validation
23416,validation
5545,validation
11513,validation
1624,validation
9648,validation
5883,validation
18013,validation
5743,validation
1717,validation
17125,validation
23713,validation
19200,validation
21185,validation
18897,validation
10842,validation
408,validation
19966,validation
23878,validation
18122,validation
5571,validation
16489,validation
25224,validation
22680,validation
4107,validation
1042,validation
22818,validation
1930,validation
4639,validation
16186,validation
5877,validation
9704,validation
17612,validation
14063,validation
11322,validation
5269,validation
605,validation
4742,validation
9624,validation
28290,validation
20963,validation
11317,validation
1890,validation
26021,validation
7356,validation
13556,validation
8775,validation
15490,validation
18010,validation
28289,validation
27071,validation
29889,validation
21537,validation
10656,validation
21712,validation
22871,validation
1503,validation
9307,validation
9083,validation
26161,validation
23157,validation
22164,validation
11375,validation
20795,validation
22653,validation
9667,validation
24842,validation
1524,validation
15444,validation
12848,validation
21861,validation
22213,validation
712,validation
18324,validation
10912,validation
25748,validation
25414,validation
15837,validation
22436,validation
23281,validation
21921,validation
2134,validation
18653,validation
24887,validation
3986,validation
19083,validation
15100,validation
779,validation
2755,validation
4449,validation
15839,validation
26125,validation
3893,validation
17978,validation
20013,validation
20031,validation
4180,validation
6617,validation
3516,validation
13334,validation
20261,validation
11476,validation
13885,validation
5395,validation
25353,validation
20601,validation
3096,validation
12508,validation
17155,validation
17991,validation
15682,validation
4977,validation
12319,validation
3313,validation
17010,validation
17676,validation
27804,validation
14947,validation
12155,validation
12817,validation
24110,validation
2406,validation
5938,validation
15916,validation
17971,validation
9707,validation
26413,validation
20052,validation
20696,validation
4150,validation
18469,validation
15451,validation
20407,validation
26686,validation
15809,validation
15411,validation
19288,validation
8780,validation
10613,validation
28403,validation
26158,validation
17810,validation
4413,validation
19447,validation
28133,validation
11489,validation
17081,validation
19554,validation
10206,validation
21322,validation
19479,validation
22777,validation
25407,validation
25722,validation
3471,validation
27737,validation
29022,validation
12007,validation
16649,validation
18438,validation
28393,validation
11466,validation
12375,validation
24250,validation
53,validation
1714,validation
6517,validation
28515,validation
4115,validation
21685,validation
20280,validation
28078,validation
25312,validation
28860,validation
27762,validation
5634,validation
17092,validation
6266,validation
23384,validation
2053,validation
7437,validation
19683,validation
2178,validation
10083,validation
3839,validation
27385,validation
13711,validation
1016,validation
5078,validation
25159,validation
18377,validation
6797,validation
14377,validation
29321,validation
25890,validation
26610,validation
21785,validation
12389,validation
18814,validation
27901,validation
2546,validation
27533,validation
10344,validation
24983,validation
5698,validation
13766,validation
20371,validation
29538,validation
13489,validation
650,validation
6597,validation
18650,validation
11258,validation
5896,validation
14096,validation
28602,validation
21089,validation
20062,validation
28261,validation
29923,validation
28625,validation
1738,validation
27874,validation
15992,validation
28991,validation
17115,validation
26934,validation
7752,validation
14274,validation
21130,validation
26845,validation
24053,validation
3831,validation
1386,validation
10017,validation
25699,validation
20757,validation
77,validation
25232,validation
10100,validation
10699,validation
12686,validation
17517,validation
27831,validation
610,validation
9092,validation
19732,validation
3252,validation
29065,validation
18294,validation
9271,validation
8205,validation
8092,validation
28579,validation
11527,validation
1322,validation
4630,validation
16289,validation
20507,validation
16426,validation
21577,validation
16487,validation
7904,validation
27750,validation
17259,validation
28671,validation
28281,validation
3345,validation
11811,validation
8264,validation
19347,validation
15778,validation
6445,validation
15483,validation
11114,validation
28028,validation
23799,validation
3773,validation
17210,validation
7250,validation
25885,validation
9871,validation
15235,validation
26739,validation
5969,validation
19963,validation
19895,validation
26523,validation
22269,validation
23801,validation
8158,validation
19237,validation
2845,validation
22373,validation
10243,validation
29439,validation
7443,validation
11864,validation
7703,validation
10224,validation
23972,validation
19110,validation
27274,validation
22828,validation
3148,validation
6543,validation
11000,validation
1828,validation
21840,validation
617,validation
28582,validation
8748,validation
23768,validation
9548,validation
19379,validation
9469,validation
1653,validation
25341,validation
1155,validation
7053,validation
3152,validation
24864,validation
15554,validation
25725,validation
16169,validation
16260,validation
20991,validation
15616,validation
23037,validation
1542,validation
26630,validation
17288,validation
11673,validation
20782,validation
10454,validation
2659,validation
15521,validation
24041,validation
5669,validation
28839,validation
26660,validation
13064,validation
15403,validation
5472,validation
16652,validation
26585,validation
27521,validation
19010,validation
18272,validation
14396,validation
27482,validation
22265,validation
6055,validation
26111,validation
18701,validation
4779,validation
18854,validation
5370,validation
9821,validation
21662,validation
20920,validation
28919,validation
26130,validation
20241,validation
26891,validation
3176,validation
25991,validation
9334,validation
12474,validation
15236,validation
16669,validation
2330,validation
22219,validation
16334,validation
2345,validation
6896,validation
28479,validation
24606,validation
25098,validation
24529,validation
6583,validation
11482,validation
5473,validation
5163,validation
4282,validation
6769,validation
3050,validation
1157,validation
2249,validation
21589,validation
27197,validation
991,validation
27865,validation
3194,validation
22060,validation
18186,validation
3541,validation
29589,validation
22293,validation
27016,validation
13004,validation
1460,validation
7360,validation
5637,validation
9466,validation
19514,validation
22572,validation
3994,validation
18691,validation
4667,validation
20421,validation
2236,validation
7586,validation
7011,validation
9104,validation
5636,validation
22639,validation
21087,validation
7756,validation
5575,validation
25069,validation
16296,validation
5202,validation
5607,validation
27327,validation
17772,validation
22797,validation
3204,validation
25458,validation
12150,validation
18404,validation
25125,validation
29362,validation
14983,validation
18738,validation
11773,validation
12183,validation
4089,validation
2903,validation
15087,validation
14979,validation
9282,validation
13193,validation
7178,validation
25271,validation
18276,validation
10351,validation
26306,validation
17943,validation
806,validation
16170,validation
17251,validation
17925,validation
10671,validation
20324,validation
849,validation
6126,validation
6429,validation
5281,validation
24343,validation
16569,validation
1851,validation
1304,validation
28542,validation
3406,validation
10983,validation
2038,validation
1085,validation
29817,validation
15704,validation
14305,validation
11916,validation
19617,validation
2391,validation
19707,validation
6204,validation
4144,validation
1370,validation
23717,validation
27996,validation
27297,validation
2537,validation
10352,validation
28259,validation
3736,validation
15202,validation
14877,validation
9789,validation
16372,validation
10642,validation
6573,validation
7826,validation
9379,validation
11926,validation
21437,validation
25403,validation
18613,validation
8670,validation
1793,validation
13498,validation
26369,validation
25452,validation
19159,validation
17131,validation
25845,validation
2975,validation
25459,validation
7880,validation
16868,validation
2572,validation
18805,validation
25258,validation
27791,validation
19495,validation
17233,validation
1511,validation
3023,validation
24693,validation
4910,validation
6787,validation
23758,validation
22121,validation
17087,validation
7184,validation
1596,validation
25775,validation
17660,validation
13283,validation
11776,validation
2424,validation
1331,validation
2791,validation
14083,validation
24331,validation
9562,validation
7396,validation
19091,validation
26747,validation
2595,validation
9843,validation
20857,validation
24469,validation
2626,validation
11187,validation
3349,validation
8112,validation
6799,validation
21451,validation
2354,validation
21815,validation
13507,validation
24159,validation
23151,validation
22124,validation
4022,validation
13785,validation
988,validation
29298,validation
26399,validation
1808,validation
27923,validation
21939,validation
28125,validation
24431,validation
11952,validation
24979,validation
23881,validation
10171,validation
26684,validation
222,validation
18358,validation
13194,validation
5825,validation
3038,validation
28610,validation
25935,validation
7222,validation
10335,validation
4647,validation
28985,validation
15419,validation
12728,validation
22270,validation
22515,validation
13662,validation
5304,validation
31,validation
29789,validation
9537,validation
5727,validation
12753,validation
27199,validation
10336,validation
16179,validation
13560,validation
25207,validation
1647,validation
29068,validation
1611,validation
15768,validation
24336,validation
8828,validation
14982,validation
26562,validation
16972,validation
5362,validation
14472,validation
26249,validation
24991,validation
5026,validation
3739,validation
9163,validation
20057,validation
13593,validation
17736,validation
19290,validation
14365,validation
8333,validation
11618,validation
8163,validation
24685,validation
2049,validation
25842,validation
1470,validation
6836,validation
22562,validation
16501,validation
1454,validation
7815,validation
22036,validation
25781,validation
1433,validation
29796,validation
19836,validation
9231,validation
14456,validation
24394,validation
8137,validation
2539,validation
3900,validation
22807,validation
7377,validation
1326,validation
18508,validation
981,validation
18,validation
1555,validation
22537,validation
10470,validation
1333,validation
12888,validation
23545,validation
3767,validation
13691,validation
9758,validation
20881,validation
27479,validation
867,validation
29920,validation
9861,validation
4230,validation
16739,validation
16437,validation
28803,validation
1777,validation
24099,validation
20229,validation
12393,validation
19329,validation
14659,validation
24772,validation
21664,validation
13248,validation
753,validation
18019,validation
16624,validation
5937,validation
17921,validation
24861,validation
16537,validation
27354,validation
22931,validation
7019,validation
13165,validation
29998,validation
20244,validation
24007,validation
6327,validation
1760,validation
27470,validation
18739,validation
6639,validation
27124,validation
3506,validation
18938,validation
17632,validation
3613,validation
5656,validation
3507,validation
17280,validation
26599,validation
19605,validation
28197,validation
27406,validation
7434,validation
17203,validation
21585,validation
7506,validation
15512,validation
14436,validation
13690,validation
2007,validation
2514,validation
27735,validation
11452,validation
16699,validation
4497,validation
29848,validation
6221,validation
17532,validation
19460,validation
1253,validation
10472,validation
18314,validation
22362,validation
17366,validation
8177,validation
7572,validation
25529,validation
1411,validation
18381,validation
15459,validation
7157,validation
6375,validation
3534,validation
26352,validation
1774,validation
25876,validation
5719,validation
14116,validation
6392,validation
12523,validation
5834,validation
9815,validation
7183,validation
7623,validation
8544,validation
2121,validation
6682,validation
13500,validation
12159,validation
5102,validation
24535,validation
19588,validation
22853,validation
25512,validation
1627,validation
28549,validation
20194,validation
20719,validation
7920,validation
15948,validation
582,validation
21979,validation
20828,validation
8956,validation
20567,validation
22539,validation
7279,validation
6122,validation
21914,validation
6562,validation
18642,validation
4947,validation
4133,validation
20076,validation
1263,validation
18890,validation
9320,validation
19499,validation
18128,validation
29194,validation
23543,validation
19823,validation
13798,validation
26314,validation
22082,validation
19108,validation
9277,validation
14037,validation
17850,validation
29133,validation
14141,validation
7249,validation
6994,validation
21427,validation
18810,validation
3547,validation
20183,validation
9421,validation
23757,validation
3161,validation
24205,validation
14495,validation
21430,validation
1392,validation
20617,validation
16053,validation
12180,validation
5077,validation
7483,validation
6153,validation
23725,validation
16565,validation
16467,validation
1104,validation
11339,validation
12367,validation
18861,validation
9247,validation
9870,validation
19171,validation
2280,validation
25654,validation
7196,validation
14084,validation
11867,validation
29516,validation
1519,validation
22209,validation
11560,validation
25435,validation
550,validation
7531,validation
29026,validation
18261,validation
1712,validation
23823,validation
14868,validation
9484,validation
5014,validation
12107,validation
7764,validation
20449,validation
5924,validation
1560,validation
6648,validation
18334,validation
25955,validation
2599,validation
25862,validation
7166,validation
22895,validation
20442,validation
9487,validation
27292,validation
8104,validation
19570,validation
26528,validation
6121,validation
2990,validation
770,validation
18054,validation
21097,validation
2681,validation
29197,validation
24808,validation
6513,validation
16217,validation
1514,validation
12987,validation
20004,validation
19590,validation
9445,validation
4079,validation
9322,validation
20316,validation
21289,validation
2873,validation
22414,validation
8111,validation
1214,validation
26388,validation
6743,validation
16886,validation
29955,validation
6522,validation
9699,validation
23999,validation
8467,validation
10655,validation
9576,validation
15687,validation
16759,validation
19956,validation
6465,validation
17666,validation
2340,validation
28144,validation
25976,validation
28978,validation
21005,validation
13085,validation
8479,validation
26014,validation
15238,validation
23298,validation
20834,validation
11550,validation
26734,validation
26091,validation
3605,validation
29400,validation
17351,validation
12268,validation
26513,validation
1432,validation
19629,validation
2083,validation
19326,validation
20652,validation
23634,validation
27655,validation
9832,validation
3806,validation
18549,validation
20038,validation
3892,validation
4989,validation
12334,validation
2672,validation
21216,validation
3600,validation
27827,validation
24430,validation
7745,validation
11767,validation
23502,validation
22858,validation
20729,validation
29753,validation
12972,validation
25906,validation
2372,validation
1671,validation
20801,validation
17856,validation
15502,validation
22131,validation
15283,validation
3027,validation
312,validation
25977,validation
4916,validation
1725,validation
693,validation
8081,validation
14219,validation
27505,validation
23920,validation
196,validation
13939,validation
3314,validation
24473,validation
21307,validation
26696,validation
4012,validation
6802,validation
4698,validation
8217,validation
11657,validation
7962,validation
5979,validation
11855,validation
10523,validation
12826,validation
7816,validation
16008,validation
18643,validation
16776,validation
5443,validation
5950,validation
5042,validation
14133,validation
13357,validation
2404,validation
7488,validation
21703,validation
19114,validation
24591,validation
22078,validation
4124,validation
4691,validation
10298,validation
19126,validation
14685,validation
8589,validation
5737,validation
12014,validation
9530,validation
7503,validation
19850,validation
22126,validation
19832,validation
27783,validation
13046,validation
18323,validation
17463,validation
16647,validation
18373,validation
25829,validation
28585,validation
17009,validation
14985,validation
2913,validation
17890,validation
16134,validation
29984,validation
29715,validation
29503,validation
13996,validation
19342,validation
601,validation
26155,validation
28033,validation
3025,validation
19550,validation
14847,validation
25327,validation
22223,validation
16578,validation
24522,validation
4169,validation
17398,validation
14047,validation
13298,validation
19385,validation
19363,validation
27778,validation
19857,validation
25643,validation
16784,validation
29407,validation
13038,validation
24203,validation
22879,validation
8026,validation
10081,validation
2132,validation
19139,validation
13258,validation
11538,validation
5747,validation
623,validation
10543,validation
8474,validation
24334,validation
19821,validation
19759,validation
23632,validation
28870,validation
7028,validation
15636,validation
29886,validation
22817,validation
13061,validation
174,validation
23106,validation
25432,validation
22681,validation
13105,validation
7999,validation
26087,validation
6487,validation
26877,validation
7867,validation
13940,validation
4629,validation
17950,validation
14272,validation
5082,validation
6618,validation
2561,validation
4627,validation
9579,validation
5714,validation
2661,validation
23769,validation
21522,validation
29748,validation
10504,validation
19313,validation
928,validation
14414,validation
24460,validation
11646,validation
14579,validation
1897,validation
2558,validation
10506,validation
5600,validation
450,validation
1183,validation
10037,validation
9900,validation
19440,validation
6432,validation
7650,validation
23255,validation
11280,validation
4747,validation
8193,validation
24702,validation
15644,validation
10453,validation
14169,validation
20469,validation
2646,validation
4740,validation
15781,validation
13949,validation
3802,validation
7408,validation
10446,validation
19901,validation
11127,validation
9069,validation
16863,validation
16010,validation
21294,validation
17476,validation
29202,validation
18842,validation
8392,validation
22467,validation
21433,validation
15341,validation
28912,validation
5282,validation
19602,validation
19621,validation
28407,validation
15450,validation
19659,validation
5767,validation
28913,validation
17284,validation
5562,validation
10497,validation
7601,validation
23328,validation
13521,validation
2991,validation
14286,validation
13053,validation
20432,validation
2837,validation
26426,validation
17025,validation
13472,validation
9901,validation
28786,validation
1344,validation
26404,validation
24758,validation
28280,validation
7345,validation
21092,validation
8382,validation
417,validation
24950,validation
12582,validation
29657,validation
8014,validation
7179,validation
22551,validation
26340,validation
21692,validation
7975,validation
17220,validation
23738,validation
15914,validation
29973,validation
26020,validation
20314,validation
18555,validation
17026,validation
21924,validation
1171,validation
23214,validation
20506,validation
11930,validation
8961,validation
21652,validation
26283,validation
23165,validation
8746,validation
25892,validation
1747,validation
11254,validation
9437,validation
7861,validation
16637,validation
12235,validation
29163,validation
5939,validation
1098,validation
27007,validation
22192,validation
1807,validation
10188,validation
8842,validation
12777,validation
13806,validation
13923,validation
24482,validation
19437,validation
9993,validation
27790,validation
10010,validation
7496,validation
28965,validation
703,validation
11023,validation
27614,validation
12737,validation
28670,validation
8814,validation
12882,validation
4447,validation
15589,validation
10589,validation
10923,validation
27878,validation
13959,validation
21017,validation
8501,validation
11232,validation
23093,validation
340,validation
19470,validation
8931,validation
4181,validation
20227,validation
29104,validation
26615,validation
4919,validation
22243,validation
21435,validation
17901,validation
17841,validation
21880,validation
26335,validation
19172,validation
18259,validation
12898,validation
4203,validation
9259,validation
6588,validation
29952,validation
18836,validation
3248,validation
3035,validation
18991,validation
9149,validation
10275,validation
9838,validation
23382,validation
22956,validation
20196,validation
11305,validation
24697,validation
13580,validation
8395,validation
184,validation
28192,validation
2061,validation
6260,validation
24933,validation
27540,validation
26987,validation
25759,validation
17763,validation
29875,validation
22130,validation
1875,validation
28222,validation
28459,validation
1153,validation
24814,validation
27490,validation
25762,validation
7264,validation
21650,validation
12376,validation
10985,validation
9922,validation
28277,validation
1102,validation
4841,validation
16029,validation
10291,validation
463,validation
3476,validation
12036,validation
9660,validation
27965,validation
26682,validation
16130,validation
21288,validation
2726,validation
89,validation
19949,validation
18411,validation
2749,validation
29403,validation
1919,validation
9060,validation
20007,validation
17279,validation
12453,validation
11805,validation
14228,validation
5617,validation
21874,validation
4512,validation
2087,validation
23645,validation
28349,validation
22203,validation
8161,validation
16939,validation
1277,validation
19917,validation
27963,validation
11163,validation
16794,validation
1556,validation
17088,validation
6010,validation
24461,validation
23952,validation
6404,validation
2919,validation
18869,validation
447,validation
23285,validation
19507,validation
19641,validation
23845,validation
16076,validation
26240,validation
6512,validation
9643,validation
28476,validation
15855,validation
1092,validation
13972,validation
3936,validation
11869,validation
14284,validation
29765,validation
4405,validation
25412,validation
16605,validation
5563,validation
17047,validation
28270,validation
4790,validation
26139,validation
24472,validation
20543,validation
5678,validation
29453,validation
16693,validation
19894,validation
15534,validation
18782,validation
18082,validation
26172,validation
20022,validation
14949,validation
28508,validation
4420,validation
1400,validation
28409,validation
22275,validation
27129,validation
8837,validation
4694,validation
14538,validation
20733,validation
19674,validation
1914,validation
20463,validation
568,validation
10026,validation
25254,validation
11605,validation
18501,validation
28092,validation
24273,validation
23526,validation
16061,validation
15547,validation
7629,validation
17630,validation
16341,validation
23974,validation
26809,validation
3730,validation
28686,validation
8423,validation
2400,validation
29360,validation
11309,validation
21759,validation
14156,validation
23559,validation
10181,validation
11090,validation
3042,validation
24815,validation
17579,validation
19201,validation
23490,validation
14776,validation
7559,validation
4311,validation
28024,validation
23606,validation
6900,validation
24184,validation
4855,validation
10785,validation
7129,validation
1937,validation
24188,validation
16769,validation
27196,validation
29586,validation
2591,validation
1673,validation
26393,validation
12308,validation
29490,validation
19986,validation
10143,validation
591,validation
17414,validation
28154,validation
15552,validation
1850,validation
3771,validation
6210,validation
20627,validation
2380,validation
17634,validation
7050,validation
29379,validation
15850,validation
1459,validation
20809,validation
26317,validation
26310,validation
14160,validation
11033,validation
24780,validation
28018,validation
21034,validation
20907,validation
397,validation
7100,validation
16120,validation
18058,validation
8517,validation
14582,validation
5660,validation
16927,validation
17297,validation
4509,validation
16918,validation
9696,validation
24598,validation
9067,validation
6740,validation
16553,validation
22040,validation
25933,validation
13868,validation
11836,validation
14887,validation
14355,validation
17752,validation
19677,validation
11143,validation
11195,validation
7995,validation
7104,validation
23547,validation
16002,validation
8792,validation
12403,validation
29625,validation
16532,validation
21728,validation
3971,validation
15745,validation
25184,validation
22885,validation
18554,validation
24023,validation
11495,validation
20630,validation
17072,validation
11040,validation
17656,validation
29050,validation
6184,validation
15598,validation
16635,validation
21738,validation
15814,validation
27082,validation
18047,validation
20071,validation
5251,validation
23567,validation
21405,validation
2583,validation
26185,validation
7842,validation
28030,validation
24004,validation
18602,validation
4548,validation
23335,validation
14491,validation
16465,validation
10241,validation
123,validation
18087,validation
15954,validation
5858,validation
442,validation
2324,validation
5063,validation
24253,validation
5049,validation
27726,validation
18327,validation
15026,validation
18111,validation
6405,validation
26862,validation
7828,validation
775,validation
3939,validation
16464,validation
7365,validation
8286,validation
1307,validation
1404,validation
9435,validation
27879,validation
24300,validation
13744,validation
9355,validation
346,validation
19492,validation
6531,validation
4770,validation
16453,validation
16992,validation
27104,validation
19317,validation
2059,validation
29138,validation
19404,validation
22810,validation
29487,validation
13164,validation
11750,validation
15032,validation
8416,validation
663,validation
2288,validation
25655,validation
26534,validation
23548,validation
12448,validation
21114,validation
10587,validation
14247,validation
23305,validation
2033,validation
9409,validation
17834,validation
25028,validation
24294,validation
11295,validation
18242,validation
7944,validation
9772,validation
16187,validation
18967,validation
15394,validation
13525,validation
22238,validation
5204,validation
23491,validation
27192,validation
16787,validation
22831,validation
18953,validation
14502,validation
10936,validation
1429,validation
3364,validation
9650,validation
26714,validation
24942,validation
460,validation
8718,validation
10358,validation
6707,validation
12110,validation
5654,validation
4271,validation
10222,validation
2420,validation
14393,validation
8184,validation
12217,validation
3647,validation
19663,validation
16838,validation
26311,validation
19864,validation
16481,validation
3549,validation
3918,validation
12224,validation
258,validation
20878,validation
11904,validation
19630,validation
11161,validation
24521,validation
9444,validation
7966,validation
10210,validation
3984,validation
22169,validation
14518,validation
14880,validation
2663,validation
13642,validation
28791,validation
3857,validation
292,validation
4727,validation
3623,validation
27391,validation
16210,validation
7799,validation
28320,validation
4525,validation
27706,validation
10974,validation
27025,validation
19939,validation
822,validation
1086,validation
245,validation
13589,validation
1312,validation
2438,validation
3308,validation
17565,validation
7430,validation
1754,validation
26197,validation
325,validation
28172,validation
23664,validation
13338,validation
6557,validation
14114,validation
15140,validation
1059,validation
1471,validation
17189,validation
24715,validation
4082,validation
5189,validation
14923,validation
7732,validation
24474,validation
12307,validation
6383,validation
7688,validation
2452,validation
8954,validation
11168,validation
1144,validation
21594,validation
7440,validation
9768,validation
29666,validation
3105,validation
25817,validation
10888,validation
22340,validation
13331,validation
3072,validation
21125,validation
11497,validation
29892,validation
2548,validation
27357,validation
19705,validation
15488,validation
22023,validation
13977,validation
4835,validation
140,validation
19538,validation
21691,validation
17447,validation
26065,validation
6468,validation
2002,validation
4391,validation
7074,validation
17755,validation
6460,validation
4453,validation
6585,validation
19273,validation
28229,validation
18734,validation
14650,validation
28180,validation
25035,validation
1991,validation
3200,validation
27178,validation
10286,validation
11744,validation
26506,validation
9811,validation
25087,validation
23089,validation
9866,validation
15477,validation
13041,validation
5289,validation
12001,validation
6380,validation
23719,validation
4408,validation
17988,validation
17289,validation
23897,validation
10435,validation
17633,validation
21711,validation
9608,validation
29341,validation
10028,validation
4763,validation
21172,validation
14783,validation
796,validation
11795,validation
10509,validation
12721,validation
9956,validation
22210,validation
10131,validation
22998,validation
6113,validation
5132,validation
13999,validation
12148,validation
5076,validation
20457,validation
22899,validation
21361,validation
3467,validation
9829,validation
12866,validation
1887,validation
11002,validation
3975,validation
27509,validation
14062,validation
9211,validation
708,validation
27720,validation
6718,validation
3940,validation
17261,validation
24490,validation
4393,validation
13844,validation
27410,validation
16557,validation
9124,validation
19888,validation
28126,validation
4702,validation
21402,validation
4465,validation
15718,validation
9453,validation
3071,validation
12248,validation
27158,validation
20167,validation
22834,validation
7793,validation
26164,validation
25764,validation
13007,validation
17794,validation
6193,validation
22745,validation
24680,validation
20852,validation
17811,validation
24,validation
17710,validation
2889,validation
16536,validation
11190,validation
14611,validation
7327,validation
1419,validation
19619,validation
7210,validation
4674,validation
13427,validation
4402,validation
16083,validation
25505,validation
21431,validation
20269,validation
4941,validation
7026,validation
19608,validation
26256,validation
6484,validation
22609,validation
10424,validation
6691,validation
15555,validation
7063,validation
27152,validation
11053,validation
28436,validation
6159,validation
17460,validation
5028,validation
28402,validation
14057,validation
22772,validation
7521,validation
6625,validation
18712,validation
17164,validation
6863,validation
3026,validation
16184,validation
17717,validation
15597,validation
18202,validation
20058,validation
29926,validation
12122,validation
25444,validation
26788,validation
9193,validation
9302,validation
25934,validation
21698,validation
22066,validation
19024,validation
18988,validation
15268,validation
25483,validation
700,validation
1484,validation
9009,validation
11809,validation
27507,validation
6358,validation
14342,validation
20340,validation
11917,validation
12124,validation
14384,validation
29522,validation
5442,validation
8621,validation
8251,validation
18592,validation
27680,validation
25877,validation
878,validation
6249,validation
23844,validation
14892,validation
13462,validation
29510,validation
9296,validation
2468,validation
11577,validation
4388,validation
27719,validation
4894,validation
14574,validation
9582,validation
27892,validation
12157,validation
17007,validation
6892,validation
6018,validation
19767,validation
29417,validation
28527,validation
3138,validation
19175,validation
9224,validation
13391,validation
336,validation
4679,validation
20135,validation
8747,validation
15709,validation
8484,validation
26614,validation
5453,validation
26093,validation
21246,validation
12063,validation
662,validation
21505,validation
125,validation
14252,validation
15530,validation
23744,validation
29244,validation
23454,validation
4111,validation
29337,validation
6014,validation
29052,validation
2305,validation
2967,validation
8846,validation
29389,validation
3638,validation
26578,validation
16631,validation
13123,validation
24899,validation
19731,validation
15862,validation
15148,validation
4642,validation
11337,validation
14144,validation
11450,validation
20256,validation
12010,validation
9118,validation
19721,validation
27984,validation
9081,validation
9976,validation
7987,validation
20634,validation
5906,validation
5258,validation
17392,validation
4032,validation
7534,validation
29846,validation
25456,validation
14361,validation
29827,validation
6413,validation
5141,validation
24932,validation
2346,validation
3490,validation
23,validation
16036,validation
27167,validation
8073,validation
24025,validation
1779,validation
10751,validation
20666,validation
27807,validation
22586,validation
16247,validation
28536,validation
13051,validation
18119,validation
14769,validation
12344,validation
7482,validation
15921,validation
17427,validation
25120,validation
18537,validation
18198,validation
15248,validation
20986,validation
25284,validation
10191,validation
22544,validation
22003,validation
16809,validation
29198,validation
10112,validation
25773,validation
7819,validation
22230,validation
24296,validation
21543,validation
10434,validation
2937,validation
15893,validation
25188,validation
831,validation
25048,validation
6259,validation
22758,validation
23598,validation
21316,validation
28651,validation
29885,validation
11367,validation
14596,validation
3289,validation
5976,validation
10152,validation
9979,validation
5965,validation
6570,validation
27046,validation
21354,validation
12196,validation
8222,validation
24366,validation
7670,validation
9547,validation
18595,validation
21159,validation
16746,validation
3394,validation
17167,validation
11468,validation
19456,validation
9674,validation
12037,validation
21792,validation
29706,validation
14287,validation
4699,validation
5210,validation
5532,validation
3612,validation
7900,validation
29273,validation
15436,validation
25029,validation
4333,validation
29036,validation
26986,validation
12556,validation
25516,validation
8503,validation
23140,validation
1434,validation
12091,validation
11892,validation
25548,validation
945,validation
9040,validation
16560,validation
14147,validation
21496,validation
2263,validation
20029,validation
29668,validation
19116,validation
26698,validation
24493,validation
8001,validation
14397,validation
18483,validation
3316,validation
9398,validation
4592,validation
11436,validation
15038,validation
3373,validation
21352,validation
18933,validation
18250,validation
9560,validation
7216,validation
3359,validation
28343,validation
10645,validation
11645,validation
29961,validation
11110,validation
3850,validation
18008,validation
10929,validation
27583,validation
13016,validation
21651,validation
4045,validation
21078,validation
11682,validation
7912,validation
11947,validation
24511,validation
8305,validation
12136,validation
19684,validation
25936,validation
27312,validation
26194,validation
24326,validation
18669,validation
14508,validation
23075,validation
9198,validation
23729,validation
11102,validation
28994,validation
26988,validation
10253,validation
20149,validation
11379,validation
5907,validation
25316,validation
23453,validation
24158,validation
13471,validation
10719,validation
19730,validation
2704,validation
10609,validation
25352,validation
12170,validation
16539,validation
18361,validation
7479,validation
15648,validation
1663,validation
28824,validation
28974,validation
9858,validation
8949,validation
4570,validation
9280,validation
13420,validation
21869,validation
16145,validation
980,validation
3522,validation
1568,validation
5237,validation
293,validation
14909,validation
2867,validation
15574,validation
18850,validation
20496,validation
7655,validation
15115,validation
9880,validation
23806,validation
20179,validation
4327,validation
847,validation
25228,validation
6658,validation
7858,validation
15297,validation
27977,validation
27301,validation
10967,validation
7484,validation
28475,validation
13466,validation
3164,validation
10860,validation
1510,validation
7236,validation
23568,validation
6163,validation
2447,validation
5130,validation
18414,validation
5225,validation
3300,validation
28586,validation
8472,validation
20537,validation
27723,validation
20678,validation
5711,validation
22941,validation
29137,validation
29783,validation
26963,validation
7537,validation
6459,validation
14744,validation
25103,validation
29294,validation
13187,validation
6297,validation
19792,validation
26611,validation
8535,validation
7165,validation
8244,validation
24954,validation
17751,validation
25952,validation
13611,validation
6500,validation
18152,validation
18806,validation
27331,validation
21272,validation
24518,validation
17383,validation
9746,validation
29971,validation
11291,validation
21123,validation
16570,validation
11615,validation
13774,validation
7012,validation
6393,validation
19151,validation
9071,validation
26674,validation
10480,validation
3519,validation
2668,validation
20188,validation
21945,validation
4800,validation
19031,validation
6845,validation
22912,validation
17898,validation
24642,validation
23223,validation
3271,validation
11616,validation
23121,validation
4923,validation
10821,validation
13764,validation
18968,validation
9308,validation
11261,validation
11066,validation
7882,validation
24765,validation
8672,validation
20199,validation
29470,validation
8215,validation
24930,validation
4490,validation
23919,validation
13005,validation
8452,validation
9131,validation
7588,validation
723,validation
28368,validation
24600,validation
23197,validation
29043,validation
2760,validation
3877,validation
12601,validation
13358,validation
6874,validation
25638,validation
20965,validation
4242,validation
26042,validation
22706,validation
8248,validation
25600,validation
9803,validation
23082,validation
26401,validation
11443,validation
13761,validation
9255,validation
15067,validation
13712,validation
14756,validation
5084,validation
11415,validation
16905,validation
21053,validation
3496,validation
29501,validation
12232,validation
24541,validation
13826,validation
18562,validation
11457,validation
9716,validation
8263,validation
11516,validation
10491,validation
11517,validation
17389,validation
9486,validation
20518,validation
13975,validation
13884,validation
4317,validation
17244,validation
20476,validation
27542,validation
444,validation
1293,validation
14024,validation
13755,validation
18791,validation
24428,validation
16057,validation
7150,validation
8443,validation
7535,validation
25437,validation
29566,validation
25241,validation
4130,validation
27898,validation
22844,validation
5466,validation
21382,validation
15607,validation
4643,validation
16805,validation
27028,validation
22015,validation
5876,validation
18343,validation
26009,validation
9781,validation
3378,validation
15318,validation
10748,validation
13887,validation
16626,validation
1152,validation
24740,validation
3108,validation
496,validation
16544,validation
29140,validation
15335,validation
13408,validation
6016,validation
23423,validation
26495,validation
29685,validation
6790,validation
25966,validation
20972,validation
21208,validation
9088,validation
12454,validation
9408,validation
27823,validation
24787,validation
758,validation
6912,validation
17608,validation
24270,validation
26040,validation
11800,validation
24282,validation
24063,validation
11276,validation
13778,validation
15168,validation
26079,validation
10683,validation
29671,validation
2961,validation
24085,validation
24367,validation
14992,validation
12075,validation
23688,validation
10580,validation
3320,validation
6533,validation
10626,validation
26815,validation
183,validation
10959,validation
2413,validation
17625,validation
6584,validation
10608,validation
7191,validation
11910,validation
22518,validation
3007,validation
3737,validation
7996,validation
25209,validation
17480,validation
18079,validation
18050,validation
4958,validation
21162,validation
1313,validation
7823,validation
11407,validation
17648,validation
19768,validation
9323,validation
11826,validation
19183,validation
2382,validation
10978,validation
16999,validation
29743,validation
9587,validation
21781,validation
9297,validation
6587,validation
13213,validation
11639,validation
719,validation
26961,validation
5771,validation
11461,validation
21856,validation
3181,validation
22268,validation
5905,validation
10463,validation
18103,validation
5474,validation
22976,validation
23627,validation
23166,validation
9534,validation
20940,validation
959,validation
15145,validation
9875,validation
21667,validation
5848,validation
22760,validation
16200,validation
4936,validation
18741,validation
12652,validation
6456,validation
4467,validation
380,validation
24486,validation
29914,validation
6502,validation
29941,validation
16950,validation
14320,validation
25838,validation
24033,validation
3377,validation
19445,validation
25957,validation
1320,validation
2691,validation
6957,validation
5538,validation
17377,validation
10144,validation
8219,validation
27251,validation
8335,validation
20583,validation
27594,validation
433,validation
7892,validation
12160,validation
23497,validation
19218,validation
13101,validation
18057,validation
15742,validation
2377,validation
7205,validation
12174,validation
19970,validation
14870,validation
13240,validation
24735,validation
11948,validation
11542,validation
9672,validation
18984,validation
19055,validation
29115,validation
18772,validation
12241,validation
22005,validation
15390,validation
13629,validation
29777,validation
1582,validation
27139,validation
12351,validation
29724,validation
27567,validation
18437,validation
11124,validation
11653,validation
7825,validation
28148,validation
23432,validation
17024,validation
26448,validation
8713,validation
12641,validation
15429,validation
5193,validation
14222,validation
3677,validation
19690,validation
28209,validation
22140,validation
19375,validation
19819,validation
11308,validation
4024,validation
2838,validation
6720,validation
22308,validation
11808,validation
768,validation
8261,validation
12062,validation
234,validation
13440,validation
8618,validation
26723,validation
12860,validation
10850,validation
28053,validation
19287,validation
13878,validation
7671,validation
19346,validation
23523,validation
4091,validation
24917,validation
13335,validation
2067,validation
14207,validation
10369,validation
24566,validation
2399,validation
12186,validation
20929,validation
29859,validation
16107,validation
13559,validation
28540,validation
698,validation
29164,validation
12615,validation
18934,validation
12490,validation
24079,validation
25191,validation
22068,validation
3979,validation
10052,validation
5468,validation
22021,validation
18360,validation
7781,validation
24984,validation
21775,validation
19856,validation
15570,validation
19978,validation
12113,validation
29535,validation
28341,validation
7148,validation
13059,validation
6681,validation
28696,validation
16559,validation
7329,validation
10433,validation
28086,validation
25521,validation
5306,validation
9709,validation
23790,validation
18371,validation
21042,validation
8405,validation
8267,validation
4845,validation
25288,validation
4162,validation
26676,validation
14085,validation
20422,validation
23925,validation
25203,validation
27445,validation
14045,validation
21723,validation
2138,validation
16031,validation
3723,validation
13333,validation
27386,validation
1286,validation
24284,validation
23225,validation
20614,validation
28488,validation
19219,validation
7805,validation
14785,validation
29767,validation
4371,validation
3630,validation
15567,validation
24495,validation
14345,validation
23137,validation
3141,validation
600,validation
5708,validation
406,validation
4591,validation
25579,validation
6219,validation
29357,validation
28340,validation
27048,validation
2096,validation
19798,validation
3732,validation
29469,validation
26863,validation
13718,validation
5610,validation
24000,validation
29673,validation
21525,validation
3929,validation
26133,validation
17369,validation
7325,validation
13035,validation
117,validation
28480,validation
13359,validation
11697,validation
1606,validation
28724,validation
16381,validation
25446,validation
25376,validation
25961,validation
3954,validation
3777,validation
22059,validation
28105,validation
26484,validation
22055,validation
23316,validation
15724,validation
6262,validation
19111,validation
14387,validation
29556,validation
8338,validation
23056,validation
23534,validation
18231,validation
22849,validation
8425,validation
8844,validation
6866,validation
4426,validation
4865,validation
13644,validation
7739,validation
6594,validation
16221,validation
18998,validation
18066,validation
25314,validation
26737,validation
5928,validation
29101,validation
17114,validation
8357,validation
10477,validation
14475,validation
21590,validation
24514,validation
16984,validation
14376,validation
28938,validation
19678,validation
17687,validation
5882,validation
29474,validation
14381,validation
23310,validation
14820,validation
19733,validation
3408,validation
3226,validation
26188,validation
4768,validation
18867,validation
18270,validation
7634,validation
15744,validation
114,validation
19858,validation
6344,validation
26875,validation
467,validation
14788,validation
1389,validation
26053,validation
18150,validation
10562,validation
19296,validation
13324,validation
8490,validation
21763,validation
2528,validation
23268,validation
27381,validation
2496,validation
7682,validation
18986,validation
8584,validation
26323,validation
21981,validation
21226,validation
23013,validation
16620,validation
22703,validation
28535,validation
23630,validation
17520,validation
2757,validation
22687,validation
11847,validation
15220,validation
9703,validation
17528,validation
21893,validation
20343,validation
22684,validation
24722,validation
29368,validation
18784,validation
5307,validation
9796,validation
9300,validation
11237,validation
15652,validation
27787,validation
16636,validation
21897,validation
7849,validation
12485,validation
14787,validation
23592,validation
2578,validation
29547,validation
1447,validation
19411,validation
6247,validation
21404,validation
12070,validation
6457,validation
3290,validation
14212,validation
13424,validation
7894,validation
25920,validation
14608,validation
13536,validation
1752,validation
15727,validation
25964,validation
7834,validation
6966,validation
26498,validation
24974,validation
14108,validation
19322,validation
3089,validation
12395,validation
193,validation
26673,validation
17830,validation
20134,validation
10988,validation
17451,validation
21187,validation
21105,validation
2692,validation
6899,validation
9636,validation
24257,validation
26411,validation
28889,validation
10054,validation
3665,validation
29585,validation
15857,validation
12231,validation
18717,validation
11273,validation
12712,validation
27002,validation
2792,validation
11746,validation
3680,validation
29135,validation
7030,validation
20119,validation
20082,validation
4023,validation
19377,validation
20294,validation
5194,validation
13880,validation
18487,validation
5658,validation
5329,validation
7940,validation
22423,validation
15192,validation
16062,validation
26176,validation
9850,validation
10039,validation
27597,validation
5381,validation
853,validation
20686,validation
39,validation
22134,validation
2654,validation
4463,validation
28785,validation
4836,validation
26140,validation
28396,validation
6627,validation
25828,validation
29700,validation
19381,validation
25217,validation
2107,validation
27240,validation
2521,validation
27557,validation
15047,validation
24446,validation
4127,validation
2017,validation
12427,validation
10578,validation
821,validation
28675,validation
16085,validation
26906,validation
23531,validation
9792,validation
21889,validation
2962,validation
7490,validation
10865,validation
19526,validation
7733,validation
4156,validation
17959,validation
8255,validation
26888,validation
16233,validation
14069,validation
27830,validation
18472,validation
23517,validation
9207,validation
23110,validation
10341,validation
12784,validation
19646,validation
17292,validation
14792,validation
12469,validation
5374,validation
3575,validation
5458,validation
21485,validation
18440,validation
25229,validation
25639,validation
955,validation
27341,validation
13289,validation
9272,validation
13395,validation
28358,validation
29002,validation
11155,validation
19160,validation
25440,validation
26542,validation
12514,validation
12557,validation
27590,validation
13763,validation
16458,validation
27413,validation
14987,validation
19386,validation
14139,validation
4925,validation
17725,validation
22991,validation
27306,validation
6683,validation
11249,validation
11274,validation
14431,validation
29110,validation
9076,validation
20396,validation
17051,validation
2004,validation
17321,validation
14846,validation
26289,validation
11197,validation
10990,validation
14539,validation
7350,validation
28583,validation
10763,validation
17722,validation
5009,validation
23410,validation
8047,validation
21978,validation
29803,validation
20035,validation
10891,validation
10232,validation
27576,validation
13301,validation
20295,validation
9730,validation
3371,validation
3505,validation
8442,validation
23512,validation
7468,validation
1767,validation
7600,validation
7051,validation
23266,validation
8762,validation
25823,validation
27821,validation
16109,validation
17419,validation
17501,validation
4306,validation
26876,validation
23665,validation
24827,validation
13114,validation
13618,validation
22132,validation
23772,validation
2948,validation
24786,validation
2166,validation
2084,validation
18936,validation
5274,validation
29999,validation
28744,validation
17586,validation
8274,validation
19968,validation
6726,validation
3755,validation
8917,validation
16854,validation
17502,validation
22224,validation
12859,validation
4983,validation
25123,validation
1422,validation
23693,validation
21549,validation
22284,validation
27416,validation
25439,validation
13252,validation
25623,validation
22698,validation
22229,validation
29424,validation
10908,validation
3447,validation
24783,validation
2717,validation
15619,validation
26960,validation
16268,validation
20032,validation
19182,validation
7896,validation
11199,validation
11884,validation
3651,validation
9214,validation
782,validation
2071,validation
18677,validation
15466,validation
4780,validation
8360,validation
29089,validation
26199,validation
18710,validation
11506,validation
12962,validation
22670,validation
23855,validation
1251,validation
13897,validation
13126,validation
3265,validation
18763,validation
29149,validation
14642,validation
22297,validation
26218,validation
17473,validation
9432,validation
285,validation
14872,validation
9292,validation
19320,validation
510,validation
6873,validation
25903,validation
23614,validation
19772,validation
21867,validation
8145,validation
10953,validation
5605,validation
26787,validation
12661,validation
6663,validation
1327,validation
18004,validation
1495,validation
25624,validation
15827,validation
19096,validation
2190,validation
23958,validation
23604,validation
1303,validation
1234,validation
7515,validation
10841,validation
18794,validation
15869,validation
23363,validation
25948,validation
4718,validation
27520,validation
25049,validation
3635,validation
29158,validation
28291,validation
20531,validation
2516,validation
1467,validation
1742,validation
4661,validation
7181,validation
22694,validation
12089,validation
9147,validation
20019,validation
21183,validation
14385,validation
915,validation
25389,validation
6850,validation
25112,validation
1628,validation
26748,validation
7109,validation
10968,validation
12098,validation
28646,validation
8097,validation
8794,validation
27473,validation
8758,validation
19786,validation
16762,validation
15049,validation
15432,validation
13089,validation
1531,validation
22840,validation
179,validation
1476,validation
6292,validation
12016,validation
28196,validation
11400,validation
24045,validation
4312,validation
11451,validation
14784,validation
12418,validation
15353,validation
17249,validation
18892,validation
233,validation
17674,validation
11119,validation
22318,validation
8987,validation
953,validation
17290,validation
2600,validation
23147,validation
28778,validation
13984,validation
19481,validation
26384,validation
28554,validation
21521,validation
14688,validation
2143,validation
1853,validation
18706,validation
7680,validation
14327,validation
29208,validation
16162,validation
10448,validation
23649,validation
1178,validation
1819,validation
25205,validation
14545,validation
22047,validation
28958,validation
17544,validation
9884,validation
10873,validation
18574,validation
4073,validation
26907,validation
24836,validation
24464,validation
6818,validation
16650,validation
6303,validation
10478,validation
18785,validation
2822,validation
11531,validation
9086,validation
14943,validation
5081,validation
17336,validation
6471,validation
14570,validation
14413,validation
5927,validation
9122,validation
7706,validation
29544,validation
25396,validation
25896,validation
14416,validation
9725,validation
16144,validation
2176,validation
24850,validation
12315,validation
28250,validation
21107,validation
24774,validation
18450,validation
24173,validation
27667,validation
21056,validation
5836,validation
14916,validation
13888,validation
17124,validation
1248,validation
19691,validation
9578,validation
5070,validation
8385,validation
5647,validation
5330,validation
25723,validation
28062,validation
24089,validation
29427,validation
20726,validation
25703,validation
24900,validation
22721,validation
9834,validation
17805,validation
4994,validation
2737,validation
10602,validation
27253,validation
24463,validation
20958,validation
26018,validation
7309,validation
3667,validation
1929,validation
10977,validation
27545,validation
11603,validation
13541,validation
15498,validation
162,validation
23978,validation
19016,validation
19834,validation
2359,validation
8023,validation
23295,validation
13144,validation
10425,validation
22750,validation
7485,validation
5342,validation
15008,validation
8518,validation
23279,validation
19660,validation
4993,validation
23700,validation
11206,validation
12031,validation
27476,validation
10679,validation
6895,validation
2941,validation
974,validation
21539,validation
21765,validation
8114,validation
2781,validation
20955,validation
4291,validation
9734,validation
29297,validation
22049,validation
4917,validation
5787,validation
10021,validation
14492,validation
15782,validation
5016,validation
14132,validation
4370,validation
9800,validation
12032,validation
24797,validation
11782,validation
20561,validation
3041,validation
17879,validation
15936,validation
26131,validation
3827,validation
19396,validation
11269,validation
28410,validation
12462,validation
11312,validation
20180,validation
25802,validation
26689,validation
9790,validation
16505,validation
12119,validation
3102,validation
7830,validation
13632,validation
16531,validation
17521,validation
17697,validation
16168,validation
16357,validation
24870,validation
25347,validation
3734,validation
3938,validation
21637,validation
14556,validation
7491,validation
348,validation
21644,validation
19142,validation
7043,validation
23552,validation
3753,validation
7075,validation
10069,validation
22120,validation
4316,validation
23648,validation
25253,validation
26266,validation
5614,validation
18187,validation
14445,validation
24665,validation
7251,validation
12187,validation
12207,validation
13329,validation
20703,validation
23103,validation
26052,validation
10835,validation
7645,validation
15015,validation
15578,validation
8555,validation
26264,validation
10681,validation
26157,validation
6822,validation
15584,validation
25700,validation
5926,validation
7705,validation
830,validation
28496,validation
23749,validation
632,validation
4608,validation
14636,validation
29508,validation
29696,validation
18031,validation
14695,validation
24142,validation
27117,validation
23209,validation
11991,validation
22981,validation
24843,validation
23188,validation
12244,validation
23472,validation
28897,validation
4278,validation
5814,validation
6180,validation
21965,validation
6022,validation
2146,validation
13571,validation
13072,validation
2739,validation
18859,validation
22889,validation
13832,validation
19959,validation
9442,validation
14155,validation
27968,validation
3327,validation
8883,validation
8782,validation
19891,validation
12657,validation
11933,validation
4325,validation
1859,validation
21948,validation
18055,validation
6929,validation
17712,validation
25009,validation
11586,validation
24590,validation
2160,validation
25018,validation
19638,validation
4475,validation
3825,validation
14968,validation
15331,validation
2441,validation
24639,validation
29667,validation
3352,validation
27102,validation
15716,validation
1601,validation
21779,validation
1110,validation
10510,validation
1592,validation
23566,validation
22542,validation
28113,validation
14998,validation
1530,validation
3477,validation
23976,validation
8761,validation
18331,validation
11770,validation
21372,validation
29881,validation
26945,validation
6424,validation
14639,validation
4543,validation
29855,validation
28563,validation
23162,validation
15476,validation
17996,validation
9419,validation
25384,validation
6831,validation
17465,validation
5861,validation
451,validation
14226,validation
1946,validation
27122,validation
23864,validation
17134,validation
4585,validation
9331,validation
23035,validation
16346,validation
8329,validation
29020,validation
23617,validation
23192,validation
25047,validation
29281,validation
9338,validation
3322,validation
28966,validation
25405,validation
11433,validation
15851,validation
23862,validation
19439,validation
3871,validation
13317,validation
18180,validation
24512,validation
7025,validation
4739,validation
24470,validation
28336,validation
29728,validation
29981,validation
11820,validation
15968,validation
18339,validation
7454,validation
17260,validation
9206,validation
18981,validation
14006,validation
25192,validation
3890,validation
28470,validation
20632,validation
13624,validation
23358,validation
9921,validation
27338,validation
4776,validation
14103,validation
6349,validation
29317,validation
5446,validation
718,validation
9632,validation
7312,validation
2794,validation
552,validation
11157,validation
24732,validation
1112,validation
20319,validation
20533,validation
18640,validation
25454,validation
18073,validation
15601,validation
9295,validation
3824,validation
10864,validation
9244,validation
20028,validation
23282,validation
14180,validation
19593,validation
9868,validation
8365,validation
1239,validation
24395,validation
17658,validation
16602,validation
16198,validation
20428,validation
18433,validation
22458,validation
19423,validation
6795,validation
17118,validation
6719,validation
27564,validation
11997,validation
24330,validation
1632,validation
29200,validation
25131,validation
3969,validation
26214,validation
2969,validation
23288,validation
4774,validation
24356,validation
4376,validation
15043,validation
19575,validation
22157,validation
9311,validation
28141,validation
87,validation
8153,validation
20838,validation
16388,validation
18183,validation
666,validation
1272,validation
2307,validation
21678,validation
1391,validation
12140,validation
14819,validation
24931,validation
23220,validation
24509,validation
1622,validation
12970,validation
17824,validation
26678,validation
3619,validation
20884,validation
7263,validation
18455,validation
12837,validation
8825,validation
18962,validation
24044,validation
26790,validation
8839,validation
5810,validation
17271,validation
18298,validation
26334,validation
3644,validation
29602,validation
5257,validation
8233,validation
22699,validation
22929,validation
27126,validation
20554,validation
25681,validation
26740,validation
25269,validation
16353,validation
26882,validation
23734,validation
1948,validation
5074,validation
5432,validation
13596,validation
18020,validation
27089,validation
10520,validation
17429,validation
19577,validation
16771,validation
20851,validation
26894,validation
14469,validation
22016,validation
6058,validation
13978,validation
3210,validation
8461,validation
18587,validation
15835,validation
28511,validation
26704,validation
19334,validation
18792,validation
24230,validation
18899,validation
14680,validation
20051,validation
18495,validation
17471,validation
22100,validation
21657,validation
5699,validation
29432,validation
9175,validation
24901,validation
6402,validation
10805,validation
22313,validation
388,validation
21242,validation
2825,validation
21134,validation
16199,validation
24835,validation
20590,validation
25135,validation
25441,validation
27388,validation
3937,validation
21570,validation
18431,validation
7398,validation
11612,validation
2168,validation
5753,validation
26154,validation
9914,validation
3902,validation
29894,validation
18382,validation
1733,validation
4561,validation
20714,validation
3415,validation
27500,validation
4832,validation
5650,validation
16263,validation
19473,validation
27584,validation
11142,validation
6313,validation
17827,validation
19476,validation
27768,validation
3452,validation
414,validation
13733,validation
2182,validation
24398,validation
20356,validation
28935,validation
27300,validation
17673,validation
21832,validation
29458,validation
16574,validation
17553,validation
24106,validation
5023,validation
28815,validation
5476,validation
14097,validation
23174,validation
7450,validation
12833,validation
20483,validation
9423,validation
5515,validation
20810,validation
3055,validation
5086,validation
6082,validation
14021,validation
21128,validation
26372,validation
23019,validation
2025,validation
22197,validation
26716,validation
16167,validation
13377,validation
17208,validation
14994,validation
22167,validation
1227,validation
13700,validation
24695,validation
7818,validation
19197,validation
24019,validation
17084,validation
26709,validation
8511,validation
6974,validation
23576,validation
13635,validation
9600,validation
7368,validation
12472,validation
20921,validation
15825,validation
13019,validation
20800,validation
1074,validation
22671,validation
2850,validation
26805,validation
24028,validation
1145,validation
22084,validation
12447,validation
22516,validation
76,validation
25146,validation
5726,validation
18740,validation
27759,validation
25073,validation
15997,validation
8216,validation
3493,validation
13432,validation
5426,validation
15991,validation
1986,validation
21170,validation
11501,validation
29605,validation
8880,validation
27076,validation
23506,validation
5242,validation
8150,validation
29456,validation
27360,validation
2891,validation
28481,validation
26263,validation
19033,validation
20202,validation
1506,validation
12460,validation
7918,validation
5900,validation
18520,validation
25216,validation
20293,validation
10365,validation
9529,validation
16892,validation
8515,validation
20056,validation
575,validation
25709,validation
21636,validation
1580,validation
23529,validation
20603,validation
8988,validation
15710,validation
11740,validation
7296,validation
27037,validation
694,validation
16366,validation
22926,validation
8643,validation
26756,validation
5153,validation
4167,validation
25582,validation
4112,validation
12407,validation
17570,validation
19228,validation
10354,validation
6911,validation
9232,validation
29727,validation
7361,validation
9616,validation
13692,validation
2451,validation
7695,validation
9568,validation
2995,validation
15763,validation
6918,validation
10538,validation
25539,validation
23605,validation
21831,validation
28049,validation
14347,validation
5741,validation
28660,validation
26781,validation
18666,validation
29644,validation
26559,validation
5167,validation
26501,validation
12468,validation
8576,validation
4460,validation
23668,validation
4200,validation
20752,validation
23885,validation
20502,validation
16745,validation
9599,validation
4599,validation
1848,validation
1489,validation
1449,validation
1478,validation
16821,validation
3278,validation
20012,validation
7189,validation
3234,validation
27285,validation
25944,validation
27409,validation
1523,validation
13381,validation
11569,validation
22815,validation
1700,validation
6631,validation
52,validation
16708,validation
17631,validation
17229,validation
1424,validation
25682,validation
21956,validation
21846,validation
27116,validation
11687,validation
4781,validation
3509,validation
26434,validation
3587,validation
21787,validation
2650,validation
12203,validation
10107,validation
12112,validation
14670,validation
15563,validation
21312,validation
26016,validation
6372,validation
28019,validation
10692,validation
22878,validation
5144,validation
6767,validation
14076,validation
742,validation
20402,validation
10489,validation
17058,validation
5514,validation
25369,validation
252,validation
8339,validation
13693,validation
9313,validation
10630,validation
4149,validation
28656,validation
4560,validation
5775,validation
26767,validation
4106,validation
19073,validation
25727,validation
23660,validation
15592,validation
4002,validation
15187,validation
29904,validation
18118,validation
28404,validation
20424,validation
27249,validation
20379,validation
8362,validation
20679,validation
14942,validation
4434,validation
8743,validation
28548,validation
3920,validation
16172,validation
25938,validation
11537,validation
27425,validation
26603,validation
17866,validation
22784,validation
8968,validation
20000,validation
19248,validation
29517,validation
16982,validation
12126,validation
1029,validation
23031,validation
12000,validation
17112,validation
12610,validation
28441,validation
10595,validation
22621,validation
9459,validation
909,validation
24234,validation
23678,validation
4973,validation
14481,validation
19698,validation
8979,validation
23144,validation
29588,validation
1943,validation
6844,validation
5371,validation
17499,validation
10641,validation
22353,validation
8735,validation
6576,validation
2798,validation
8188,validation
12127,validation
5628,validation
26656,validation
19378,validation
16871,validation
8482,validation
26848,validation
28537,validation
7698,validation
14310,validation
10749,validation
28244,validation
7876,validation
17506,validation
6258,validation
13751,validation
86,validation
24723,validation
26514,validation
12391,validation
12328,validation
9119,validation
12479,validation
16556,validation
8633,validation
15133,validation
2742,validation
10219,validation
13008,validation
520,validation
28711,validation
21081,validation
3935,validation
25970,validation
23111,validation
19397,validation
14762,validation
12687,validation
16500,validation
13160,validation
29807,validation
28428,validation
11893,validation
29199,validation
972,validation
25902,validation
25834,validation
8816,validation
25558,validation
10327,validation
22401,validation
19467,validation
12372,validation
6007,validation
25464,validation
22014,validation
4530,validation
22216,validation
18652,validation
3428,validation
23932,validation
1941,validation
19625,validation
18153,validation
16246,validation
16390,validation
27325,validation
2858,validation
19349,validation
23466,validation
7631,validation
17610,validation
17781,validation
17329,validation
24640,validation
9862,validation
4093,validation
21260,validation
12265,validation
16338,validation
17997,validation
10776,validation
27054,validation
613,validation
16193,validation
1044,validation
6116,validation
24443,validation
22200,validation
23135,validation
27544,validation
20377,validation
11422,validation
16674,validation
20060,validation
5326,validation
23248,validation
2344,validation
24123,validation
20016,validation
10638,validation
12185,validation
2211,validation
8790,validation
22258,validation
16801,validation
9594,validation
24055,validation
26669,validation
5196,validation
18561,validation
2812,validation
25821,validation
3090,validation
29725,validation
22948,validation
18676,validation
2495,validation
11427,validation
27039,validation
3267,validation
4114,validation
14903,validation
4373,validation
7322,validation
18924,validation
1188,validation
18729,validation
28493,validation
9042,validation
11851,validation
9260,validation
29016,validation
10519,validation
28706,validation
8110,validation
15431,validation
10709,validation
23848,validation
23473,validation
3808,validation
3358,validation
21266,validation
3556,validation
15433,validation
491,validation
29168,validation
27311,validation
19612,validation
7556,validation
14715,validation
14301,validation
1472,validation
3225,validation
24789,validation
24409,validation
3992,validation
7452,validation
8854,validation
22432,validation
10340,validation
28183,validation
22154,validation
892,validation
5136,validation
23393,validation
28784,validation
21830,validation
17675,validation
27639,validation
5302,validation
29264,validation
11047,validation
14512,validation
28273,validation
11876,validation
8609,validation
15005,validation
27350,validation
25211,validation
24408,validation
2351,validation
13010,validation
7192,validation
772,validation
3624,validation
11388,validation
26755,validation
2429,validation
1452,validation
28131,validation
2542,validation
9934,validation
7352,validation
9944,validation
14485,validation
25248,validation
2193,validation
17829,validation
26700,validation
15290,validation
10534,validation
8152,validation
3706,validation
22623,validation
11990,validation
26770,validation
24262,validation
3983,validation
9831,validation
26019,validation
14082,validation
26084,validation
28264,validation
13835,validation
18731,validation
23802,validation
12710,validation
13577,validation
6443,validation
29385,validation
20233,validation
1925,validation
26206,validation
13337,validation
84,validation
21109,validation
20318,validation
13296,validation
421,validation
22512,validation
24952,validation
26181,validation
22793,validation
7970,validation
4611,validation
4513,validation
1938,validation
15109,validation
15920,validation
29845,validation
13934,validation
22679,validation
5503,validation
19957,validation
24396,validation
24050,validation
25884,validation
9938,validation
7117,validation
17258,validation
24346,validation
15878,validation
15928,validation
7193,validation
12520,validation
8764,validation
29037,validation
9535,validation
16124,validation
1174,validation
28669,validation
14709,validation
18380,validation
18804,validation
20477,validation
8364,validation
6499,validation
13935,validation
15500,validation
16953,validation
16274,validation
21280,validation
23274,validation
15412,validation
18626,validation
20067,validation
19748,validation
20443,validation
24377,validation
17604,validation
26530,validation
13962,validation
289,validation
29600,validation
6466,validation
29645,validation
15695,validation
15194,validation
12730,validation
13403,validation
27592,validation
6851,validation
26529,validation
10537,validation
29227,validation
13456,validation
5447,validation
23055,validation
940,validation
8606,validation
5162,validation
24022,validation
13495,validation
14150,validation
14843,validation
16825,validation
28098,validation
4524,validation
21813,validation
10238,validation
1550,validation
28339,validation
27056,validation
12191,validation
12874,validation
7379,validation
324,validation
7111,validation
25543,validation
25716,validation
7115,validation
23261,validation
3307,validation
14344,validation
19997,validation
8705,validation
17264,validation
5216,validation
13413,validation
7388,validation
5427,validation
28466,validation
26666,validation
11017,validation
7330,validation
27600,validation
3681,validation
19597,validation
24994,validation
13417,validation
2172,validation
22625,validation
5050,validation
17605,validation
3542,validation
17372,validation
1373,validation
14550,validation
2035,validation
20320,validation
15550,validation
29324,validation
11173,validation
26115,validation
21423,validation
28507,validation
5482,validation
22217,validation
26981,validation
13024,validation
14948,validation
9290,validation
24960,validation
24859,validation
4810,validation
13599,validation
2241,validation
12729,validation
15252,validation
1710,validation
28982,validation
5826,validation
13149,validation
15804,validation
15278,validation
10740,validation
28810,validation
2925,validation
6532,validation
14462,validation
1996,validation
29938,validation
29154,validation
20690,validation
9474,validation
11406,validation
6605,validation
13330,validation
23913,validation
9424,validation
24327,validation
16593,validation
8021,validation
9751,validation
14321,validation
10802,validation
23347,validation
18475,validation
25501,validation
24770,validation
10949,validation
7340,validation
21168,validation
12631,validation
2378,validation
18219,validation
25434,validation
19138,validation
29472,validation
3570,validation
3480,validation
17524,validation
8390,validation
17037,validation
12013,validation
18002,validation
15841,validation
18012,validation
8302,validation
6191,validation
11306,validation
13796,validation
9869,validation
10633,validation
13671,validation
9749,validation
23045,validation
26045,validation
15856,validation
5957,validation
24382,validation
3798,validation
18823,validation
14315,validation
15063,validation
3082,validation
7845,validation
27075,validation
18728,validation
1508,validation
24489,validation
20549,validation
20725,validation
9018,validation
4102,validation
22294,validation
25022,validation
6220,validation
9958,validation
26743,validation
10036,validation
13476,validation
13215,validation
4482,validation
19098,validation
25091,validation
18304,validation
10604,validation
14647,validation
2545,validation
5479,validation
9156,validation
17030,validation
11522,validation
10245,validation
28647,validation
20166,validation
10096,validation
967,validation
10672,validation
7273,validation
16900,validation
25779,validation
16530,validation
10402,validation
19760,validation
20861,validation
24445,validation
11985,validation
1082,validation
22277,validation
28417,validation
11005,validation
22846,validation
4340,validation
12547,validation
26326,validation
21705,validation
8812,validation
29426,validation
23850,validation
24971,validation
29552,validation
14587,validation
5697,validation
14826,validation
26618,validation
4485,validation
22263,validation
5539,validation
10837,validation
22242,validation
3386,validation
16651,validation
2347,validation
8051,validation
12115,validation
4288,validation
19910,validation
18546,validation
9,validation
22474,validation
3432,validation
3599,validation
27006,validation
12204,validation
6843,validation
737,validation
19164,validation
2617,validation
1711,validation
11037,validation
3775,validation
28894,validation
25848,validation
7280,validation
3032,validation
7513,validation
24851,validation
28327,validation
29723,validation
22251,validation
2609,validation
10038,validation
6723,validation
9905,validation
13721,validation
16237,validation
11563,validation
1642,validation
731,validation
27114,validation
23832,validation
9158,validation
3603,validation
8626,validation
29606,validation
10408,validation
25487,validation
5333,validation
28980,validation
20203,validation
23426,validation
8965,validation
21275,validation
23428,validation
6539,validation
12675,validation
18287,validation
6281,validation
16220,validation
4008,validation
25061,validation
15153,validation
5069,validation
16933,validation
7832,validation
29049,validation
26971,validation
6984,validation
20751,validation
12496,validation
19673,validation
8572,validation
5597,validation
270,validation
20836,validation
23456,validation
11734,validation
3639,validation
10778,validation
194,validation
4859,validation
4628,validation
16337,validation
8590,validation
29662,validation
3865,validation
2097,validation
13321,validation
22603,validation
3713,validation
25214,validation
28272,validation
3155,validation
5475,validation
167,validation
16359,validation
6157,validation
22370,validation
4961,validation
24297,validation
21852,validation
27467,validation
11214,validation
11122,validation
4833,validation
24020,validation
17665,validation
17671,validation
12494,validation
28688,validation
10079,validation
17538,validation
588,validation
19036,validation
15111,validation
8798,validation
9573,validation
14588,validation
28168,validation
2786,validation
18099,validation
283,validation
13356,validation
16839,validation
21063,validation
16466,validation
7754,validation
9326,validation
29839,validation
24812,validation
27710,validation
17858,validation
6941,validation
14981,validation
8546,validation
5411,validation
11229,validation
20033,validation
7107,validation
7581,validation
29812,validation
21626,validation
15,validation
28076,validation
26836,validation
16443,validation
1069,validation
21643,validation
5045,validation
17422,validation
6096,validation
16291,validation
21931,validation
17276,validation
817,validation
7317,validation
13822,validation
11334,validation
9590,validation
8604,validation
25309,validation
8032,validation
5517,validation
1746,validation
12012,validation
20608,validation
9265,validation
20723,validation
6820,validation
7494,validation
13428,validation
10073,validation
9805,validation
20386,validation
2204,validation
26636,validation
27808,validation
21788,validation
19981,validation
17270,validation
22240,validation
14930,validation
14773,validation
21885,validation
2651,validation
11036,validation
13222,validation
25409,validation
6050,validation
14751,validation
2276,validation
25568,validation
28640,validation
1867,validation
29497,validation
22877,validation
24553,validation
1546,validation
20158,validation
4217,validation
8661,validation
8057,validation
12493,validation
19810,validation
26343,validation
21871,validation
19403,validation
23262,validation
7552,validation
16349,validation
21619,validation
26807,validation
4017,validation
20514,validation
19011,validation
13368,validation
556,validation
4188,validation
11609,validation
11679,validation
22630,validation
4128,validation
2613,validation
24252,validation
12100,validation
13199,validation
22342,validation
12223,validation
23820,validation
22310,validation
12005,validation
5623,validation
19544,validation
9708,validation
22165,validation
28940,validation
8749,validation
3565,validation
24776,validation
11830,validation
2018,validation
15929,validation
23740,validation
18385,validation
4604,validation
4378,validation
18154,validation
17704,validation
10838,validation
27084,validation
6544,validation
22559,validation
25126,validation
410,validation
25732,validation
8379,validation
12717,validation
24637,validation
17915,validation
23603,validation
15788,validation
1740,validation
23138,validation
4531,validation
18398,validation
19855,validation
18260,validation
21784,validation
371,validation
4043,validation
11170,validation
29348,validation
29494,validation
21069,validation
3243,validation
4987,validation
23195,validation
1491,validation
2142,validation
18884,validation
17908,validation
4176,validation
7520,validation
25668,validation
12681,validation
5433,validation
21466,validation
17692,validation
21822,validation
8896,validation
25301,validation
12517,validation
8228,validation
3800,validation
18446,validation
25262,validation
332,validation
17589,validation
8750,validation
1629,validation
10584,validation
25962,validation
6659,validation
23385,validation
11412,validation
20775,validation
27208,validation
24745,validation
4214,validation
6746,validation
13287,validation
29852,validation
660,validation
20777,validation
7687,validation
25168,validation
10235,validation
24074,validation
21304,validation
3150,validation
22859,validation
6216,validation
14635,validation
13168,validation
8027,validation
24668,validation
11986,validation
5500,validation
13523,validation
18037,validation
15199,validation
26491,validation
18204,validation
21276,validation
27303,validation
7852,validation
10150,validation
5604,validation
26370,validation
10159,validation
2741,validation
17966,validation
8543,validation
21484,validation
3356,validation
22199,validation
27154,validation
3483,validation
10496,validation
24481,validation
9545,validation
28829,validation
28694,validation
16431,validation
15243,validation
6290,validation
15611,validation
5526,validation
14035,validation
28458,validation
29590,validation
9345,validation
28662,validation
7244,validation
21327,validation
24283,validation
22845,validation
25468,validation
3228,validation
12093,validation
9116,validation
18529,validation
25170,validation
4323,validation
6910,validation
14389,validation
20384,validation
19465,validation
26544,validation
19722,validation
19040,validation
28928,validation
5936,validation
377,validation
19912,validation
23042,validation
5051,validation
8060,validation
18132,validation
29693,validation
25746,validation
3867,validation
12065,validation
5505,validation
7227,validation
9148,validation
28516,validation
25629,validation
16207,validation
27316,validation
26583,validation
15655,validation
16054,validation
17303,validation
1720,validation
2910,validation
28217,validation
24880,validation
14963,validation
28612,validation
1108,validation
25873,validation
25281,validation
21540,validation
10205,validation
26677,validation
6741,validation
16336,validation
3126,validation
8807,validation
20197,validation
14012,validation
27971,validation
25442,validation
3853,validation
25001,validation
20619,validation
15610,validation
28887,validation
10930,validation
9287,validation
17117,validation
28712,validation
300,validation
25636,validation
8172,validation
4644,validation
27903,validation
7141,validation
15413,validation
14370,validation
27678,validation
27693,validation
25557,validation
25949,validation
1011,validation
21054,validation
25731,validation
13134,validation
21483,validation
10654,validation
20849,validation
11966,validation
21828,validation
28798,validation
26136,validation
10938,validation
8911,validation
25204,validation
24380,validation
4146,validation
9668,validation
128,validation
21239,validation
707,validation
22300,validation
15114,validation
2770,validation
19586,validation
4814,validation
19862,validation
8168,validation
18994,validation
21747,validation
24816,validation
17149,validation
9174,validation
2772,validation
21666,validation
16421,validation
20594,validation
3333,validation
24567,validation
23260,validation
2152,validation
7932,validation
6601,validation
13699,validation
25702,validation
6348,validation
18338,validation
27282,validation
7522,validation
14697,validation
16370,validation
16758,validation
2486,validation
21457,validation
18492,validation
6575,validation
19002,validation
29449,validation
6964,validation
11251,validation
1655,validation
12961,validation
9262,validation
25099,validation
15963,validation
16817,validation
20975,validation
17170,validation
5094,validation
6897,validation
14395,validation
12325,validation
25149,validation
10646,validation
7500,validation
11247,validation
11449,validation
29521,validation
26159,validation
3111,validation
29995,validation
29917,validation
25736,validation
14258,validation
16780,validation
1210,validation
14110,validation
1019,validation
13848,validation
14719,validation
23190,validation
14178,validation
8996,validation
25840,validation
25138,validation
29410,validation
22405,validation
18448,validation
28757,validation
19087,validation
13582,validation
18797,validation
23354,validation
11180,validation
29414,validation
23156,validation
20160,validation
8603,validation
13294,validation
949,validation
27888,validation
25584,validation
3788,validation
5635,validation
3514,validation
10896,validation
8888,validation
9166,validation
23558,validation
14494,validation
22218,validation
7233,validation
15128,validation
16515,validation
8166,validation
15740,validation
4818,validation
18436,validation
20079,validation
5683,validation
7164,validation
10664,validation
13727,validation
6922,validation
29148,validation
23699,validation
23149,validation
14624,validation
9054,validation
27281,validation
18667,validation
4724,validation
8420,validation
15537,validation
10806,validation
9488,validation
27294,validation
25822,validation
6783,validation
23462,validation
24168,validation
21670,validation
12097,validation
6880,validation
7895,validation
13084,validation
22662,validation
28841,validation
26997,validation
27438,validation
17962,validation
17083,validation
23360,validation
12134,validation
175,validation
14094,validation
29627,validation
28318,validation
11064,validation
5114,validation
6091,validation
16873,validation
14020,validation
6183,validation
24086,validation
3526,validation
20936,validation
8929,validation
12129,validation
19039,validation
12042,validation
13524,validation
25250,validation
22329,validation
25004,validation
10531,validation
10910,validation
7951,validation
26332,validation
317,validation
25608,validation
9913,validation
6716,validation
21268,validation
26380,validation
15426,validation
9021,validation
13477,validation
28865,validation
24081,validation
18129,validation
22964,validation
29745,validation
7266,validation
10407,validation
10301,validation
15009,validation
26658,validation
3104,validation
8189,validation
16194,validation
28051,validation
16874,validation
13752,validation
18845,validation
3711,validation
11128,validation
12144,validation
27400,validation
12938,validation
5895,validation
20257,validation
15251,validation
23746,validation
25975,validation
14460,validation
26412,validation
9254,validation
21778,validation
16750,validation
18048,validation
23060,validation
12481,validation
13783,validation
19255,validation
29647,validation
28067,validation
29102,validation
18208,validation
8991,validation
26242,validation
24175,validation
8818,validation
24310,validation
11419,validation
19328,validation
26063,validation
2621,validation
14179,validation
20622,validation
21833,validation
14098,validation
15131,validation
4990,validation
14410,validation
13261,validation
4613,validation
25394,validation
15216,validation
11336,validation
5621,validation
3840,validation
10563,validation
18155,validation
2728,validation
18593,validation
11358,validation
1785,validation
3229,validation
2750,validation
10904,validation
20270,validation
26348,validation
2676,validation
16457,validation
12918,validation
21175,validation
25259,validation
14029,validation
13345,validation
667,validation
17039,validation
3848,validation
5620,validation
12536,validation
16598,validation
12886,validation
19622,validation
21271,validation
12084,validation
19523,validation
12998,validation
29011,validation
17580,validation
684,validation
28311,validation
26126,validation
3709,validation
15942,validation
7800,validation
1515,validation
2197,validation
12193,validation
1787,validation
26464,validation
28845,validation
27884,validation
16790,validation
25969,validation
24818,validation
18467,validation
15559,validation
3611,validation
11705,validation
19357,validation
7470,validation
9886,validation
10636,validation
23066,validation
17216,validation
14951,validation
28142,validation
4444,validation
17803,validation
8734,validation
2365,validation
2490,validation
11503,validation
17542,validation
2477,validation
2662,validation
15860,validation
16280,validation
11919,validation
3760,validation
29989,validation
1051,validation
29130,validation
11719,validation
24826,validation
25033,validation
25039,validation
14845,validation
14064,validation
604,validation
18632,validation
8951,validation
9120,validation
24768,validation
5609,validation
16581,validation
14302,validation
26898,validation
12654,validation
26569,validation
26791,validation
21770,validation
23930,validation
8687,validation
9595,validation
25495,validation
20528,validation
22521,validation
19687,validation
13348,validation
4236,validation
24536,validation
6408,validation
16713,validation
23697,validation
18548,validation
27952,validation
11533,validation
29278,validation
16363,validation
12900,validation
22172,validation
10196,validation
27045,validation
20747,validation
29290,validation
29301,validation
5212,validation
23546,validation
19446,validation
18907,validation
1581,validation
20534,validation
28482,validation
14569,validation
22949,validation
19053,validation
28422,validation
6154,validation
16319,validation
12758,validation
18026,validation
9706,validation
16802,validation
16183,validation
6326,validation
1431,validation
18972,validation
27978,validation
18505,validation
1545,validation
2060,validation
10473,validation
5085,validation
904,validation
11824,validation
20754,validation
26493,validation
19482,validation
15064,validation
26841,validation
15984,validation
25173,validation
19903,validation
4760,validation
24255,validation
15904,validation
20136,validation
12365,validation
10989,validation
23320,validation
17573,validation
28655,validation
29239,validation
23811,validation
15776,validation
1790,validation
18109,validation
6212,validation
21148,validation
18341,validation
17994,validation
2502,validation
10662,validation
11521,validation
10987,validation
12944,validation
1691,validation
20268,validation
9952,validation
7299,validation
26607,validation
26994,validation
3353,validation
18777,validation
9283,validation
16202,validation
19080,validation
4075,validation
29395,validation
29457,validation
2779,validation
22170,validation
7872,validation
7041,validation
22510,validation
28182,validation
26273,validation
8868,validation
12637,validation
17333,validation
13771,validation
10249,validation
5231,validation
16313,validation
19607,validation
23345,validation
22615,validation
3955,validation
27711,validation
23171,validation
9024,validation
13601,validation
23556,validation
1797,validation
6446,validation
5323,validation
